Motif Name,Consensus,P-value,Log P-value,q-value (Benjamini),# of Target Sequences with Motif(of 882),% of Target Sequences with Motif,# of Background Sequences with Motif(of 28652),% of Background Sequences with Motif
CHR(?)/Hela-CellCycle-Expression/Homer,SRGTTTCAAA,1.00E-03,-8.20E+00,0.1204,77,8.73%,1644.6,5.74%
CArG(MADS)/PUER-Srf-ChIP-Seq(Sullivan_et_al.)/Homer,CCATATATGGNM,1.00E-03,-7.59E+00,0.1204,56,6.35%,1127.6,3.93%
TEAD4(TEA)/Tropoblast-Tead4-ChIP-Seq(GSE37350)/Homer,CCWGGAATGY,1.00E-02,-5.69E+00,0.4942,121,13.72%,3066,10.70%
TEAD3(TEA)/HepG2-TEAD3-ChIP-Seq(Encode)/Homer,TRCATTCCAG,1.00E-02,-5.29E+00,0.5557,136,15.42%,3548.8,12.38%
TEAD1(TEAD)/HepG2-TEAD1-ChIP-Seq(Encode)/Homer,CYRCATTCCA,1.00E-02,-5.24E+00,0.5557,129,14.63%,3346.9,11.68%
Tcf21(bHLH)/ArterySmoothMuscle-Tcf21-ChIP-Seq(GSE61369)/Homer,NAACAGCTGG,1.00E-02,-5.21E+00,0.5557,161,18.25%,4302.8,15.02%
BHLHA15(bHLH)/NIH3T3-BHLHB8.HA-ChIP-Seq(GSE119782)/Homer,NAMCAGCTGK,1.00E-02,-5.18E+00,0.5557,195,22.11%,5333.8,18.61%
Znf263(Zf)/K562-Znf263-ChIP-Seq(GSE31477)/Homer,CVGTSCTCCC,1.00E-02,-4.75E+00,0.5557,394,44.67%,11634.4,40.60%
Hoxa9(Homeobox)/ChickenMSG-Hoxa9.Flag-ChIP-Seq(GSE86088)/Homer,RGCAATNAAA,1.00E-02,-4.70E+00,0.5557,295,33.45%,8501.4,29.67%
E2F3(E2F)/MEF-E2F3-ChIP-Seq(GSE71376)/Homer,BTKGGCGGGAAA,1.00E-02,-4.66E+00,0.5557,238,26.98%,6727.3,23.48%
En1(Homeobox)/SUM149-EN1-ChIP-Seq(GSE120957)/Homer,NDCTAATTAS,1.00E-01,-4.34E+00,0.5557,210,23.81%,5911.6,20.63%
Hoxa10(Homeobox)/ChickenMSG-Hoxa10.Flag-ChIP-Seq(GSE86088)/Homer,GGYAATGAAA,1.00E-01,-4.09E+00,0.6139,54,6.12%,1289,4.50%
PRDM1(Zf)/Hela-PRDM1-ChIP-Seq(GSE31477)/Homer,ACTTTCACTTTC,1.00E-01,-3.99E+00,0.6254,71,8.05%,1780.7,6.21%
"GATA(Zf),IR4/iTreg-Gata3-ChIP-Seq(GSE20898)/Homer",NAGATWNBNATCTNN,1.00E-01,-3.99E+00,0.6254,9,1.02%,124.1,0.43%
PRDM15(Zf)/ESC-Prdm15-ChIP-Seq(GSE73694)/Homer,YCCDNTCCAGGTTTT,1.00E-01,-3.80E+00,0.6573,165,18.71%,4610.5,16.09%
E2F1(E2F)/Hela-E2F1-ChIP-Seq(GSE22478)/Homer,CWGGCGGGAA,1.00E-01,-3.73E+00,0.6593,107,12.13%,2865.1,10.00%
Twist2(bHLH)/Myoblast-Twist2.Ty1-ChIP-Seq(GSE127998)/Homer,MCAGCTGBYH,1.00E-01,-3.66E+00,0.6652,231,26.19%,6673.9,23.29%
"Tbox:Smad(T-box,MAD)/ESCd5-Smad2_3-ChIP-Seq(GSE29422)/Homer",AGGTGHCAGACA,1.00E-01,-3.65E+00,0.6652,29,3.29%,631.5,2.20%
Unknown(Homeobox)/Limb-p300-ChIP-Seq/Homer,SSCMATWAAA,1.00E-01,-3.57E+00,0.6652,63,7.14%,1589.1,5.55%
E2F(E2F)/Hela-CellCycle-Expression/Homer,TTSGCGCGAAAA,1.00E-01,-3.45E+00,0.6971,28,3.17%,616.5,2.15%
Tcf12(bHLH)/GM12878-Tcf12-ChIP-Seq(GSE32465)/Homer,VCAGCTGYTG,1.00E-01,-3.31E+00,0.7629,173,19.61%,4932.3,17.21%
p53(p53)/Saos-p53-ChIP-Seq(GSE15780)/Homer,RRCATGYCYRGRCATGYYYN,1.00E-01,-3.31E+00,0.7629,12,1.36%,211.7,0.74%
p53(p53)/Saos-p53-ChIP-Seq/Homer,RRCATGYCYRGRCATGYYYN,1.00E-01,-3.31E+00,0.7629,12,1.36%,211.7,0.74%
TEAD(TEA)/Fibroblast-PU.1-ChIP-Seq(Unpublished)/Homer,YCWGGAATGY,1.00E-01,-3.31E+00,0.7629,72,8.16%,1877.2,6.55%
ZNF675(Zf)/HEK293-ZNF675.GFP-ChIP-Seq(GSE58341)/Homer,ARGAGGMCAAAATGW,1.00E-01,-3.27E+00,0.7629,19,2.15%,388.2,1.35%
Sox15(HMG)/CPA-Sox15-ChIP-Seq(GSE62909)/Homer,RAACAATGGN,1.00E-01,-3.17E+00,0.7629,113,12.81%,3118.5,10.88%
NeuroG2(bHLH)/Fibroblast-NeuroG2-ChIP-Seq(GSE75910)/Homer,ACCATCTGTT,1.00E-01,-3.17E+00,0.7629,190,21.54%,5484,19.14%
Hoxd11(Homeobox)/ChickenMSG-Hoxd11.Flag-ChIP-Seq(GSE86088)/Homer,VGCCATAAAA,1.00E-01,-3.15E+00,0.7629,224,25.40%,6547.3,22.85%
Nur77(NR)/K562-NR4A1-ChIP-Seq(GSE31363)/Homer,TGACCTTTNCNT,1.00E-01,-3.14E+00,0.7629,21,2.38%,447.4,1.56%
ZBTB18(Zf)/HEK293-ZBTB18.GFP-ChIP-Seq(GSE58341)/Homer,AACATCTGGA,1.00E-01,-3.11E+00,0.7629,71,8.05%,1869.4,6.52%
TATA-Box(TBP)/Promoter/Homer,CCTTTTAWAGSC,1.00E-01,-3.03E+00,0.7629,177,20.07%,5105,17.82%
E2F7(E2F)/Hela-E2F7-ChIP-Seq(GSE32673)/Homer,VDTTTCCCGCCA,1.00E-01,-2.99E+00,0.7629,57,6.46%,1471.5,5.14%
Hoxd10(Homeobox)/ChickenMSG-Hoxd10.Flag-ChIP-Seq(GSE86088)/Homer,GGCMATGAAA,1.00E-01,-2.86E+00,0.7629,106,12.02%,2950.3,10.30%
Ap4(bHLH)/AML-Tfap4-ChIP-Seq(GSE45738)/Homer,NAHCAGCTGD,1.00E-01,-2.84E+00,0.7629,185,20.98%,5388.6,18.80%
LRF(Zf)/Erythroblasts-ZBTB7A-ChIP-Seq(GSE74977)/Homer,AAGACCCYYN,1.00E-01,-2.83E+00,0.7629,346,39.23%,10484.1,36.59%
Gfi1b(Zf)/HPC7-Gfi1b-ChIP-Seq(GSE22178)/Homer,MAATCACTGC,1.00E-01,-2.72E+00,0.8025,90,10.20%,2485.6,8.67%
FoxD3(forkhead)/ZebrafishEmbryo-Foxd3.biotin-ChIP-seq(GSE106676)/Homer,TGTTTAYTTAGC,1.00E-01,-2.70E+00,0.8025,73,8.28%,1977.8,6.90%
LHX9(Homeobox)/Hct116-LHX9.V5-ChIP-Seq(GSE116822)/Homer,NGCTAATTAG,1.00E-01,-2.55E+00,0.9076,132,14.97%,3797.9,13.25%
Zic2(Zf)/ESC-Zic2-ChIP-Seq(SRP197560)/Homer,CHCAGCRGGRGG,1.00E-01,-2.55E+00,0.9076,111,12.59%,3151,11.00%
TCF4(bHLH)/SHSY5Y-TCF4-ChIP-Seq(GSE96915)/Homer,SMCATCTGKH,1.00E-01,-2.54E+00,0.9076,185,20.98%,5448.9,19.01%
DLX2(Homeobox)/BasalGanglia-Dlx2-ChIP-seq(GSE124936)/Homer,NNNTAATTAS,1.00E-01,-2.47E+00,0.9112,124,14.06%,3564.4,12.44%
"Pitx1:Ebox(Homeobox,bHLH)/Hindlimb-Pitx1-ChIP-Seq(GSE41591)/Homer",YTAATTRAWWCCAGATGT,1.00E-01,-2.46E+00,0.9112,16,1.81%,352,1.23%
CTCF-SatelliteElement(Zf?)/CD4+-CTCF-ChIP-Seq(Barski_et_al.)/Homer,TGCAGTTCCMVNWRTGGCCA,1.00E-01,-2.45E+00,0.9112,4,0.45%,52.6,0.18%
ZNF41(Zf)/HEK293-ZNF41.GFP-ChIP-Seq(GSE58341)/Homer,CCTCATGGTGYCYTWYTCCCTTGTG,1.00E-01,-2.32E+00,0.9871,5,0.57%,77.8,0.27%
SCL(bHLH)/HPC7-Scl-ChIP-Seq(GSE13511)/Homer,AVCAGCTG,1.00E-01,-2.31E+00,0.9871,556,63.04%,17434.1,60.84%
"PAX3:FKHR-fusion(Paired,Homeobox)/Rh4-PAX3:FKHR-ChIP-Seq(GSE19063)/Homer",ACCRTGACTAATTNN,1.00E+00,-2.25E+00,1,17,1.93%,390.5,1.36%
Zfp57(Zf)/H1-ZFP57.HA-ChIP-Seq(GSE115387)/Homer,NANTGCSGCA,1.00E+00,-2.20E+00,1,118,13.38%,3426.1,11.96%
ZNF652/HepG2-ZNF652.Flag-ChIP-Seq(Encode)/Homer,TTAACCCTTTVNKKN,1.00E+00,-2.17E+00,1,32,3.63%,823.8,2.87%
Six2(Homeobox)/NephronProgenitor-Six2-ChIP-Seq(GSE39837)/Homer,GWAAYHTGAKMC,1.00E+00,-2.15E+00,1,111,12.59%,3218.1,11.23%
Foxh1(Forkhead)/hESC-FOXH1-ChIP-Seq(GSE29422)/Homer,NNTGTGGATTSS,1.00E+00,-2.08E+00,1,56,6.35%,1546.9,5.40%
Nanog(Homeobox)/mES-Nanog-ChIP-Seq(GSE11724)/Homer,RGCCATTAAC,1.00E+00,-2.08E+00,1,446,50.57%,13911.2,48.55%
NF1(CTF)/LNCAP-NF1-ChIP-Seq(Unpublished)/Homer,CYTGGCABNSTGCCAR,1.00E+00,-2.00E+00,1,74,8.39%,2104.7,7.34%
Olig2(bHLH)/Neuron-Olig2-ChIP-Seq(GSE30882)/Homer,RCCATMTGTT,1.00E+00,-1.94E+00,1,212,24.04%,6435.4,22.46%
DLX1(Homeobox)/BasalGanglia-Dlx1-ChIP-seq(GSE124936)/Homer,NSNNTAATTA,1.00E+00,-1.92E+00,1,113,12.81%,3324.1,11.60%
ZNF165(Zf)/WHIM12-ZNF165-ChIP-Seq(GSE65937)/Homer,AAGGKGRCGCAGGCA,1.00E+00,-1.90E+00,1,33,3.74%,879.1,3.07%
p73(p53)/Trachea-p73-ChIP-Seq(PRJNA310161)/Homer,NRRRCAWGTCCDGRCATGYY,1.00E+00,-1.89E+00,1,7,0.79%,140.4,0.49%
Srebp2(bHLH)/HepG2-Srebp2-ChIP-Seq(GSE31477)/Homer,CGGTCACSCCAC,1.00E+00,-1.88E+00,1,23,2.61%,588.9,2.05%
"Pax8(Paired,Homeobox)/Thyroid-Pax8-ChIP-Seq(GSE26938)/Homer",GTCATGCHTGRCTGS,1.00E+00,-1.87E+00,1,53,6.01%,1483.1,5.18%
ZNF189(Zf)/HEK293-ZNF189.GFP-ChIP-Seq(GSE58341)/Homer,TGGAACAGMA,1.00E+00,-1.86E+00,1,116,13.15%,3429.2,11.97%
"Oct4(POU,Homeobox)/mES-Oct4-ChIP-Seq(GSE11431)/Homer",ATTTGCATAW,1.00E+00,-1.81E+00,1,38,4.31%,1038.9,3.63%
Hoxc9(Homeobox)/Ainv15-Hoxc9-ChIP-Seq(GSE21812)/Homer,GGCCATAAATCA,1.00E+00,-1.81E+00,1,42,4.76%,1159.5,4.05%
AMYB(HTH)/Testes-AMYB-ChIP-Seq(GSE44588)/Homer,TGGCAGTTGG,1.00E+00,-1.80E+00,1,198,22.45%,6028.4,21.04%
Hoxa11(Homeobox)/ChickenMSG-Hoxa11.Flag-ChIP-Seq(GSE86088)/Homer,TTTTATGGCM,1.00E+00,-1.78E+00,1,202,22.90%,6160.9,21.50%
Srebp1a(bHLH)/HepG2-Srebp1a-ChIP-Seq(GSE31477)/Homer,RTCACSCCAY,1.00E+00,-1.77E+00,1,28,3.17%,745.2,2.60%
NFY(CCAAT)/Promoter/Homer,RGCCAATSRG,1.00E+00,-1.76E+00,1,216,24.49%,6610.1,23.07%
Dlx3(Homeobox)/Kerainocytes-Dlx3-ChIP-Seq(GSE89884)/Homer,NDGTAATTAC,1.00E+00,-1.75E+00,1,48,5.44%,1348.3,4.71%
MyoD(bHLH)/Myotube-MyoD-ChIP-Seq(GSE21614)/Homer,RRCAGCTGYTSY,1.00E+00,-1.75E+00,1,129,14.63%,3862,13.48%
Sox6(HMG)/Myotubes-Sox6-ChIP-Seq(GSE32627)/Homer,CCATTGTTNY,1.00E+00,-1.73E+00,1,150,17.01%,4528,15.80%
Sp5(Zf)/mES-Sp5.Flag-ChIP-Seq(GSE72989)/Homer,RGKGGGCGGAGC,1.00E+00,-1.68E+00,1,488,55.33%,15402.8,53.75%
ZNF317(Zf)/HEK293-ZNF317.GFP-ChIP-Seq(GSE58341)/Homer,GTCWGCTGTYYCTCT,1.00E+00,-1.65E+00,1,12,1.36%,289.7,1.01%
Gata2(Zf)/K562-GATA2-ChIP-Seq(GSE18829)/Homer,BBCTTATCTS,1.00E+00,-1.65E+00,1,54,6.12%,1546.4,5.40%
Rfx6(HTH)/Min6b1-Rfx6.HA-ChIP-Seq(GSE62844)/Homer,TGTTKCCTAGCAACM,1.00E+00,-1.63E+00,1,188,21.32%,5755.1,20.08%
"bZIP:IRF(bZIP,IRF)/Th17-BatF-ChIP-Seq(GSE39756)/Homer",NAGTTTCABTHTGACTNW,1.00E+00,-1.58E+00,1,35,3.97%,976.8,3.41%
Smad3(MAD)/NPC-Smad3-ChIP-Seq(GSE36673)/Homer,TWGTCTGV,1.00E+00,-1.56E+00,1,401,45.46%,12619.4,44.04%
Smad4(MAD)/ESC-SMAD4-ChIP-Seq(GSE29422)/Homer,VBSYGTCTGG,1.00E+00,-1.52E+00,1,243,27.55%,7544.1,26.33%
Hoxd13(Homeobox)/ChickenMSG-Hoxd13.Flag-ChIP-Seq(GSE86088)/Homer,NCYAATAAAA,1.00E+00,-1.51E+00,1,131,14.85%,3979.6,13.89%
TEAD2(TEA)/Py2T-Tead2-ChIP-Seq(GSE55709)/Homer,CCWGGAATGY,1.00E+00,-1.51E+00,1,62,7.03%,1815.7,6.34%
MYNN(Zf)/HEK293-MYNN.eGFP-ChIP-Seq(Encode)/Homer,TTCAAAWTAAAAGTC,1.00E+00,-1.51E+00,1,20,2.27%,533.7,1.86%
Mef2a(MADS)/HL1-Mef2a.biotin-ChIP-Seq(GSE21529)/Homer,CYAAAAATAG,1.00E+00,-1.49E+00,1,36,4.08%,1018.1,3.55%
Gata4(Zf)/Heart-Gata4-ChIP-Seq(GSE35151)/Homer,NBWGATAAGR,1.00E+00,-1.44E+00,1,82,9.30%,2453.8,8.56%
E2F4(E2F)/K562-E2F4-ChIP-Seq(GSE31477)/Homer,GGCGGGAAAH,1.00E+00,-1.41E+00,1,179,20.29%,5532.1,19.31%
Stat3(Stat)/mES-Stat3-ChIP-Seq(GSE11431)/Homer,CTTCCGGGAA,1.00E+00,-1.39E+00,1,92,10.43%,2777.7,9.69%
NF-E2(bZIP)/K562-NFE2-ChIP-Seq(GSE31477)/Homer,GATGACTCAGCA,1.00E+00,-1.36E+00,1,7,0.79%,165.7,0.58%
"NFAT:AP1(RHD,bZIP)/Jurkat-NFATC1-ChIP-Seq(Jolma_et_al.)/Homer",SARTGGAAAAWRTGAGTCAB,1.00E+00,-1.36E+00,1,16,1.81%,428.7,1.50%
E2F6(E2F)/Hela-E2F6-ChIP-Seq(GSE31477)/Homer,GGCGGGAARN,1.00E+00,-1.35E+00,1,186,21.09%,5775.7,20.16%
Lhx3(Homeobox)/Neuron-Lhx3-ChIP-Seq(GSE31456)/Homer,ADBTAATTAR,1.00E+00,-1.35E+00,1,144,16.33%,4436.1,15.48%
RUNX-AML(Runt)/CD4+-PolII-ChIP-Seq(Barski_et_al.)/Homer,GCTGTGGTTW,1.00E+00,-1.32E+00,1,73,8.28%,2197,7.67%
Lhx2(Homeobox)/HFSC-Lhx2-ChIP-Seq(GSE48068)/Homer,TAATTAGN,1.00E+00,-1.31E+00,1,78,8.84%,2355.2,8.22%
RUNX(Runt)/HPC7-Runx1-ChIP-Seq(GSE22178)/Homer,SAAACCACAG,1.00E+00,-1.30E+00,1,81,9.18%,2452.8,8.56%
NF1-halfsite(CTF)/LNCaP-NF1-ChIP-Seq(Unpublished)/Homer,YTGCCAAG,1.00E+00,-1.29E+00,1,250,28.34%,7847,27.38%
AR-halfsite(NR)/LNCaP-AR-ChIP-Seq(GSE27824)/Homer,CCAGGAACAG,1.00E+00,-1.28E+00,1,436,49.43%,13861.5,48.37%
Sox4(HMG)/proB-Sox4-ChIP-Seq(GSE50066)/Homer,YCTTTGTTCC,1.00E+00,-1.27E+00,1,88,9.98%,2680.3,9.35%
"GATA(Zf),IR3/iTreg-Gata3-ChIP-Seq(GSE20898)/Homer",NNNNNBAGATAWYATCTVHN,1.00E+00,-1.24E+00,1,10,1.13%,260,0.91%
HEB(bHLH)/mES-Heb-ChIP-Seq(GSE53233)/Homer,VCAGCTGBNN,1.00E+00,-1.24E+00,1,278,31.52%,8767.1,30.59%
WT1(Zf)/Kidney-WT1-ChIP-Seq(GSE90016)/Homer,MCTCCCMCRCAB,1.00E+00,-1.24E+00,1,174,19.73%,5427.8,18.94%
STAT4(Stat)/CD4-Stat4-ChIP-Seq(GSE22104)/Homer,NYTTCCWGGAAR,1.00E+00,-1.23E+00,1,110,12.47%,3386.9,11.82%
"GATA3(Zf),DR8/iTreg-Gata3-ChIP-Seq(GSE20898)/Homer",AGATSTNDNNDSAGATAASN,1.00E+00,-1.20E+00,1,5,0.57%,117.1,0.41%
HIF2a(bHLH)/785_O-HIF2a-ChIP-Seq(GSE34871)/Homer,GCACGTACCC,1.00E+00,-1.19E+00,1,53,6.01%,1593.8,5.56%
Hoxa13(Homeobox)/ChickenMSG-Hoxa13.Flag-ChIP-Seq(GSE86088)/Homer,CYHATAAAAN,1.00E+00,-1.15E+00,1,201,22.79%,6321.7,22.06%
Foxf1(Forkhead)/Lung-Foxf1-ChIP-Seq(GSE77951)/Homer,WWATRTAAACAN,1.00E+00,-1.13E+00,1,64,7.26%,1952.6,6.81%
KLF14(Zf)/HEK293-KLF14.GFP-ChIP-Seq(GSE58341)/Homer,RGKGGGCGKGGC,1.00E+00,-1.13E+00,1,583,66.10%,18710.1,65.29%
DLX5(Homeobox)/BasalGanglia-Dlx5-ChIP-seq(GSE124936)/Homer,SSTAATTA,1.00E+00,-1.12E+00,1,58,6.58%,1765.2,6.16%
Unknown-ESC-element(?)/mES-Nanog-ChIP-Seq(GSE11724)/Homer,CACAGCAGGGGG,1.00E+00,-1.11E+00,1,93,10.54%,2878.8,10.05%
E2A(bHLH)/proBcell-E2A-ChIP-Seq(GSE21978)/Homer,DNRCAGCTGY,1.00E+00,-1.11E+00,1,222,25.17%,7012.4,24.47%
BMYB(HTH)/Hela-BMYB-ChIP-Seq(GSE27030)/Homer,NHAACBGYYV,1.00E+00,-1.11E+00,1,189,21.43%,5952.8,20.77%
HIF-1b(HLH)/T47D-HIF1b-ChIP-Seq(GSE59937)/Homer,RTACGTGC,1.00E+00,-1.09E+00,1,176,19.95%,5542.4,19.34%
Tlx?(NR)/NPC-H3K4me1-ChIP-Seq(GSE16256)/Homer,CTGGCAGSCTGCCA,1.00E+00,-1.07E+00,1,62,7.03%,1902.4,6.64%
Maz(Zf)/HepG2-Maz-ChIP-Seq(GSE31477)/Homer,GGGGGGGG,1.00E+00,-1.07E+00,1,484,54.88%,15510.3,54.13%
Lhx1(Homeobox)/EmbryoCarcinoma-Lhx1-ChIP-Seq(GSE70957)/Homer,NNYTAATTAR,1.00E+00,-1.07E+00,1,80,9.07%,2475.4,8.64%
Otx2(Homeobox)/EpiLC-Otx2-ChIP-Seq(GSE56098)/Homer,NYTAATCCYB,1.00E+00,-1.03E+00,1,67,7.60%,2070.8,7.23%
GLIS3(Zf)/Thyroid-Glis3.GFP-ChIP-Seq(GSE103297)/Homer,CTCCCTGGGAGGCCN,1.00E+00,-1.03E+00,1,311,35.26%,9917.9,34.61%
Gata1(Zf)/K562-GATA1-ChIP-Seq(GSE18829)/Homer,SAGATAAGRV,1.00E+00,-1.03E+00,1,46,5.22%,1404.6,4.90%
HIC1(Zf)/Treg-ZBTB29-ChIP-Seq(GSE99889)/Homer,TGCCAGCB,1.00E+00,-1.03E+00,1,325,36.85%,10371.8,36.19%
JunD(bZIP)/K562-JunD-ChIP-Seq/Homer,ATGACGTCATCN,1.00E+00,-1.02E+00,1,30,3.40%,901.3,3.15%
Hoxd12(Homeobox)/ChickenMSG-Hoxd12.Flag-ChIP-Seq(GSE86088)/Homer,HDGYAATGAAAN,1.00E+00,-1.02E+00,1,132,14.97%,4152.9,14.49%
Nkx6.1(Homeobox)/Islet-Nkx6.1-ChIP-Seq(GSE40975)/Homer,GKTAATGR,1.00E+00,-1.02E+00,1,180,20.41%,5695.8,19.88%
ZNF322(Zf)/HEK293-ZNF322.GFP-ChIP-Seq(GSE58341)/Homer,GAGCCTGGTACTGWGCCTGR,1.00E+00,-1.01E+00,1,43,4.88%,1313.5,4.58%
FOXA1(Forkhead)/LNCAP-FOXA1-ChIP-Seq(GSE27824)/Homer,WAAGTAAACA,1.00E+00,-9.92E-01,1,83,9.41%,2591.5,9.04%
Myf5(bHLH)/GM-Myf5-ChIP-Seq(GSE24852)/Homer,BAACAGCTGT,1.00E+00,-9.92E-01,1,101,11.45%,3167.3,11.05%
NFkB-p65(RHD)/GM12787-p65-ChIP-Seq(GSE19485)/Homer,WGGGGATTTCCC,1.00E+00,-9.91E-01,1,72,8.16%,2240.9,7.82%
Duxbl(Homeobox)/NIH3T3-Duxbl.HA-ChIP-Seq(GSE119782)/Homer,TAAYCYAATCAA,1.00E+00,-9.77E-01,1,6,0.68%,160.4,0.56%
"Brn1(POU,Homeobox)/NPC-Brn1-ChIP-Seq(GSE35496)/Homer",TATGCWAATBAV,1.00E+00,-9.56E-01,1,25,2.83%,754.7,2.63%
"OCT:OCT(POU,Homeobox,IR1)/NPC-Brn2-ChIP-Seq(GSE35496)/Homer",ATGAATWATTCATGA,1.00E+00,-9.40E-01,1,2,0.23%,43.2,0.15%
T1ISRE(IRF)/ThioMac-Ifnb-Expression/Homer,ACTTTCGTTTCT,1.00E+00,-9.40E-01,1,2,0.23%,43.9,0.15%
Sox7(HMG)/ESC-Sox7-ChIP-Seq(GSE133899)/Homer,VVRRAACAATGG,1.00E+00,-9.34E-01,1,29,3.29%,884.2,3.09%
GSC(Homeobox)/FrogEmbryos-GSC-ChIP-Seq(DRA000576)/Homer,RGGATTAR,1.00E+00,-9.34E-01,1,93,10.54%,2928.1,10.22%
NFAT(RHD)/Jurkat-NFATC1-ChIP-Seq(Jolma_et_al.)/Homer,ATTTTCCATT,1.00E+00,-9.23E-01,1,78,8.84%,2450.2,8.55%
"PAX6(Paired,Homeobox)/Forebrain-Pax6-ChIP-Seq(GSE66961)/Homer",NGTGTTCAVTSAAGCGKAAA,1.00E+00,-9.23E-01,1,12,1.36%,350.5,1.22%
HRE(HSF)/Striatum-HSF1-ChIP-Seq(GSE38000)/Homer,TTCTAGAABNTTCTA,1.00E+00,-9.18E-01,1,25,2.83%,760.7,2.65%
Sox9(HMG)/Limb-SOX9-ChIP-Seq(GSE73225)/Homer,AGGVNCCTTTGT,1.00E+00,-9.14E-01,1,91,10.32%,2870.6,10.02%
FOXK1(Forkhead)/HEK293-FOXK1-ChIP-Seq(GSE51673)/Homer,NVWTGTTTAC,1.00E+00,-9.10E-01,1,79,8.96%,2486.3,8.68%
GLI3(Zf)/Limb-GLI3-ChIP-Chip(GSE11077)/Homer,CGTGGGTGGTCC,1.00E+00,-9.07E-01,1,19,2.15%,572.6,2.00%
Zfp281(Zf)/ES-Zfp281-ChIP-Seq(GSE81042)/Homer,CCCCTCCCCCAC,1.00E+00,-9.02E-01,1,86,9.75%,2713.7,9.47%
ZNF519(Zf)/HEK293-ZNF519.GFP-ChIP-Seq(GSE58341)/Homer,GAGSCCGAGC,1.00E+00,-8.99E-01,1,63,7.14%,1976.1,6.90%
THRa(NR)/C17.2-THRa-ChIP-Seq(GSE38347)/Homer,GGTCANYTGAGGWCA,1.00E+00,-8.90E-01,1,58,6.58%,1818.8,6.35%
ZNF768(Zf)/Rajj-ZNF768-ChIP-Seq(GSE111879)/Homer,RHHCAGAGAGGB,1.00E+00,-8.83E-01,1,6,0.68%,167.5,0.58%
Ascl1(bHLH)/NeuralTubes-Ascl1-ChIP-Seq(GSE55840)/Homer,NNVVCAGCTGBN,1.00E+00,-8.81E-01,1,229,25.96%,7333.6,25.59%
Atoh1(bHLH)/Cerebellum-Atoh1-ChIP-Seq(GSE22111)/Homer,VNRVCAGCTGGY,1.00E+00,-8.78E-01,1,142,16.10%,4524,15.79%
FOXK2(Forkhead)/U2OS-FOXK2-ChIP-Seq(E-MTAB-2204)/Homer,SCHTGTTTACAT,1.00E+00,-8.77E-01,1,50,5.67%,1565.4,5.46%
ZNF416(Zf)/HEK293-ZNF416.GFP-ChIP-Seq(GSE58341)/Homer,WDNCTGGGCA,1.00E+00,-8.74E-01,1,207,23.47%,6625.3,23.12%
MafF(bZIP)/HepG2-MafF-ChIP-Seq(GSE31477)/Homer,HWWGTCAGCAWWTTT,1.00E+00,-8.67E-01,1,15,1.70%,451.6,1.58%
"OCT4-SOX2-TCF-NANOG(POU,Homeobox,HMG)/mES-Oct4-ChIP-Seq(GSE11431)/Homer",ATTTGCATAACAATG,1.00E+00,-8.56E-01,1,11,1.25%,326.5,1.14%
"ETS:E-box(ETS,bHLH)/HPC7-Scl-ChIP-Seq(GSE22178)/Homer",AGGAARCAGCTG,1.00E+00,-8.38E-01,1,11,1.25%,328.3,1.15%
"GATA:SCL(Zf,bHLH)/Ter119-SCL-ChIP-Seq(GSE18720)/Homer",CRGCTGBNGNSNNSAGATAA,1.00E+00,-8.33E-01,1,13,1.47%,393,1.37%
STAT5(Stat)/mCD4+-Stat5-ChIP-Seq(GSE12346)/Homer,RTTTCTNAGAAA,1.00E+00,-8.22E-01,1,41,4.65%,1289.3,4.50%
FOXP1(Forkhead)/H9-FOXP1-ChIP-Seq(GSE31006)/Homer,NYYTGTTTACHN,1.00E+00,-8.20E-01,1,35,3.97%,1097.1,3.83%
Smad2(MAD)/ES-SMAD2-ChIP-Seq(GSE29422)/Homer,CTGTCTGG,1.00E+00,-8.19E-01,1,226,25.62%,7265.1,25.35%
"Oct2(POU,Homeobox)/Bcell-Oct2-ChIP-Seq(GSE21512)/Homer",ATATGCAAAT,1.00E+00,-8.11E-01,1,22,2.49%,682.7,2.38%
Rfx2(HTH)/LoVo-RFX2-ChIP-Seq(GSE49402)/Homer,GTTGCCATGGCAACM,1.00E+00,-7.98E-01,1,31,3.51%,973.8,3.40%
Sox2(HMG)/mES-Sox2-ChIP-Seq(GSE11431)/Homer,BCCATTGTTC,1.00E+00,-7.85E-01,1,84,9.52%,2685.6,9.37%
PU.1:IRF8(ETS:IRF)/pDC-Irf8-ChIP-Seq(GSE66899)/Homer,GGAAGTGAAAST,1.00E+00,-7.85E-01,1,26,2.95%,815,2.84%
"Pax7(Paired,Homeobox)/Myoblast-Pax7-ChIP-Seq(GSE25064)/Homer",TAATCAATTA,1.00E+00,-7.83E-01,1,4,0.45%,113,0.39%
Sox10(HMG)/SciaticNerve-Sox3-ChIP-Seq(GSE35132)/Homer,CCWTTGTYYB,1.00E+00,-7.82E-01,1,161,18.25%,5177.3,18.07%
Gata6(Zf)/HUG1N-GATA6-ChIP-Seq(GSE51936)/Homer,YCTTATCTBN,1.00E+00,-7.76E-01,1,65,7.37%,2074.1,7.24%
Bapx1(Homeobox)/VertebralCol-Bapx1-ChIP-Seq(GSE36672)/Homer,TTRAGTGSYK,1.00E+00,-7.72E-01,1,236,26.76%,7612.5,26.57%
Atf2(bZIP)/3T3L1-Atf2-ChIP-Seq(GSE56872)/Homer,NRRTGACGTCAT,1.00E+00,-7.52E-01,1,61,6.92%,1952.1,6.81%
ZFX(Zf)/mES-Zfx-ChIP-Seq(GSE11431)/Homer,AGGCCTRG,1.00E+00,-7.51E-01,1,207,23.47%,6682.9,23.32%
IRF3(IRF)/BMDM-Irf3-ChIP-Seq(GSE67343)/Homer,AGTTTCAKTTTC,1.00E+00,-7.43E-01,1,33,3.74%,1049.9,3.66%
Arnt:Ahr(bHLH)/MCF7-Arnt-ChIP-Seq(Lo_et_al.)/Homer,TBGCACGCAA,1.00E+00,-7.43E-01,1,114,12.93%,3671.3,12.81%
Sox3(HMG)/NPC-Sox3-ChIP-Seq(GSE33059)/Homer,CCWTTGTY,1.00E+00,-7.40E-01,1,164,18.59%,5293.3,18.47%
THRb(NR)/HepG2-THRb.Flag-ChIP-Seq(Encode)/Homer,GGTCACCTGAGGTCA,1.00E+00,-7.39E-01,1,88,9.98%,2830.8,9.88%
Barx1(Homeobox)/Stomach-Barx1.3xFlag-ChIP-Seq(GSE69483)/Homer,AAACMATTAN,1.00E+00,-7.36E-01,1,28,3.17%,889.9,3.11%
RUNX2(Runt)/PCa-RUNX2-ChIP-Seq(GSE33889)/Homer,NWAACCACADNN,1.00E+00,-7.32E-01,1,77,8.73%,2476.6,8.64%
"Fox:Ebox(Forkhead,bHLH)/Panc1-Foxa2-ChIP-Seq(GSE47459)/Homer",NNNVCTGWGYAAACASN,1.00E+00,-7.29E-01,1,79,8.96%,2542,8.87%
Pit1+1bp(Homeobox)/GCrat-Pit1-ChIP-Seq(GSE58009)/Homer,ATGCATAATTCA,1.00E+00,-7.28E-01,1,17,1.93%,535.9,1.87%
"RXR(NR),DR1/3T3L1-RXR-ChIP-Seq(GSE13511)/Homer",TAGGGCAAAGGTCA,1.00E+00,-7.14E-01,1,160,18.14%,5176,18.06%
Pbx3(Homeobox)/GM12878-PBX3-ChIP-Seq(GSE32465)/Homer,SCTGTCAMTCAN,1.00E+00,-7.10E-01,1,39,4.42%,1251.4,4.37%
ZNF669(Zf)/HEK293-ZNF669.GFP-ChIP-Seq(GSE58341)/Homer,GARTGGTCATCGCCC,1.00E+00,-6.98E-01,1,13,1.47%,410.8,1.43%
Cdx2(Homeobox)/mES-Cdx2-ChIP-Seq(GSE14586)/Homer,GYMATAAAAH,1.00E+00,-6.88E-01,1,42,4.76%,1354.3,4.73%
MyoG(bHLH)/C2C12-MyoG-ChIP-Seq(GSE36024)/Homer,AACAGCTG,1.00E+00,-6.82E-01,1,156,17.69%,5060.7,17.66%
Foxa2(Forkhead)/Liver-Foxa2-ChIP-Seq(GSE25694)/Homer,CYTGTTTACWYW,1.00E+00,-6.82E-01,1,57,6.46%,1843.3,6.43%
RUNX1(Runt)/Jurkat-RUNX1-ChIP-Seq(GSE29180)/Homer,AAACCACARM,1.00E+00,-6.75E-01,1,101,11.45%,3276.9,11.44%
Mef2b(MADS)/HEK293-Mef2b.V5-ChIP-Seq(GSE67450)/Homer,GCTATTTTTGGM,1.00E+00,-6.67E-01,1,65,7.37%,2108.1,7.36%
Stat3+il21(Stat)/CD4-Stat3-ChIP-Seq(GSE19198)/Homer,SVYTTCCNGGAARB,1.00E+00,-6.59E-01,1,97,11.00%,3153,11.00%
Gli2(Zf)/GM2-Gli2-ChIP-Chip(GSE112702)/Homer,YSTGGGTGGTCT,1.00E+00,-6.53E-01,1,40,4.54%,1298.6,4.53%
EBF2(EBF)/BrownAdipose-EBF2-ChIP-Seq(GSE97114)/Homer,NABTCCCWDGGGAVH,1.00E+00,-6.44E-01,1,148,16.78%,4818.4,16.81%
ZNF467(Zf)/HEK293-ZNF467.GFP-ChIP-Seq(GSE58341)/Homer,TGGGGAAGGGCM,1.00E+00,-6.37E-01,1,220,24.94%,7164.1,25.00%
"Pax7(Paired,Homeobox),long/Myoblast-Pax7-ChIP-Seq(GSE25064)/Homer",TAATCHGATTAC,1.00E+00,-6.32E-01,1,1,0.11%,24.6,0.09%
"Oct6(POU,Homeobox)/NPC-Pou3f1-ChIP-Seq(GSE35496)/Homer",WATGCAAATGAG,1.00E+00,-6.26E-01,1,31,3.51%,1011.1,3.53%
PBX1(Homeobox)/MCF7-PBX1-ChIP-Seq(GSE28007)/Homer,GSCTGTCACTCA,1.00E+00,-6.24E-01,1,15,1.70%,487.4,1.70%
IRF4(IRF)/GM12878-IRF4-ChIP-Seq(GSE32465)/Homer,ACTGAAACCA,1.00E+00,-6.18E-01,1,42,4.76%,1373.4,4.79%
Six4(Homeobox)/MCF7-SIX4-ChIP-Seq(Encode)/Homer,TGWAAYCTGABACCB,1.00E+00,-6.02E-01,1,6,0.68%,193.8,0.68%
FOXA1(Forkhead)/MCF7-FOXA1-ChIP-Seq(GSE26831)/Homer,WAAGTAAACA,1.00E+00,-6.02E-01,1,63,7.14%,2065.4,7.21%
Foxo1(Forkhead)/RAW-Foxo1-ChIP-Seq(Fan_et_al.)/Homer,CTGTTTAC,1.00E+00,-5.95E-01,1,195,22.11%,6374.3,22.24%
"Oct11(POU,Homeobox)/NCIH1048-POU2F3-ChIP-seq(GSE115123)/Homer",GATTTGCATA,1.00E+00,-5.89E-01,1,25,2.83%,823.5,2.87%
Foxo3(Forkhead)/U2OS-Foxo3-ChIP-Seq(E-MTAB-2701)/Homer,DGTAAACA,1.00E+00,-5.88E-01,1,54,6.12%,1776,6.20%
Bcl11a(Zf)/HSPC-BCL11A-ChIP-Seq(GSE104676)/Homer,TYTGACCASWRG,1.00E+00,-5.87E-01,1,84,9.52%,2758,9.62%
HINFP(Zf)/K562-HINFP.eGFP-ChIP-Seq(Encode)/Homer,TWVGGTCCGC,1.00E+00,-5.80E-01,1,104,11.79%,3414.8,11.92%
Tgif2(Homeobox)/mES-Tgif2-ChIP-Seq(GSE55404)/Homer,TGTCANYT,1.00E+00,-5.78E-01,1,327,37.07%,10681.3,37.27%
EBF(EBF)/proBcell-EBF-ChIP-Seq(GSE21978)/Homer,DGTCCCYRGGGA,1.00E+00,-5.69E-01,1,36,4.08%,1191,4.16%
Nrf2(bZIP)/Lymphoblast-Nrf2-ChIP-Seq(GSE37589)/Homer,HTGCTGAGTCAT,1.00E+00,-5.52E-01,1,4,0.45%,131.6,0.46%
Pknox1(Homeobox)/ES-Prep1-ChIP-Seq(GSE63282)/Homer,SCTGTCAVTCAV,1.00E+00,-5.51E-01,1,39,4.42%,1294.3,4.52%
ZNF264(Zf)/HEK293-ZNF264.GFP-ChIP-Seq(GSE58341)/Homer,RGGGCACTAACY,1.00E+00,-5.50E-01,1,86,9.75%,2838.3,9.90%
ZSCAN22(Zf)/HEK293-ZSCAN22.GFP-ChIP-Seq(GSE58341)/Homer,SMCAGTCWGAKGGAGGAGGC,1.00E+00,-5.49E-01,1,17,1.93%,567.5,1.98%
Tcfcp2l1(CP2)/mES-Tcfcp2l1-ChIP-Seq(GSE11431)/Homer,NRAACCRGTTYRAACCRGYT,1.00E+00,-5.41E-01,1,22,2.49%,736,2.57%
"ERE(NR),IR3/MCF7-ERa-ChIP-Seq(Unpublished)/Homer",VAGGTCACNSTGACC,1.00E+00,-5.40E-01,1,28,3.17%,934.6,3.26%
PRDM10(Zf)/HEK293-PRDM10.eGFP-ChIP-Seq(Encode)/Homer,TGGTACATTCCA,1.00E+00,-5.38E-01,1,72,8.16%,2384.1,8.32%
"NFkB-p50,p52(RHD)/Monocyte-p50-ChIP-Chip(Schreiber_et_al.)/Homer",GGGGGAATCCCC,1.00E+00,-5.37E-01,1,23,2.61%,769.9,2.69%
"OCT:OCT(POU,Homeobox)/NPC-Brn1-ChIP-Seq(GSE35496)/Homer",ATGAATATTCATGAG,1.00E+00,-5.36E-01,1,1,0.11%,28.6,0.10%
Zic3(Zf)/mES-Zic3-ChIP-Seq(GSE37889)/Homer,GGCCYCCTGCTGDGH,1.00E+00,-5.33E-01,1,118,13.38%,3894.7,13.59%
EBNA1(EBV-virus)/Raji-EBNA1-ChIP-Seq(GSE30709)/Homer,GGYAGCAYDTGCTDCCCNNN,1.00E+00,-5.27E-01,1,2,0.23%,64.9,0.23%
REST-NRSF(Zf)/Jurkat-NRSF-ChIP-Seq/Homer,GGMGCTGTCCATGGTGCTGA,1.00E+00,-5.27E-01,1,2,0.23%,64.4,0.22%
Foxa3(Forkhead)/Liver-Foxa3-ChIP-Seq(GSE77670)/Homer,BSNTGTTTACWYWGN,1.00E+00,-5.22E-01,1,21,2.38%,706.1,2.46%
NeuroD1(bHLH)/Islet-NeuroD1-ChIP-Seq(GSE30298)/Homer,GCCATCTGTT,1.00E+00,-5.20E-01,1,95,10.77%,3147.5,10.98%
Brachyury(T-box)/Mesoendoderm-Brachyury-ChIP-exo(GSE54963)/Homer,ANTTMRCASBNNNGTGYKAAN,1.00E+00,-5.18E-01,1,21,2.38%,707.8,2.47%
ZNF341(Zf)/EBV-ZNF341-ChIP-Seq(GSE113194)/Homer,GGAACAGCCG,1.00E+00,-5.14E-01,1,109,12.36%,3609.6,12.60%
Prop1(Homeobox)/GHFT1-PROP1.biotin-ChIP-Seq(GSE77302)/Homer,NTAATBNAATTA,1.00E+00,-5.13E-01,1,27,3.06%,908.6,3.17%
HOXA1(Homeobox)/mES-Hoxa1-ChIP-Seq(SRP084292)/Homer,TGATKGATGR,1.00E+00,-5.09E-01,1,16,1.81%,542.7,1.89%
"VDR(NR),DR3/GM10855-VDR+vitD-ChIP-Seq(GSE22484)/Homer",ARAGGTCANWGAGTTCANNN,1.00E+00,-5.01E-01,1,21,2.38%,711,2.48%
Erra(NR)/HepG2-Erra-ChIP-Seq(GSE31477)/Homer,CAAAGGTCAG,1.00E+00,-4.94E-01,1,267,30.27%,8786.2,30.66%
NFE2L2(bZIP)/HepG2-NFE2L2-ChIP-Seq(Encode)/Homer,AWWWTGCTGAGTCAT,1.00E+00,-4.93E-01,1,3,0.34%,102.4,0.36%
Egr1(Zf)/K562-Egr1-ChIP-Seq(GSE32465)/Homer,TGCGTGGGYG,1.00E+00,-4.84E-01,1,206,23.36%,6802.1,23.74%
KLF6(Zf)/PDAC-KLF6-ChIP-Seq(GSE64557)/Homer,MKGGGYGTGGCC,1.00E+00,-4.73E-01,1,400,45.35%,13132.1,45.83%
"LXRE(NR),DR4/RAW-LXRb.biotin-ChIP-Seq(GSE21512)/Homer",RGGTTACTANAGGTCA,1.00E+00,-4.67E-01,1,4,0.45%,140.5,0.49%
Sp2(Zf)/HEK293-Sp2.eGFP-ChIP-Seq(Encode)/Homer,YGGCCCCGCCCC,1.00E+00,-4.65E-01,1,545,61.79%,17844.9,62.27%
Hand2(bHLH)/Mesoderm-Hand2-ChIP-Seq(GSE61475)/Homer,TGACANARRCCAGRC,1.00E+00,-4.62E-01,1,53,6.01%,1788.8,6.24%
"GRE(NR),IR3/A549-GR-ChIP-Seq(GSE32465)/Homer",NRGVACABNVTGTYCY,1.00E+00,-4.60E-01,1,12,1.36%,417.9,1.46%
Hoxb4(Homeobox)/ES-Hoxb4-ChIP-Seq(GSE34014)/Homer,TGATTRATGGCY,1.00E+00,-4.55E-01,1,13,1.47%,452.1,1.58%
HNF1b(Homeobox)/PDAC-HNF1B-ChIP-Seq(GSE64557)/Homer,GTTAATNATTAA,1.00E+00,-4.54E-01,1,8,0.91%,281.5,0.98%
Atf7(bZIP)/3T3L1-Atf7-ChIP-Seq(GSE56872)/Homer,NGRTGACGTCAY,1.00E+00,-4.53E-01,1,77,8.73%,2586.4,9.03%
Ascl2(bHLH)/ESC-Ascl2-ChIP-Seq(GSE97712)/Homer,SSRGCAGCTGCH,1.00E+00,-4.46E-01,1,170,19.27%,5649.6,19.72%
Sox21(HMG)/ESC-SOX21-ChIP-Seq(GSE110505)/Homer,BCCWTTGTBYKV,1.00E+00,-4.32E-01,1,167,18.93%,5560.5,19.40%
PSE(SNAPc)/K562-mStart-Seq/Homer,WAVTCACCMTAASYDAAAAG,1.00E+00,-4.28E-01,1,33,3.74%,1134.9,3.96%
KLF5(Zf)/LoVo-KLF5-ChIP-Seq(GSE49402)/Homer,DGGGYGKGGC,1.00E+00,-4.25E-01,1,470,53.29%,15446.3,53.90%
"Brn2(POU,Homeobox)/NPC-Brn2-ChIP-Seq(GSE35496)/Homer",ATGAATATTC,1.00E+00,-4.18E-01,1,4,0.45%,146.6,0.51%
ZNF7(Zf)/HepG2-ZNF7.Flag-ChIP-Seq(Encode)/Homer,CTGCCWVCTTTTRTA,1.00E+00,-4.11E-01,1,50,5.67%,1709.9,5.97%
Tgif1(Homeobox)/mES-Tgif1-ChIP-Seq(GSE55404)/Homer,YTGWCADY,1.00E+00,-4.11E-01,1,293,33.22%,9699.3,33.85%
ZNF16(Zf)/HEK293-ZNF16.GFP-ChIP-Seq(GSE58341)/Homer,MACCTTCYATGGCTCCCTAKTGCCY,1.00E+00,-4.09E-01,1,1,0.11%,36,0.13%
HOXA2(Homeobox)/mES-Hoxa2-ChIP-Seq(Donaldson_et_al.)/Homer,GYCATCMATCAT,1.00E+00,-4.06E-01,1,6,0.68%,220,0.77%
MafB(bZIP)/BMM-Mafb-ChIP-Seq(GSE75722)/Homer,WNTGCTGASTCAGCANWTTY,1.00E+00,-4.03E-01,1,32,3.63%,1109.9,3.87%
TRPS1(Zf)/MCF7-TRPS1-ChIP-Seq(GSE107013)/Homer,AGATAAGANN,1.00E+00,-4.02E-01,1,139,15.76%,4660.5,16.26%
Meis1(Homeobox)/MastCells-Meis1-ChIP-Seq(GSE48085)/Homer,VGCTGWCAVB,1.00E+00,-4.02E-01,1,196,22.22%,6533.6,22.80%
ZNF382(Zf)/HEK293-ZNF382.GFP-ChIP-Seq(GSE58341)/Homer,GNCTGTASTRNTGBCTCHTT,1.00E+00,-3.95E-01,1,2,0.23%,75,0.26%
Phox2a(Homeobox)/Neuron-Phox2a-ChIP-Seq(GSE31456)/Homer,YTAATYNRATTA,1.00E+00,-3.93E-01,1,16,1.81%,569.6,1.99%
Ptf1a(bHLH)/Panc1-Ptf1a-ChIP-Seq(GSE47459)/Homer,ACAGCTGTTN,1.00E+00,-3.80E-01,1,333,37.76%,11031.4,38.50%
MafK(bZIP)/C2C12-MafK-ChIP-Seq(GSE36030)/Homer,GCTGASTCAGCA,1.00E+00,-3.80E-01,1,22,2.49%,778.3,2.72%
"Oct4:Sox17(POU,Homeobox,HMG)/F9-Sox17-ChIP-Seq(GSE44553)/Homer",CCATTGTATGCAAAT,1.00E+00,-3.76E-01,1,6,0.68%,224.2,0.78%
Pdx1(Homeobox)/Islet-Pdx1-ChIP-Seq(SRA008281)/Homer,YCATYAATCA,1.00E+00,-3.70E-01,1,56,6.35%,1928.9,6.73%
FOXM1(Forkhead)/MCF7-FOXM1-ChIP-Seq(GSE72977)/Homer,TRTTTACTTW,1.00E+00,-3.70E-01,1,68,7.71%,2329.4,8.13%
RARa(NR)/K562-RARa-ChIP-Seq(Encode)/Homer,TTGAMCTTTG,1.00E+00,-3.69E-01,1,290,32.88%,9638.3,33.63%
Rfx5(HTH)/GM12878-Rfx5-ChIP-Seq(GSE31477)/Homer,SCCTAGCAACAG,1.00E+00,-3.62E-01,1,52,5.90%,1798.1,6.27%
CUX1(Homeobox)/K562-CUX1-ChIP-Seq(GSE92882)/Homer,TATCGATNAN,1.00E+00,-3.61E-01,1,40,4.54%,1396,4.87%
"OCT:OCT-short(POU,Homeobox)/NPC-OCT6-ChIP-Seq(GSE43916)/Homer",ATGCATWATGCATRW,1.00E+00,-3.60E-01,1,30,3.40%,1057.2,3.69%
BORIS(Zf)/K562-CTCFL-ChIP-Seq(GSE32465)/Homer,CNNBRGCGCCCCCTGSTGGC,1.00E+00,-3.59E-01,1,64,7.26%,2201.6,7.68%
GATA3(Zf)/iTreg-Gata3-ChIP-Seq(GSE20898)/Homer,AGATAASR,1.00E+00,-3.49E-01,1,104,11.79%,3539.2,12.35%
STAT1(Stat)/HelaS3-STAT1-ChIP-Seq(GSE12782)/Homer,NATTTCCNGGAAAT,1.00E+00,-3.44E-01,1,32,3.63%,1131.7,3.95%
Nkx2.1(Homeobox)/LungAC-Nkx2.1-ChIP-Seq(GSE43252)/Homer,RSCACTYRAG,1.00E+00,-3.41E-01,1,323,36.62%,10742.8,37.49%
Mef2d(MADS)/Retina-Mef2d-ChIP-Seq(GSE61391)/Homer,GCTATTTTTAGC,1.00E+00,-3.36E-01,1,14,1.59%,515.5,1.80%
CTCF(Zf)/CD4+-CTCF-ChIP-Seq(Barski_et_al.)/Homer,AYAGTGCCMYCTRGTGGCCA,1.00E+00,-3.09E-01,1,29,3.29%,1043.2,3.64%
"FXR(NR),IR1/Liver-FXR-ChIP-Seq(Chong_et_al.)/Homer",AGGTCANTGACCTB,1.00E+00,-3.07E-01,1,44,4.99%,1555.9,5.43%
c-Jun-CRE(bZIP)/K562-cJun-ChIP-Seq(GSE31477)/Homer,ATGACGTCATCY,1.00E+00,-3.07E-01,1,47,5.33%,1657.9,5.79%
EBF1(EBF)/Near-E2A-ChIP-Seq(GSE21512)/Homer,GTCCCCWGGGGA,1.00E+00,-2.97E-01,1,192,21.77%,6490.3,22.65%
Sp1(Zf)/Promoter/Homer,GGCCCCGCCCCC,1.00E+00,-2.94E-01,1,258,29.25%,8663.7,30.23%
Zfp809(Zf)/ES-Zfp809-ChIP-Seq(GSE70799)/Homer,GGGGCTYGKCTGGGA,1.00E+00,-2.90E-01,1,44,4.99%,1564.3,5.46%
DMRT1(DM)/Testis-DMRT1-ChIP-Seq(GSE64892)/Homer,TWGHWACAWTGTWDC,1.00E+00,-2.83E-01,1,11,1.25%,424.1,1.48%
PBX2(Homeobox)/K562-PBX2-ChIP-Seq(Encode)/Homer,RTGATTKATRGN,1.00E+00,-2.83E-01,1,57,6.46%,2009.5,7.01%
ZBTB12(Zf)/HEK293-ZBTB12.GFP-ChIP-Seq(GSE58341)/Homer,NGNTCTAGAACCNGV,1.00E+00,-2.80E-01,1,52,5.90%,1841.7,6.43%
"Reverb(NR),DR2/RAW-Reverba.biotin-ChIP-Seq(GSE45914)/Homer",GTRGGTCASTGGGTCA,1.00E+00,-2.79E-01,1,12,1.36%,462,1.61%
RFX(HTH)/K562-RFX3-ChIP-Seq(SRA012198)/Homer,CGGTTGCCATGGCAAC,1.00E+00,-2.75E-01,1,26,2.95%,954.7,3.33%
EKLF(Zf)/Erythrocyte-Klf1-ChIP-Seq(GSE20478)/Homer,NWGGGTGTGGCY,1.00E+00,-2.70E-01,1,52,5.90%,1847.8,6.45%
"PPARa(NR),DR1/Liver-Ppara-ChIP-Seq(GSE47954)/Homer",VNAGGKCAAAGGTCA,1.00E+00,-2.63E-01,1,126,14.29%,4336.4,15.13%
ZNF136(Zf)/HEK293-ZNF136.GFP-ChIP-Seq(GSE58341)/Homer,YTKGATAHAGTATTCTWGGTNGGCA,1.00E+00,-2.61E-01,1,4,0.45%,171.2,0.60%
X-box(HTH)/NPC-H3K4me1-ChIP-Seq(GSE16256)/Homer,GGTTGCCATGGCAA,1.00E+00,-2.61E-01,1,22,2.49%,821,2.87%
PRDM9(Zf)/Testis-DMC1-ChIP-Seq(GSE35498)/Homer,ADGGYAGYAGCATCT,1.00E+00,-2.55E-01,1,46,5.22%,1652.4,5.77%
MYB(HTH)/ERMYB-Myb-ChIPSeq(GSE22095)/Homer,GGCVGTTR,1.00E+00,-2.53E-01,1,222,25.17%,7524.5,26.26%
PR(NR)/T47D-PR-ChIP-Seq(GSE31130)/Homer,VAGRACAKNCTGTBC,1.00E+00,-2.53E-01,1,205,23.24%,6964.6,24.30%
"HNF4a(NR),DR1/HepG2-HNF4a-ChIP-Seq(GSE25021)/Homer",CARRGKBCAAAGTYCA,1.00E+00,-2.49E-01,1,51,5.78%,1826.6,6.37%
Nkx2.2(Homeobox)/NPC-Nkx2.2-ChIP-Seq(GSE61673)/Homer,BTBRAGTGSN,1.00E+00,-2.42E-01,1,237,26.87%,8031.4,28.03%
PRDM14(Zf)/H1-PRDM14-ChIP-Seq(GSE22767)/Homer,RGGTCTCTAACY,1.00E+00,-2.41E-01,1,35,3.97%,1282.9,4.48%
Cux2(Homeobox)/Liver-Cux2-ChIP-Seq(GSE35985)/Homer,HNRAATCAAT,1.00E+00,-2.40E-01,1,26,2.95%,971,3.39%
Tbr1(T-box)/Cortex-Tbr1-ChIP-Seq(GSE71384)/Homer,AAGGTGTKAA,1.00E+00,-2.36E-01,1,112,12.70%,3894.6,13.59%
HNF6(Homeobox)/Liver-Hnf6-ChIP-Seq(ERP000394)/Homer,NTATYGATCH,1.00E+00,-2.35E-01,1,34,3.85%,1251.2,4.37%
"GRE(NR),IR3/RAW264.7-GRE-ChIP-Seq(Unpublished)/Homer",VAGRACAKWCTGTYC,1.00E+00,-2.31E-01,1,17,1.93%,657.1,2.29%
COUP-TFII(NR)/K562-NR2F1-ChIP-Seq(Encode)/Homer,GKBCARAGGTCA,1.00E+00,-2.30E-01,1,160,18.14%,5499,19.19%
CEBP:CEBP(bZIP)/MEF-Chop-ChIP-Seq(GSE35681)/Homer,NTNATGCAAYMNNHTGMAAY,1.00E+00,-2.28E-01,1,8,0.91%,331.2,1.16%
Zic(Zf)/Cerebellum-ZIC1.2-ChIP-Seq(GSE60731)/Homer,CCTGCTGAGH,1.00E+00,-2.27E-01,1,128,14.51%,4437.8,15.49%
ZKSCAN1(Zf)/HepG2-ZKSCAN1-ChIP-Seq(Encode)/Homer,GCACAYAGTAGGKCY,1.00E+00,-2.24E-01,1,2,0.23%,98,0.34%
Mef2c(MADS)/GM12878-Mef2c-ChIP-Seq(GSE32465)/Homer,DCYAAAAATAGM,1.00E+00,-2.22E-01,1,25,2.83%,944.8,3.30%
IRF1(IRF)/PBMC-IRF1-ChIP-Seq(GSE43036)/Homer,GAAAGTGAAAGT,1.00E+00,-2.22E-01,1,14,1.59%,554,1.93%
Sox17(HMG)/Endoderm-Sox17-ChIP-Seq(GSE61475)/Homer,CCATTGTTYB,1.00E+00,-2.19E-01,1,53,6.01%,1915.6,6.68%
Nkx2.5(Homeobox)/HL1-Nkx2.5.biotin-ChIP-Seq(GSE21529)/Homer,RRSCACTYAA,1.00E+00,-2.17E-01,1,244,27.66%,8293.6,28.94%
ZNF415(Zf)/HEK293-ZNF415.GFP-ChIP-Seq(GSE58341)/Homer,GRTGMTRGAGCC,1.00E+00,-2.17E-01,1,88,9.98%,3105.8,10.84%
IRF:BATF(IRF:bZIP)/pDC-Irf8-ChIP-Seq(GSE66899)/Homer,CTTTCANTATGACTV,1.00E+00,-2.09E-01,1,5,0.57%,222.1,0.78%
Egr2(Zf)/Thymocytes-Egr2-ChIP-Seq(GSE34254)/Homer,NGCGTGGGCGGR,1.00E+00,-2.09E-01,1,65,7.37%,2332.2,8.14%
p63(p53)/Keratinocyte-p63-ChIP-Seq(GSE17611)/Homer,NNDRCATGYCYNRRCATGYH,1.00E+00,-2.09E-01,1,35,3.97%,1301.8,4.54%
STAT6(Stat)/Macrophage-Stat6-ChIP-Seq(GSE38377)/Homer,TTCCKNAGAA,1.00E+00,-2.08E-01,1,47,5.33%,1717.3,5.99%
Hnf6b(Homeobox)/LNCaP-Hnf6b-ChIP-Seq(GSE106305)/Homer,TATTGAYY,1.00E+00,-2.04E-01,1,51,5.78%,1857.8,6.48%
HIF-1a(bHLH)/MCF7-HIF1a-ChIP-Seq(GSE28352)/Homer,TACGTGCV,1.00E+00,-1.98E-01,1,34,3.85%,1273.8,4.45%
Tbx20(T-box)/Heart-Tbx20-ChIP-Seq(GSE29636)/Homer,GGTGYTGACAGS,1.00E+00,-1.94E-01,1,21,2.38%,817.6,2.85%
Pit1(Homeobox)/GCrat-Pit1-ChIP-Seq(GSE58009)/Homer,ATGMATATDC,1.00E+00,-1.90E-01,1,49,5.56%,1799.7,6.28%
Zac1(Zf)/Neuro2A-Plagl1-ChIP-Seq(GSE75942)/Homer,HAWGRGGCCM,1.00E+00,-1.84E-01,1,399,45.24%,13417,46.82%
"PPARE(NR),DR1/3T3L1-Pparg-ChIP-Seq(GSE13511)/Homer",TGACCTTTGCCCCA,1.00E+00,-1.82E-01,1,117,13.27%,4117.3,14.37%
Esrrb(NR)/mES-Esrrb-ChIP-Seq(GSE11431)/Homer,KTGACCTTGA,1.00E+00,-1.81E-01,1,55,6.24%,2013.9,7.03%
RORgt(NR)/EL4-RORgt.Flag-ChIP-Seq(GSE56019)/Homer,AAYTAGGTCA,1.00E+00,-1.77E-01,1,7,0.79%,310.6,1.08%
RORgt(NR)/EL4-RORgt.Flag-ChIP-Seq(GSE56019)/Homer,AAYTAGGTCA,1.00E+00,-1.77E-01,1,7,0.79%,310.6,1.08%
Fos(bZIP)/TSC-Fos-ChIP-Seq(GSE110950)/Homer,NDATGASTCAYN,1.00E+00,-1.76E-01,1,39,4.42%,1464,5.11%
"FOXA1:AR(Forkhead,NR)/LNCAP-AR-ChIP-Seq(GSE27824)/Homer",AGTAAACAAAAAAGAACAND,1.00E+00,-1.74E-01,1,2,0.23%,107.5,0.38%
FoxL2(Forkhead)/Ovary-FoxL2-ChIP-Seq(GSE60858)/Homer,WWTRTAAACAVG,1.00E+00,-1.73E-01,1,46,5.22%,1709.3,5.96%
CREB5(bZIP)/LNCaP-CREB5.V5-ChIP-Seq(GSE137775)/Homer,VVATGACGTCAT,1.00E+00,-1.64E-01,1,46,5.22%,1717.7,5.99%
Six1(Homeobox)/Myoblast-Six1-ChIP-Chip(GSE20150)/Homer,GKVTCADRTTWC,1.00E+00,-1.59E-01,1,19,2.15%,765.4,2.67%
Pitx1(Homeobox)/Chicken-Pitx1-ChIP-Seq(GSE38910)/Homer,TAATCCCN,1.00E+00,-1.55E-01,1,390,44.22%,13173.3,45.97%
Klf4(Zf)/mES-Klf4-ChIP-Seq(GSE11431)/Homer,GCCACACCCA,1.00E+00,-1.54E-01,1,156,17.69%,5461.8,19.06%
THRb(NR)/Liver-NR1A2-ChIP-Seq(GSE52613)/Homer,TRAGGTCA,1.00E+00,-1.53E-01,1,428,48.53%,14413.3,50.30%
GFY(?)/Promoter/Homer,ACTACAATTCCC,1.00E+00,-1.52E-01,1,27,3.06%,1058.1,3.69%
Nr5a2(NR)/Pancreas-LRH1-ChIP-Seq(GSE34295)/Homer,BTCAAGGTCA,1.00E+00,-1.47E-01,1,69,7.82%,2528.1,8.82%
bHLHE41(bHLH)/proB-Bhlhe41-ChIP-Seq(GSE93764)/Homer,KCACGTGMCN,1.00E+00,-1.47E-01,1,194,22.00%,6741,23.52%
Nr5a2(NR)/mES-Nr5a2-ChIP-Seq(GSE19019)/Homer,BTCAAGGTCA,1.00E+00,-1.43E-01,1,52,5.90%,1945.9,6.79%
Nkx3.1(Homeobox)/LNCaP-Nkx3.1-ChIP-Seq(GSE28264)/Homer,AAGCACTTAA,1.00E+00,-1.36E-01,1,228,25.85%,7888.8,27.53%
DMRT6(DM)/Testis-DMRT6-ChIP-Seq(GSE60440)/Homer,YDGHTACAWTGTADC,1.00E+00,-1.34E-01,1,8,0.91%,367.1,1.28%
ERRg(NR)/Kidney-ESRRG-ChIP-Seq(GSE104905)/Homer,GTGACCTTGRVN,1.00E+00,-1.26E-01,1,80,9.07%,2931.5,10.23%
Bach2(bZIP)/OCILy7-Bach2-ChIP-Seq(GSE44420)/Homer,TGCTGAGTCA,1.00E+00,-1.23E-01,1,14,1.59%,603.4,2.11%
c-Myc(bHLH)/mES-cMyc-ChIP-Seq(GSE11431)/Homer,VVCCACGTGG,1.00E+00,-1.23E-01,1,53,6.01%,2001.2,6.98%
Twist(bHLH)/HMLE-TWIST1-ChIP-Seq(Chang_et_al)/Homer,VCAKCTGGNNNCCAGMTGBN,1.00E+00,-1.23E-01,1,10,1.13%,451.3,1.58%
Rbpj1(?)/Panc1-Rbpj1-ChIP-Seq(GSE47459)/Homer,HTTTCCCASG,1.00E+00,-1.20E-01,1,174,19.73%,6120.7,21.36%
Hnf1(Homeobox)/Liver-Foxa2-Chip-Seq(GSE25694)/Homer,GGTTAAWCATTAA,1.00E+00,-1.16E-01,1,5,0.57%,256,0.89%
GRHL2(CP2)/HBE-GRHL2-ChIP-Seq(GSE46194)/Homer,AAACYKGTTWDACMRGTTTB,1.00E+00,-1.10E-01,1,28,3.17%,1129.5,3.94%
ZNF692(Zf)/HEK293-ZNF692.GFP-ChIP-Seq(GSE58341)/Homer,GTGGGCCCCA,1.00E+00,-1.06E-01,1,22,2.49%,914.8,3.19%
Isl1(Homeobox)/Neuron-Isl1-ChIP-Seq(GSE31456)/Homer,CTAATKGV,1.00E+00,-1.04E-01,1,165,18.71%,5851.1,20.42%
AP-2alpha(AP2)/Hela-AP2alpha-ChIP-Seq(GSE31477)/Homer,ATGCCCTGAGGC,1.00E+00,-1.03E-01,1,166,18.82%,5885.8,20.54%
Bcl6(Zf)/Liver-Bcl6-ChIP-Seq(GSE31578)/Homer,NNNCTTTCCAGGAAA,1.00E+00,-1.03E-01,1,142,16.10%,5077.7,17.72%
ISRE(IRF)/ThioMac-LPS-Expression(GSE23622)/Homer,AGTTTCASTTTC,1.00E+00,-9.98E-02,1,5,0.57%,263.8,0.92%
Jun-AP1(bZIP)/K562-cJun-ChIP-Seq(GSE31477)/Homer,GATGASTCATCN,1.00E+00,-9.98E-02,1,16,1.81%,697,2.43%
KLF1(Zf)/HUDEP2-KLF1-CutnRun(GSE136251)/Homer,VDGGGYGGGGCY,1.00E+00,-9.90E-02,1,404,45.80%,13752.7,47.99%
Slug(Zf)/Mesoderm-Snai2-ChIP-Seq(GSE61475)/Homer,SNGCACCTGCHS,1.00E+00,-9.63E-02,1,71,8.05%,2664.6,9.30%
RORg(NR)/Liver-Rorc-ChIP-Seq(GSE101115)/Homer,WAABTAGGTCAV,1.00E+00,-9.61E-02,1,4,0.45%,222,0.77%
SCRT1(Zf)/HEK293-SCRT1.eGFP-ChIP-Seq(Encode)/Homer,GCAACAGGTG,1.00E+00,-9.50E-02,1,27,3.06%,1108.4,3.87%
NPAS(bHLH)/Liver-NPAS-ChIP-Seq(GSE39860)/Homer,NVCACGTG,1.00E+00,-9.40E-02,1,151,17.12%,5400.3,18.85%
GFX(?)/Promoter/Homer,ATTCTCGCGAGA,1.00E+00,-8.98E-02,1,8,0.91%,393.2,1.37%
Fra1(bZIP)/BT549-Fra1-ChIP-Seq(GSE46166)/Homer,NNATGASTCATH,1.00E+00,-8.91E-02,1,35,3.97%,1405.3,4.90%
Mouse_Recombination_Hotspot(Zf)/Testis-DMC1-ChIP-Seq(GSE24438)/Homer,ACTYKNATTCGTGNTACTTC,1.00E+00,-8.72E-02,1,2,0.23%,134.1,0.47%
DUX4(Homeobox)/Myoblasts-DUX4.V5-ChIP-Seq(GSE75791)/Homer,NWTAAYCYAATCAWN,1.00E+00,-8.66E-02,1,1,0.11%,81.1,0.28%
CRX(Homeobox)/Retina-Crx-ChIP-Seq(GSE20012)/Homer,GCTAATCC,1.00E+00,-8.52E-02,1,211,23.92%,7434.9,25.95%
Fosl2(bZIP)/3T3L1-Fosl2-ChIP-Seq(GSE56872)/Homer,NATGASTCABNN,1.00E+00,-8.41E-02,1,23,2.61%,973.6,3.40%
HOXB13(Homeobox)/ProstateTumor-HOXB13-ChIP-Seq(GSE56288)/Homer,TTTTATKRGG,1.00E+00,-8.20E-02,1,74,8.39%,2793.5,9.75%
NFkB-p65-Rel(RHD)/ThioMac-LPS-Expression(GSE23622)/Homer,GGAAATTCCC,1.00E+00,-7.68E-02,1,5,0.57%,277.9,0.97%
Npas4(bHLH)/Neuron-Npas4-ChIP-Seq(GSE127793)/Homer,NHRTCACGACDN,1.00E+00,-7.65E-02,1,105,11.90%,3875.8,13.53%
c-Myc(bHLH)/LNCAP-cMyc-ChIP-Seq(Unpublished)/Homer,VCCACGTG,1.00E+00,-7.40E-02,1,87,9.86%,3260.9,11.38%
Tcf7(HMG)/GM12878-TCF7-ChIP-Seq(Encode)/Homer,CTTTGATGTGSB,1.00E+00,-7.31E-02,1,19,2.15%,836.8,2.92%
Usf2(bHLH)/C2C12-Usf2-ChIP-Seq(GSE36030)/Homer,GTCACGTGGT,1.00E+00,-6.88E-02,1,44,4.99%,1759.8,6.14%
PGR(NR)/EndoStromal-PGR-ChIP-Seq(GSE69539)/Homer,AAGAACATWHTGTTC,1.00E+00,-6.70E-02,1,11,1.25%,533.8,1.86%
Atf3(bZIP)/GBM-ATF3-ChIP-Seq(GSE33912)/Homer,DATGASTCATHN,1.00E+00,-6.27E-02,1,41,4.65%,1662.7,5.80%
"NF1:FOXA1(CTF,Forkhead)/LNCAP-FOXA1-ChIP-Seq(GSE27824)/Homer",WNTGTTTRYTTTGGCA,1.00E+00,-6.09E-02,1,2,0.23%,148.4,0.52%
Rfx1(HTH)/NPC-H3K4me1-ChIP-Seq(GSE16256)/Homer,KGTTGCCATGGCAA,1.00E+00,-5.93E-02,1,33,3.74%,1377.3,4.81%
HRE(HSF)/HepG2-HSF1-ChIP-Seq(GSE31477)/Homer,BSTTCTRGAABVTTCYAGAA,1.00E+00,-5.75E-02,1,15,1.70%,702.5,2.45%
PU.1-IRF(ETS:IRF)/Bcell-PU.1-ChIP-Seq(GSE21512)/Homer,MGGAAGTGAAAC,1.00E+00,-5.68E-02,1,161,18.25%,5838.2,20.37%
Klf9(Zf)/GBM-Klf9-ChIP-Seq(GSE62211)/Homer,GCCACRCCCACY,1.00E+00,-5.56E-02,1,203,23.02%,7258.3,25.33%
EWS:ERG-fusion(ETS)/CADO_ES1-EWS:ERG-ChIP-Seq(SRA014231)/Homer,ATTTCCTGTN,1.00E+00,-5.55E-02,1,78,8.84%,2991.2,10.44%
"TR4(NR),DR1/Hela-TR4-ChIP-Seq(GSE24685)/Homer",GAGGTCAAAGGTCA,1.00E+00,-5.50E-02,1,10,1.13%,506.6,1.77%
TFE3(bHLH)/MEF-TFE3-ChIP-Seq(GSE75757)/Homer,GTCACGTGACYV,1.00E+00,-5.39E-02,1,16,1.81%,746.6,2.61%
"PAX5(Paired,Homeobox)/GM12878-PAX5-ChIP-Seq(GSE32465)/Homer",GCAGCCAAGCRTGACH,1.00E+00,-5.22E-02,1,48,5.44%,1936.2,6.76%
EAR2(NR)/K562-NR2F6-ChIP-Seq(Encode)/Homer,NRBCARRGGTCA,1.00E+00,-5.15E-02,1,136,15.42%,5006.7,17.47%
SF1(NR)/H295R-Nr5a1-ChIP-Seq(GSE44220)/Homer,CAAGGHCANV,1.00E+00,-5.00E-02,1,36,4.08%,1505.3,5.25%
Tbx5(T-box)/HL1-Tbx5.biotin-ChIP-Seq(GSE21529)/Homer,AGGTGTCA,1.00E+00,-4.96E-02,1,347,39.34%,12058.7,42.08%
Phox2b(Homeobox)/CLBGA-PHOX2B-ChIP-Seq(GSE90683)/Homer,TTAATTNAATTA,1.00E+00,-4.78E-02,1,4,0.45%,256.2,0.89%
USF1(bHLH)/GM12878-Usf1-ChIP-Seq(GSE32465)/Homer,SGTCACGTGR,1.00E+00,-4.62E-02,1,66,7.48%,2594.3,9.05%
Atf1(bZIP)/K562-ATF1-ChIP-Seq(GSE31477)/Homer,GATGACGTCA,1.00E+00,-4.61E-02,1,88,9.98%,3368,11.75%
Eomes(T-box)/H9-Eomes-ChIP-Seq(GSE26097)/Homer,ATTAACACCT,1.00E+00,-4.19E-02,1,165,18.71%,6031.7,21.05%
CRE(bZIP)/Promoter/Homer,CSGTGACGTCAC,1.00E+00,-4.14E-02,1,60,6.80%,2395.2,8.36%
STAT6(Stat)/CD4-Stat6-ChIP-Seq(GSE22104)/Homer,ABTTCYYRRGAA,1.00E+00,-4.13E-02,1,37,4.20%,1562.5,5.45%
RORa(NR)/Liver-Rora-ChIP-Seq(GSE101115)/Homer,AAWCTAGGTCARDNN,1.00E+00,-4.13E-02,1,6,0.68%,354.4,1.24%
ZBTB33(Zf)/GM12878-ZBTB33-ChIP-Seq(GSE32465)/Homer,GGVTCTCGCGAGAAC,1.00E+00,-4.03E-02,1,15,1.70%,729.5,2.55%
ARE(NR)/LNCAP-AR-ChIP-Seq(GSE27824)/Homer,RGRACASNSTGTYCYB,1.00E+00,-4.03E-02,1,17,1.93%,808.5,2.82%
RARg(NR)/ES-RARg-ChIP-Seq(GSE30538)/Homer,AGGTCAAGGTCA,1.00E+00,-3.96E-02,1,1,0.11%,106.2,0.37%
AP-2gamma(AP2)/MCF7-TFAP2C-ChIP-Seq(GSE21234)/Homer,SCCTSAGGSCAW,1.00E+00,-3.72E-02,1,212,24.04%,7641.1,26.67%
CDX4(Homeobox)/ZebrafishEmbryos-Cdx4.Myc-ChIP-Seq(GSE48254)/Homer,NGYCATAAAWCH,1.00E+00,-3.71E-02,1,53,6.01%,2157.2,7.53%
SpiB(ETS)/OCILY3-SPIB-ChIP-Seq(GSE56857)/Homer,AAAGRGGAAGTG,1.00E+00,-3.52E-02,1,29,3.29%,1280.4,4.47%
"RAR:RXR(NR),DR5/ES-RAR-ChIP-Seq(GSE56893)/Homer",RGGTCADNNAGAGGTCAV,1.00E+00,-3.39E-02,1,1,0.11%,111.3,0.39%
BATF(bZIP)/Th17-BATF-ChIP-Seq(GSE39756)/Homer,DATGASTCAT,1.00E+00,-3.19E-02,1,40,4.54%,1700.6,5.93%
TCFL2(HMG)/K562-TCF7L2-ChIP-Seq(GSE29196)/Homer,ACWTCAAAGG,1.00E+00,-2.96E-02,1,3,0.34%,229.2,0.80%
Max(bHLH)/K562-Max-ChIP-Seq(GSE31477)/Homer,RCCACGTGGYYN,1.00E+00,-2.94E-02,1,69,7.82%,2760.4,9.63%
Tbet(T-box)/CD8-Tbet-ChIP-Seq(GSE33802)/Homer,AGGTGTGAAM,1.00E+00,-2.88E-02,1,71,8.05%,2834.1,9.89%
IRF8(IRF)/BMDM-IRF8-ChIP-Seq(GSE77884)/Homer,GRAASTGAAAST,1.00E+00,-2.88E-02,1,36,4.08%,1562.6,5.45%
"PAX5(Paired,Homeobox),condensed/GM12878-PAX5-ChIP-Seq(GSE32465)/Homer",GTCACGCTCSCTGM,1.00E+00,-2.21E-02,1,10,1.13%,564.3,1.97%
Fra2(bZIP)/Striatum-Fra2-ChIP-Seq(GSE43429)/Homer,GGATGACTCATC,1.00E+00,-2.17E-02,1,28,3.17%,1286.6,4.49%
JunB(bZIP)/DendriticCells-Junb-ChIP-Seq(GSE36099)/Homer,RATGASTCAT,1.00E+00,-2.16E-02,1,33,3.74%,1477,5.15%
E-box(bHLH)/Promoter/Homer,SSGGTCACGTGA,1.00E+00,-2.00E-02,1,18,2.04%,901.6,3.15%
n-Myc(bHLH)/mES-nMyc-ChIP-Seq(GSE11431)/Homer,VRCCACGTGG,1.00E+00,-1.83E-02,1,85,9.64%,3392.9,11.84%
KLF3(Zf)/MEF-Klf3-ChIP-Seq(GSE44748)/Homer,NRGCCCCRCCCHBNN,1.00E+00,-1.80E-02,1,261,29.59%,9422.2,32.88%
MafA(bZIP)/Islet-MafA-ChIP-Seq(GSE30298)/Homer,TGCTGACTCA,1.00E+00,-1.79E-02,1,78,8.84%,3145.8,10.98%
Tbx21(T-box)/GM12878-TBX21-ChIP-Seq(Encode)/Homer,AGGTGTGAAA,1.00E+00,-1.77E-02,1,68,7.71%,2787.4,9.73%
KLF10(Zf)/HEK293-KLF10.GFP-ChIP-Seq(GSE58341)/Homer,GGGGGTGTGTCC,1.00E+00,-1.59E-02,1,152,17.23%,5752.1,20.07%
Snail1(Zf)/LS174T-SNAIL1.HA-ChIP-Seq(GSE127183)/Homer,TRCACCTGCY,1.00E+00,-1.54E-02,1,95,10.77%,3769.1,13.15%
"RAR:RXR(NR),DR0/ES-RAR-ChIP-Seq(GSE56893)/Homer",AGGTCAAGGTCA,1.00E+00,-1.41E-02,1,6,0.68%,410.3,1.43%
bHLHE40(bHLH)/HepG2-BHLHE40-ChIP-Seq(GSE31477)/Homer,KCACGTGMCN,1.00E+00,-1.06E-02,1,43,4.88%,1923.6,6.71%
ZNF711(Zf)/SHSY5Y-ZNF711-ChIP-Seq(GSE20673)/Homer,AGGCCTAG,1.00E+00,-1.05E-02,1,309,35.03%,11118.9,38.80%
LEF1(HMG)/H1-LEF1-ChIP-Seq(GSE64758)/Homer,CCTTTGATST,1.00E+00,-9.64E-03,1,39,4.42%,1780.3,6.21%
CLOCK(bHLH)/Liver-Clock-ChIP-Seq(GSE39860)/Homer,GHCACGTG,1.00E+00,-9.60E-03,1,67,7.60%,2822.7,9.85%
PU.1(ETS)/ThioMac-PU.1-ChIP-Seq(GSE21512)/Homer,AGAGGAAGTG,1.00E+00,-9.58E-03,1,63,7.14%,2676.8,9.34%
SPDEF(ETS)/VCaP-SPDEF-ChIP-Seq(SRA014231)/Homer,ASWTCCTGBT,1.00E+00,-9.57E-03,1,146,16.55%,5622.8,19.62%
MITF(bHLH)/MastCells-MITF-ChIP-Seq(GSE48085)/Homer,RTCATGTGAC,1.00E+00,-9.47E-03,1,99,11.22%,3975.4,13.87%
COUP-TFII(NR)/Artia-Nr2f2-ChIP-Seq(GSE46497)/Homer,AGRGGTCA,1.00E+00,-9.09E-03,1,178,20.18%,6733.6,23.50%
Bach1(bZIP)/K562-Bach1-ChIP-Seq(GSE31477)/Homer,AWWNTGCTGAGTCAT,1.00E+00,-8.76E-03,1,1,0.11%,155.4,0.54%
IRF2(IRF)/Erythroblas-IRF2-ChIP-Seq(GSE36985)/Homer,GAAASYGAAASY,1.00E+00,-7.83E-03,1,8,0.91%,534.6,1.87%
NFIL3(bZIP)/HepG2-NFIL3-ChIP-Seq(Encode)/Homer,VTTACGTAAYNNNNN,1.00E+00,-7.58E-03,1,49,5.56%,2181.4,7.61%
AP-1(bZIP)/ThioMac-PU.1-ChIP-Seq(GSE21512)/Homer,VTGACTCATC,1.00E+00,-7.22E-03,1,43,4.88%,1959.6,6.84%
BMAL1(bHLH)/Liver-Bmal1-ChIP-Seq(GSE39860)/Homer,GNCACGTG,1.00E+00,-7.01E-03,1,159,18.03%,6118.2,21.35%
NPAS2(bHLH)/Liver-NPAS2-ChIP-Seq(GSE39860)/Homer,KCCACGTGAC,1.00E+00,-6.41E-03,1,103,11.68%,4167.7,14.54%
Tbx6(T-box)/ESC-Tbx6-ChIP-Seq(GSE93524)/Homer,DAGGTGTBAA,1.00E+00,-6.09E-03,1,92,10.43%,3780.5,13.19%
Ets1-distal(ETS)/CD4+-PolII-ChIP-Seq(Barski_et_al.)/Homer,MACAGGAAGT,1.00E+00,-5.75E-03,1,31,3.51%,1515.1,5.29%
"ETS:RUNX(ETS,Runt)/Jurkat-RUNX1-ChIP-Seq(GSE17954)/Homer",RCAGGATGTGGT,1.00E+00,-5.23E-03,1,14,1.59%,825.3,2.88%
ZNF143|STAF(Zf)/CUTLL-ZNF143-ChIP-Seq(GSE29600)/Homer,ATTTCCCAGVAKSCY,1.00E+00,-5.16E-03,1,53,6.01%,2369.6,8.27%
CEBP:AP1(bZIP)/ThioMac-CEBPb-ChIP-Seq(GSE21512)/Homer,DRTGTTGCAA,1.00E+00,-4.51E-03,1,43,4.88%,2002.5,6.99%
"E2A(bHLH),near_PU.1/Bcell-PU.1-ChIP-Seq(GSE21512)/Homer",NVCACCTGBN,1.00E+00,-4.38E-03,1,156,17.69%,6081.3,21.22%
"RBPJ:Ebox(?,bHLH)/Panc1-Rbpj1-ChIP-Seq(GSE47459)/Homer",GGGRAARRGRMCAGMTG,1.00E+00,-3.95E-03,1,27,3.06%,1385.8,4.84%
Ronin(THAP)/ES-Thap11-ChIP-Seq(GSE51522)/Homer,RACTACAACTCCCAGVAKGC,1.00E+00,-3.58E-03,1,17,1.93%,978.2,3.41%
"GFY-Staf(?,Zf)/Promoter/Homer",RACTACAATTCCCAGAAKGC,1.00E+00,-3.17E-03,1,19,2.15%,1071.9,3.74%
MNT(bHLH)/HepG2-MNT-ChIP-Seq(Encode)/Homer,DGCACACGTG,1.00E+00,-2.14E-03,1,82,9.30%,3535.6,12.34%
CEBP(bZIP)/ThioMac-CEBPb-ChIP-Seq(GSE21512)/Homer,ATTGCGCAAC,1.00E+00,-1.83E-03,1,34,3.85%,1725.4,6.02%
"GATA3(Zf),DR4/iTreg-Gata3-ChIP-Seq(GSE20898)/Homer",AGATGKDGAGATAAG,1.00E+00,-1.32E-03,1,1,0.11%,217.3,0.76%
Chop(bZIP)/MEF-Chop-ChIP-Seq(GSE35681)/Homer,ATTGCATCAT,1.00E+00,-9.95E-04,1,7,0.79%,588.1,2.05%
ZEB2(Zf)/SNU398-ZEB2-ChIP-Seq(GSE103048)/Homer,GNMCAGGTGTGC,1.00E+00,-5.72E-04,1,97,11.00%,4224,14.74%
Tcf3(HMG)/mES-Tcf3-ChIP-Seq(GSE11724)/Homer,ASWTCAAAGG,1.00E+00,-4.85E-04,1,8,0.91%,673.3,2.35%
EWS:FLI1-fusion(ETS)/SK_N_MC-EWS:FLI1-ChIP-Seq(SRA014231)/Homer,VACAGGAAAT,1.00E+00,-2.93E-04,1,92,10.43%,4105,14.33%
Atf4(bZIP)/MEF-Atf4-ChIP-Seq(GSE35681)/Homer,MTGATGCAAT,1.00E+00,-2.80E-04,1,9,1.02%,750.2,2.62%
ZEB1(Zf)/PDAC-ZEB1-ChIP-Seq(GSE64557)/Homer,VCAGGTRDRY,1.00E+00,-2.31E-04,1,169,19.16%,6905.6,24.10%
ELF3(ETS)/PDAC-ELF3-ChIP-Seq(GSE64557)/Homer,ANCAGGAAGT,1.00E+00,-1.58E-04,1,84,9.52%,3864.9,13.49%
HLF(bZIP)/HSC-HLF.Flag-ChIP-Seq(GSE69817)/Homer,RTTATGYAAB,1.00E+00,-5.40E-05,1,34,3.85%,1974.9,6.89%
NRF(NRF)/Promoter/Homer,STGCGCATGCGC,1.00E+00,-3.70E-05,1,63,7.14%,3179.6,11.10%
NRF1(NRF)/MCF7-NRF1-ChIP-Seq(Unpublished)/Homer,CTGCGCATGCGC,1.00E+00,-3.30E-05,1,61,6.92%,3108.8,10.85%
ERG(ETS)/VCaP-ERG-ChIP-Seq(GSE14097)/Homer,ACAGGAAGTG,1.00E+00,-2.60E-05,1,233,26.42%,9380,32.73%
YY1(Zf)/Promoter/Homer,CAAGATGGCGGC,1.00E+00,-2.10E-05,1,10,1.13%,923.2,3.22%
EHF(ETS)/LoVo-EHF-ChIP-Seq(GSE49402)/Homer,AVCAGGAAGT,1.00E+00,-1.80E-05,1,169,19.16%,7179.2,25.05%
ETV1(ETS)/GIST48-ETV1-ChIP-Seq(GSE22441)/Homer,AACCGGAAGT,1.00E+00,-5.00E-06,1,225,25.51%,9273.1,32.36%
Etv2(ETS)/ES-ER71-ChIP-Seq(GSE59402)/Homer,NNAYTTCCTGHN,1.00E+00,-2.00E-06,1,135,15.31%,6147.5,21.45%
ELF5(ETS)/T47D-ELF5-ChIP-Seq(GSE30407)/Homer,ACVAGGAAGT,1.00E+00,-2.00E-06,1,90,10.20%,4458.8,15.56%
ETV4(ETS)/HepG2-ETV4-ChIP-Seq(ENCODE)/Homer,ACCGGAAGTG,1.00E+00,-2.00E-06,1,214,24.26%,8992.1,31.38%
ETS1(ETS)/Jurkat-ETS1-ChIP-Seq(GSE17954)/Homer,ACAGGAAGTG,1.00E+00,-2.00E-06,1,164,18.59%,7229.3,25.23%
Elk4(ETS)/Hela-Elk4-ChIP-Seq(GSE31477)/Homer,NRYTTCCGGY,1.00E+00,0.00E+00,1,134,15.19%,6460.8,22.55%
Elf4(ETS)/BMDM-Elf4-ChIP-Seq(GSE88699)/Homer,ACTTCCKGKT,1.00E+00,0.00E+00,1,153,17.35%,7178,25.05%
Fli1(ETS)/CD8-FLI-ChIP-Seq(GSE20898)/Homer,NRYTTCCGGH,1.00E+00,0.00E+00,1,198,22.45%,8812.1,30.75%
Elk1(ETS)/Hela-Elk1-ChIP-Seq(GSE31477)/Homer,HACTTCCGGY,1.00E+00,0.00E+00,1,127,14.40%,6435.6,22.46%
ELF1(ETS)/Jurkat-ELF1-ChIP-Seq(SRA014231)/Homer,AVCCGGAAGT,1.00E+00,0.00E+00,1,105,11.90%,5988.2,20.90%
GABPA(ETS)/Jurkat-GABPa-ChIP-Seq(GSE17954)/Homer,RACCGGAAGT,1.00E+00,0.00E+00,1,135,15.31%,7106.6,24.80%
ETS(ETS)/Promoter/Homer,AACCGGAAGT,1.00E+00,0.00E+00,1,62,7.03%,4161.9,14.52%
ZNF528(Zf)/HEK293-ZNF528.GFP-ChIP-Seq(GSE58341)/Homer,AGAAATGACTTCCCT,1.00E+00,0.00E+00,1,0,0.00%,21.7,0.08%
p53(p53)/mES-cMyc-ChIP-Seq(GSE11431)/Homer,ACATGCCCGGGCAT,1.00E+00,0.00E+00,1,0,0.00%,62.9,0.22%
"Pax7(Paired,Homeobox),longest/Myoblast-Pax7-ChIP-Seq(GSE25064)/Homer",NTAATTDGCYAATTANNWWD,1.00E+00,0.00E+00,1,0,0.00%,26,0.09%
"OCT:OCT(POU,Homeobox)/NPC-OCT6-ChIP-Seq(GSE43916)/Homer",YATGCATATRCATRT,1.00E+00,0.00E+00,1,0,0.00%,173.6,0.61%
ZFP3(Zf)/HEK293-ZFP3.GFP-ChIP-Seq(GSE58341)/Homer,GGGTTTTGAAGGATGARTAGGAGTT,1.00E+00,0.00E+00,1,0,0.00%,1.3,0.00%
DUX(Homeobox)/C2C12-Dux-ChIP-Seq(GSE87279)/Homer,BCWGATTCAATCAAN,1.00E+00,0.00E+00,1,0,0.00%,7.2,0.03%