Motif Name,Consensus,P-value,Log P-value,q-value (Benjamini),# of Target Sequences with Motif(of 470),% of Target Sequences with Motif,# of Background Sequences with Motif(of 29069),% of Background Sequences with Motif
ISRE(IRF)/ThioMac-LPS-Expression(GSE23622)/Homer,AGTTTCASTTTC,1.00E-56,-1.30E+02,0,72,15.32%,293.6,1.01%
IRF1(IRF)/PBMC-IRF1-ChIP-Seq(GSE43036)/Homer,GAAAGTGAAAGT,1.00E-45,-1.05E+02,0,83,17.66%,646.2,2.22%
IRF3(IRF)/BMDM-Irf3-ChIP-Seq(GSE67343)/Homer,AGTTTCAKTTTC,1.00E-43,-1.00E+02,0,108,22.98%,1284.6,4.41%
IRF2(IRF)/Erythroblas-IRF2-ChIP-Seq(GSE36985)/Homer,GAAASYGAAASY,1.00E-42,-9.85E+01,0,78,16.60%,603.2,2.07%
IRF8(IRF)/BMDM-IRF8-ChIP-Seq(GSE77884)/Homer,GRAASTGAAAST,1.00E-36,-8.41E+01,0,116,24.68%,1790.8,6.15%
NFkB-p65-Rel(RHD)/ThioMac-LPS-Expression(GSE23622)/Homer,GGAAATTCCC,1.00E-23,-5.34E+01,0,39,8.30%,263.7,0.91%
PU.1:IRF8(ETS:IRF)/pDC-Irf8-ChIP-Seq(GSE66899)/Homer,GGAAGTGAAAST,1.00E-22,-5.12E+01,0,67,14.26%,956.2,3.28%
T1ISRE(IRF)/ThioMac-Ifnb-Expression/Homer,ACTTTCGTTTCT,1.00E-18,-4.36E+01,0,18,3.83%,35.2,0.12%
NFkB-p65(RHD)/GM12787-p65-ChIP-Seq(GSE19485)/Homer,WGGGGATTTCCC,1.00E-15,-3.55E+01,0,96,20.43%,2413.9,8.28%
"NFkB-p50,p52(RHD)/Monocyte-p50-ChIP-Chip(Schreiber_et_al.)/Homer",GGGGGAATCCCC,1.00E-12,-2.82E+01,0,42,8.94%,679.4,2.33%
IRF4(IRF)/GM12878-IRF4-ChIP-Seq(GSE32465)/Homer,ACTGAAACCA,1.00E-10,-2.50E+01,0,67,14.26%,1663.1,5.71%
PRDM1(Zf)/Hela-PRDM1-ChIP-Seq(GSE31477)/Homer,ACTTTCACTTTC,1.00E-10,-2.45E+01,0,79,16.81%,2175.1,7.46%
Atf3(bZIP)/GBM-ATF3-ChIP-Seq(GSE33912)/Homer,DATGASTCATHN,1.00E-09,-2.25E+01,0,73,15.53%,2019.9,6.93%
"bZIP:IRF(bZIP,IRF)/Th17-BatF-ChIP-Seq(GSE39756)/Homer",NAGTTTCABTHTGACTNW,1.00E-09,-2.13E+01,0,54,11.49%,1300.8,4.46%
AP-1(bZIP)/ThioMac-PU.1-ChIP-Seq(GSE21512)/Homer,VTGACTCATC,1.00E-08,-1.94E+01,0,77,16.38%,2348.8,8.06%
BATF(bZIP)/Th17-BATF-ChIP-Seq(GSE39756)/Homer,DATGASTCAT,1.00E-07,-1.83E+01,0,69,14.68%,2055,7.05%
Fra1(bZIP)/BT549-Fra1-ChIP-Seq(GSE46166)/Homer,NNATGASTCATH,1.00E-07,-1.77E+01,0,60,12.77%,1697.7,5.83%
PU.1-IRF(ETS:IRF)/Bcell-PU.1-ChIP-Seq(GSE21512)/Homer,MGGAAGTGAAAC,1.00E-07,-1.72E+01,0,162,34.47%,6776.9,23.26%
Fra2(bZIP)/Striatum-Fra2-ChIP-Seq(GSE43429)/Homer,GGATGACTCATC,1.00E-07,-1.71E+01,0,55,11.70%,1519.4,5.21%
Fos(bZIP)/TSC-Fos-ChIP-Seq(GSE110950)/Homer,NDATGASTCAYN,1.00E-07,-1.69E+01,0,61,12.98%,1779.3,6.11%
STAT1(Stat)/HelaS3-STAT1-ChIP-Seq(GSE12782)/Homer,NATTTCCNGGAAAT,1.00E-06,-1.56E+01,0,50,10.64%,1381.9,4.74%
JunB(bZIP)/DendriticCells-Junb-ChIP-Seq(GSE36099)/Homer,RATGASTCAT,1.00E-06,-1.41E+01,0,57,12.13%,1761.6,6.05%
IRF:BATF(IRF:bZIP)/pDC-Irf8-ChIP-Seq(GSE66899)/Homer,CTTTCANTATGACTV,1.00E-05,-1.27E+01,0.0001,18,3.83%,294.6,1.01%
Fosl2(bZIP)/3T3L1-Fosl2-ChIP-Seq(GSE56872)/Homer,NATGASTCABNN,1.00E-05,-1.21E+01,0.0001,40,8.51%,1134.5,3.89%
STAT5(Stat)/mCD4+-Stat5-ChIP-Seq(GSE12346)/Homer,RTTTCTNAGAAA,1.00E-04,-1.13E+01,0.0002,50,10.64%,1615.4,5.54%
STAT4(Stat)/CD4-Stat4-ChIP-Seq(GSE22104)/Homer,NYTTCCWGGAAR,1.00E-04,-9.39E+00,0.0014,96,20.43%,4059.4,13.93%
CEBP(bZIP)/ThioMac-CEBPb-ChIP-Seq(GSE21512)/Homer,ATTGCGCAAC,1.00E-03,-8.70E+00,0.0027,54,11.49%,1988.7,6.83%
TATA-Box(TBP)/Promoter/Homer,CCTTTTAWAGSC,1.00E-03,-7.68E+00,0.0073,124,26.38%,5804.9,19.92%
"Fox:Ebox(Forkhead,bHLH)/Panc1-Foxa2-ChIP-Seq(GSE47459)/Homer",NNNVCTGWGYAAACASN,1.00E-03,-7.26E+00,0.0107,72,15.32%,3037.2,10.42%
Stat3+il21(Stat)/CD4-Stat3-ChIP-Seq(GSE19198)/Homer,SVYTTCCNGGAARB,1.00E-03,-6.94E+00,0.0143,81,17.23%,3551.9,12.19%
Bach2(bZIP)/OCILy7-Bach2-ChIP-Seq(GSE44420)/Homer,TGCTGAGTCA,1.00E-03,-6.92E+00,0.0143,23,4.89%,681.9,2.34%
Jun-AP1(bZIP)/K562-cJun-ChIP-Seq(GSE31477)/Homer,GATGASTCATCN,1.00E-02,-6.87E+00,0.0143,26,5.53%,814.2,2.79%
NFIL3(bZIP)/HepG2-NFIL3-ChIP-Seq(Encode)/Homer,VTTACGTAAYNNNNN,1.00E-02,-6.73E+00,0.016,60,12.77%,2473.5,8.49%
NFAT(RHD)/Jurkat-NFATC1-ChIP-Seq(Jolma_et_al.)/Homer,ATTTTCCATT,1.00E-02,-6.19E+00,0.0265,68,14.47%,2952.2,10.13%
HLF(bZIP)/HSC-HLF.Flag-ChIP-Seq(GSE69817)/Homer,RTTATGYAAB,1.00E-02,-5.93E+00,0.0335,57,12.13%,2406.7,8.26%
Pitx1(Homeobox)/Chicken-Pitx1-ChIP-Seq(GSE38910)/Homer,TAATCCCN,1.00E-02,-5.88E+00,0.0342,267,56.81%,14647,50.27%
FOXK1(Forkhead)/HEK293-FOXK1-ChIP-Seq(GSE51673)/Homer,NVWTGTTTAC,1.00E-02,-5.84E+00,0.0345,69,14.68%,3049.4,10.47%
Klf4(Zf)/mES-Klf4-ChIP-Seq(GSE11431)/Homer,GCCACACCCA,1.00E-02,-5.81E+00,0.0347,101,21.49%,4805,16.49%
FOXK2(Forkhead)/U2OS-FOXK2-ChIP-Seq(E-MTAB-2204)/Homer,SCHTGTTTACAT,1.00E-02,-5.81E+00,0.0347,46,9.79%,1854.1,6.36%
THRb(NR)/HepG2-THRb.Flag-ChIP-Seq(Encode)/Homer,GGTCACCTGAGGTCA,1.00E-02,-5.73E+00,0.0356,62,13.19%,2691.6,9.24%
CEBP:AP1(bZIP)/ThioMac-CEBPb-ChIP-Seq(GSE21512)/Homer,DRTGTTGCAA,1.00E-02,-5.70E+00,0.0359,56,11.91%,2380.4,8.17%
Bcl6(Zf)/Liver-Bcl6-ChIP-Seq(GSE31578)/Homer,NNNCTTTCCAGGAAA,1.00E-02,-5.55E+00,0.0407,119,25.32%,5863.6,20.12%
Foxa2(Forkhead)/Liver-Foxa2-ChIP-Seq(GSE25694)/Homer,CYTGTTTACWYW,1.00E-02,-5.51E+00,0.0415,52,11.06%,2194.8,7.53%
Stat3(Stat)/mES-Stat3-ChIP-Seq(GSE11431)/Homer,CTTCCGGGAA,1.00E-02,-5.50E+00,0.0415,68,14.47%,3041.3,10.44%
Foxf1(Forkhead)/Lung-Foxf1-ChIP-Seq(GSE77951)/Homer,WWATRTAAACAN,1.00E-02,-5.42E+00,0.0432,56,11.91%,2413.9,8.28%
Sp5(Zf)/mES-Sp5.Flag-ChIP-Seq(GSE72989)/Homer,RGKGGGCGGAGC,1.00E-02,-5.14E+00,0.0563,249,52.98%,13700.3,47.02%
Six2(Homeobox)/NephronProgenitor-Six2-ChIP-Seq(GSE39837)/Homer,GWAAYHTGAKMC,1.00E-02,-4.93E+00,0.0675,80,17.02%,3777.8,12.97%
Egr2(Zf)/Thymocytes-Egr2-ChIP-Seq(GSE34254)/Homer,NGCGTGGGCGGR,1.00E-02,-4.82E+00,0.0736,44,9.36%,1857.8,6.38%
Bach1(bZIP)/K562-Bach1-ChIP-Seq(GSE31477)/Homer,AWWNTGCTGAGTCAT,1.00E-02,-4.79E+00,0.0747,8,1.70%,172.9,0.59%
Foxa3(Forkhead)/Liver-Foxa3-ChIP-Seq(GSE77670)/Homer,BSNTGTTTACWYWGN,1.00E-02,-4.75E+00,0.076,24,5.11%,865.8,2.97%
MafB(bZIP)/BMM-Mafb-ChIP-Seq(GSE75722)/Homer,WNTGCTGASTCAGCANWTTY,1.00E-01,-4.53E+00,0.0932,32,6.81%,1276.1,4.38%
TEAD2(TEA)/Py2T-Tead2-ChIP-Seq(GSE55709)/Homer,CCWGGAATGY,1.00E-01,-4.39E+00,0.1047,47,10.00%,2066.6,7.09%
FOXA1(Forkhead)/MCF7-FOXA1-ChIP-Seq(GSE26831)/Homer,WAAGTAAACA,1.00E-01,-4.27E+00,0.1167,56,11.91%,2565.8,8.81%
MafK(bZIP)/C2C12-MafK-ChIP-Seq(GSE36030)/Homer,GCTGASTCAGCA,1.00E-01,-4.22E+00,0.1202,23,4.89%,860.2,2.95%
FOXM1(Forkhead)/MCF7-FOXM1-ChIP-Seq(GSE72977)/Homer,TRTTTACTTW,1.00E-01,-4.15E+00,0.1268,61,12.98%,2855.6,9.80%
Atf1(bZIP)/K562-ATF1-ChIP-Seq(GSE31477)/Homer,GATGACGTCA,1.00E-01,-4.14E+00,0.1268,74,15.74%,3575.5,12.27%
Atf4(bZIP)/MEF-Atf4-ChIP-Seq(GSE35681)/Homer,MTGATGCAAT,1.00E-01,-4.07E+00,0.1312,23,4.89%,872.7,3.00%
KLF6(Zf)/PDAC-KLF6-ChIP-Seq(GSE64557)/Homer,MKGGGYGTGGCC,1.00E-01,-4.07E+00,0.1312,212,45.11%,11698.2,40.15%
KLF3(Zf)/MEF-Klf3-ChIP-Seq(GSE44748)/Homer,NRGCCCCRCCCHBNN,1.00E-01,-4.02E+00,0.1345,153,32.55%,8163.9,28.02%
FoxL2(Forkhead)/Ovary-FoxL2-ChIP-Seq(GSE60858)/Homer,WWTRTAAACAVG,1.00E-01,-3.82E+00,0.1611,47,10.00%,2143.4,7.36%
"Oct4(POU,Homeobox)/mES-Oct4-ChIP-Seq(GSE11431)/Homer",ATTTGCATAW,1.00E-01,-3.79E+00,0.1626,29,6.17%,1199.9,4.12%
Klf9(Zf)/GBM-Klf9-ChIP-Seq(GSE62211)/Homer,GCCACRCCCACY,1.00E-01,-3.74E+00,0.1687,119,25.32%,6228.9,21.38%
EWS:ERG-fusion(ETS)/CADO_ES1-EWS:ERG-ChIP-Seq(SRA014231)/Homer,ATTTCCTGTN,1.00E-01,-3.57E+00,0.1972,73,15.53%,3621.4,12.43%
Rbpj1(?)/Panc1-Rbpj1-ChIP-Seq(GSE47459)/Homer,HTTTCCCASG,1.00E-01,-3.54E+00,0.1986,128,27.23%,6802.9,23.35%
TEAD(TEA)/Fibroblast-PU.1-ChIP-Seq(Unpublished)/Homer,YCWGGAATGY,1.00E-01,-3.38E+00,0.2298,48,10.21%,2262.8,7.77%
RARg(NR)/ES-RARg-ChIP-Seq(GSE30538)/Homer,AGGTCAAGGTCA,1.00E-01,-3.37E+00,0.2298,5,1.06%,108,0.37%
"Brn1(POU,Homeobox)/NPC-Brn1-ChIP-Seq(GSE35496)/Homer",TATGCWAATBAV,1.00E-01,-3.37E+00,0.2298,21,4.47%,837.5,2.87%
NF-E2(bZIP)/K562-NFE2-ChIP-Seq(GSE31477)/Homer,GATGACTCAGCA,1.00E-01,-3.33E+00,0.2323,7,1.49%,187.8,0.64%
Maz(Zf)/HepG2-Maz-ChIP-Seq(GSE31477)/Homer,GGGGGGGG,1.00E-01,-3.30E+00,0.2363,243,51.70%,13824.4,47.44%
Nrf2(bZIP)/Lymphoblast-Nrf2-ChIP-Seq(GSE37589)/Homer,HTGCTGAGTCAT,1.00E-01,-3.28E+00,0.2371,6,1.28%,149.8,0.51%
"Pax8(Paired,Homeobox)/Thyroid-Pax8-ChIP-Seq(GSE26938)/Homer",GTCATGCHTGRCTGS,1.00E-01,-3.28E+00,0.2371,32,6.81%,1415.4,4.86%
Otx2(Homeobox)/EpiLC-Otx2-ChIP-Seq(GSE56098)/Homer,NYTAATCCYB,1.00E-01,-3.25E+00,0.2379,50,10.64%,2395,8.22%
Sp1(Zf)/Promoter/Homer,GGCCCCGCCCCC,1.00E-01,-3.17E+00,0.2527,132,28.09%,7134.3,24.48%
Chop(bZIP)/MEF-Chop-ChIP-Seq(GSE35681)/Homer,ATTGCATCAT,1.00E-01,-3.03E+00,0.2886,18,3.83%,719.4,2.47%
Nanog(Homeobox)/mES-Nanog-ChIP-Seq(GSE11724)/Homer,RGCCATTAAC,1.00E-01,-2.92E+00,0.3175,259,55.11%,14938.5,51.27%
SpiB(ETS)/OCILY3-SPIB-ChIP-Seq(GSE56857)/Homer,AAAGRGGAAGTG,1.00E-01,-2.91E+00,0.3175,33,7.02%,1517.2,5.21%
STAT6(Stat)/Macrophage-Stat6-ChIP-Seq(GSE38377)/Homer,TTCCKNAGAA,1.00E-01,-2.91E+00,0.3175,45,9.57%,2174.3,7.46%
NFE2L2(bZIP)/HepG2-NFE2L2-ChIP-Seq(Encode)/Homer,AWWWTGCTGAGTCAT,1.00E-01,-2.90E+00,0.3175,5,1.06%,124.2,0.43%
EAR2(NR)/K562-NR2F6-ChIP-Seq(Encode)/Homer,NRBCARRGGTCA,1.00E-01,-2.88E+00,0.3175,100,21.28%,5327.4,18.28%
ERRg(NR)/Kidney-ESRRG-ChIP-Seq(GSE104905)/Homer,GTGACCTTGRVN,1.00E-01,-2.86E+00,0.3175,62,13.19%,3138.7,10.77%
"FOXA1:AR(Forkhead,NR)/LNCAP-AR-ChIP-Seq(GSE27824)/Homer",AGTAAACAAAAAAGAACAND,1.00E-01,-2.84E+00,0.3175,5,1.06%,126.7,0.43%
SPDEF(ETS)/VCaP-SPDEF-ChIP-Seq(SRA014231)/Homer,ASWTCCTGBT,1.00E-01,-2.84E+00,0.3175,113,24.04%,6101.4,20.94%
Hoxa10(Homeobox)/ChickenMSG-Hoxa10.Flag-ChIP-Seq(GSE86088)/Homer,GGYAATGAAA,1.00E-01,-2.80E+00,0.3214,36,7.66%,1696.6,5.82%
"Oct11(POU,Homeobox)/NCIH1048-POU2F3-ChIP-seq(GSE115123)/Homer",GATTTGCATA,1.00E-01,-2.70E+00,0.3535,21,4.47%,907.3,3.11%
RUNX-AML(Runt)/CD4+-PolII-ChIP-Seq(Barski_et_al.)/Homer,GCTGTGGTTW,1.00E-01,-2.69E+00,0.3535,51,10.85%,2549.7,8.75%
CREB5(bZIP)/LNCaP-CREB5.V5-ChIP-Seq(GSE137775)/Homer,VVATGACGTCAT,1.00E-01,-2.60E+00,0.3791,40,8.51%,1949.9,6.69%
Foxo3(Forkhead)/U2OS-Foxo3-ChIP-Seq(E-MTAB-2701)/Homer,DGTAAACA,1.00E-01,-2.59E+00,0.3791,44,9.36%,2174.1,7.46%
FOXA1(Forkhead)/LNCAP-FOXA1-ChIP-Seq(GSE27824)/Homer,WAAGTAAACA,1.00E-01,-2.50E+00,0.4087,62,13.19%,3213.2,11.03%
SCL(bHLH)/HPC7-Scl-ChIP-Seq(GSE13511)/Homer,AVCAGCTG,1.00E-01,-2.47E+00,0.4187,304,64.68%,17911.3,61.47%
Sp2(Zf)/HEK293-Sp2.eGFP-ChIP-Seq(Encode)/Homer,YGGCCCCGCCCC,1.00E-01,-2.45E+00,0.4224,278,59.15%,16287.2,55.90%
Tbet(T-box)/CD8-Tbet-ChIP-Seq(GSE33802)/Homer,AGGTGTGAAM,1.00E-01,-2.44E+00,0.4227,65,13.83%,3401.4,11.67%
ZNF415(Zf)/HEK293-ZNF415.GFP-ChIP-Seq(GSE58341)/Homer,GRTGMTRGAGCC,1.00E-01,-2.43E+00,0.4227,55,11.70%,2829.2,9.71%
FOXP1(Forkhead)/H9-FOXP1-ChIP-Seq(GSE31006)/Homer,NYYTGTTTACHN,1.00E-01,-2.38E+00,0.4367,28,5.96%,1323.5,4.54%
KLF14(Zf)/HEK293-KLF14.GFP-ChIP-Seq(GSE58341)/Homer,RGKGGGCGKGGC,1.00E-01,-2.36E+00,0.4424,289,61.49%,17009.8,58.38%
THRa(NR)/C17.2-THRa-ChIP-Seq(GSE38347)/Homer,GGTCANYTGAGGWCA,1.00E-01,-2.34E+00,0.4464,37,7.87%,1828.6,6.28%
EBF(EBF)/proBcell-EBF-ChIP-Seq(GSE21978)/Homer,DGTCCCYRGGGA,1.00E-01,-2.32E+00,0.4512,25,5.32%,1169.8,4.01%
PRDM15(Zf)/ESC-Prdm15-ChIP-Seq(GSE73694)/Homer,YCCDNTCCAGGTTTT,1.00E+00,-2.28E+00,0.4646,91,19.36%,4960.1,17.02%
"RBPJ:Ebox(?,bHLH)/Panc1-Rbpj1-ChIP-Seq(GSE47459)/Homer",GGGRAARRGRMCAGMTG,1.00E+00,-2.25E+00,0.4735,30,6.38%,1454.7,4.99%
Bcl11a(Zf)/HSPC-BCL11A-ChIP-Seq(GSE104676)/Homer,TYTGACCASWRG,1.00E+00,-2.22E+00,0.4834,56,11.91%,2933.3,10.07%
NF1-halfsite(CTF)/LNCaP-NF1-ChIP-Seq(Unpublished)/Homer,YTGCCAAG,1.00E+00,-2.19E+00,0.4927,142,30.21%,8033.7,27.57%
CRX(Homeobox)/Retina-Crx-ChIP-Seq(GSE20012)/Homer,GCTAATCC,1.00E+00,-2.10E+00,0.5311,146,31.06%,8305.7,28.50%
COUP-TFII(NR)/K562-NR2F1-ChIP-Seq(Encode)/Homer,GKBCARAGGTCA,1.00E+00,-2.10E+00,0.5311,106,22.55%,5904.6,20.26%
Nr5a2(NR)/Pancreas-LRH1-ChIP-Seq(GSE34295)/Homer,BTCAAGGTCA,1.00E+00,-2.08E+00,0.5337,51,10.85%,2677.7,9.19%
RUNX2(Runt)/PCa-RUNX2-ChIP-Seq(GSE33889)/Homer,NWAACCACADNN,1.00E+00,-2.05E+00,0.5438,54,11.49%,2857.6,9.81%
ERG(ETS)/VCaP-ERG-ChIP-Seq(GSE14097)/Homer,ACAGGAAGTG,1.00E+00,-2.05E+00,0.5438,177,37.66%,10208.5,35.04%
PGR(NR)/EndoStromal-PGR-ChIP-Seq(GSE69539)/Homer,AAGAACATWHTGTTC,1.00E+00,-2.01E+00,0.5551,15,3.19%,671.6,2.31%
Zic2(Zf)/ESC-Zic2-ChIP-Seq(SRP197560)/Homer,CHCAGCRGGRGG,1.00E+00,-1.99E+00,0.5621,53,11.28%,2814.7,9.66%
Zfp809(Zf)/ES-Zfp809-ChIP-Seq(GSE70799)/Homer,GGGGCTYGKCTGGGA,1.00E+00,-1.99E+00,0.5621,27,5.74%,1331.7,4.57%
"PAX5(Paired,Homeobox),condensed/GM12878-PAX5-ChIP-Seq(GSE32465)/Homer",GTCACGCTCSCTGM,1.00E+00,-1.95E+00,0.572,12,2.55%,519.7,1.78%
CTCF(Zf)/CD4+-CTCF-ChIP-Seq(Barski_et_al.)/Homer,AYAGTGCCMYCTRGTGGCCA,1.00E+00,-1.91E+00,0.5939,19,4.04%,901.9,3.10%
ZNF165(Zf)/WHIM12-ZNF165-ChIP-Seq(GSE65937)/Homer,AAGGKGRCGCAGGCA,1.00E+00,-1.88E+00,0.6035,16,3.40%,741.9,2.55%
AP-2gamma(AP2)/MCF7-TFAP2C-ChIP-Seq(GSE21234)/Homer,SCCTSAGGSCAW,1.00E+00,-1.88E+00,0.6035,122,25.96%,6940.7,23.82%
E2F(E2F)/Hela-CellCycle-Expression/Homer,TTSGCGCGAAAA,1.00E+00,-1.85E+00,0.6101,12,2.55%,530.6,1.82%
ZNF264(Zf)/HEK293-ZNF264.GFP-ChIP-Seq(GSE58341)/Homer,RGGGCACTAACY,1.00E+00,-1.85E+00,0.6101,52,11.06%,2790.4,9.58%
RORgt(NR)/EL4-RORgt.Flag-ChIP-Seq(GSE56019)/Homer,AAYTAGGTCA,1.00E+00,-1.80E+00,0.6258,9,1.91%,379,1.30%
RORgt(NR)/EL4-RORgt.Flag-ChIP-Seq(GSE56019)/Homer,AAYTAGGTCA,1.00E+00,-1.80E+00,0.6258,9,1.91%,379,1.30%
AP-2alpha(AP2)/Hela-AP2alpha-ChIP-Seq(GSE31477)/Homer,ATGCCCTGAGGC,1.00E+00,-1.79E+00,0.6274,95,20.21%,5351.7,18.37%
Pdx1(Homeobox)/Islet-Pdx1-ChIP-Seq(SRA008281)/Homer,YCATYAATCA,1.00E+00,-1.77E+00,0.6334,44,9.36%,2345.5,8.05%
Egr1(Zf)/K562-Egr1-ChIP-Seq(GSE32465)/Homer,TGCGTGGGYG,1.00E+00,-1.76E+00,0.6394,103,21.91%,5843.4,20.05%
FoxD3(forkhead)/ZebrafishEmbryo-Foxd3.biotin-ChIP-seq(GSE106676)/Homer,TGTTTAYTTAGC,1.00E+00,-1.75E+00,0.6394,47,10.00%,2525.5,8.67%
EHF(ETS)/LoVo-EHF-ChIP-Seq(GSE49402)/Homer,AVCAGGAAGT,1.00E+00,-1.73E+00,0.645,139,29.57%,8026.2,27.55%
Nkx6.1(Homeobox)/Islet-Nkx6.1-ChIP-Seq(GSE40975)/Homer,GKTAATGR,1.00E+00,-1.73E+00,0.645,120,25.53%,6876.4,23.60%
Npas4(bHLH)/Neuron-Npas4-ChIP-Seq(GSE127793)/Homer,NHRTCACGACDN,1.00E+00,-1.72E+00,0.645,66,14.04%,3650.4,12.53%
WT1(Zf)/Kidney-WT1-ChIP-Seq(GSE90016)/Homer,MCTCCCMCRCAB,1.00E+00,-1.70E+00,0.6456,86,18.30%,4843.4,16.62%
Mef2b(MADS)/HEK293-Mef2b.V5-ChIP-Seq(GSE67450)/Homer,GCTATTTTTGGM,1.00E+00,-1.70E+00,0.6456,45,9.57%,2421.5,8.31%
ZNF382(Zf)/HEK293-ZNF382.GFP-ChIP-Seq(GSE58341)/Homer,GNCTGTASTRNTGBCTCHTT,1.00E+00,-1.69E+00,0.6456,3,0.64%,90.2,0.31%
Nkx2.5(Homeobox)/HL1-Nkx2.5.biotin-ChIP-Seq(GSE21529)/Homer,RRSCACTYAA,1.00E+00,-1.68E+00,0.6456,156,33.19%,9080.3,31.16%
Tbx21(T-box)/GM12878-TBX21-ChIP-Seq(Encode)/Homer,AGGTGTGAAA,1.00E+00,-1.67E+00,0.6504,60,12.77%,3311.2,11.36%
KLF1(Zf)/HUDEP2-KLF1-CutnRun(GSE136251)/Homer,VDGGGYGGGGCY,1.00E+00,-1.66E+00,0.6504,208,44.26%,12276.3,42.13%
Mef2a(MADS)/HL1-Mef2a.biotin-ChIP-Seq(GSE21529)/Homer,CYAAAAATAG,1.00E+00,-1.65E+00,0.6504,23,4.89%,1165.2,4.00%
HOXB13(Homeobox)/ProstateTumor-HOXB13-ChIP-Seq(GSE56288)/Homer,TTTTATKRGG,1.00E+00,-1.65E+00,0.6504,61,12.98%,3376.2,11.59%
Ap4(bHLH)/AML-Tfap4-ChIP-Seq(GSE45738)/Homer,NAHCAGCTGD,1.00E+00,-1.64E+00,0.6504,97,20.64%,5526.6,18.97%
GSC(Homeobox)/FrogEmbryos-GSC-ChIP-Seq(DRA000576)/Homer,RGGATTAR,1.00E+00,-1.63E+00,0.6513,61,12.98%,3382.5,11.61%
Ptf1a(bHLH)/Panc1-Ptf1a-ChIP-Seq(GSE47459)/Homer,ACAGCTGTTN,1.00E+00,-1.60E+00,0.6659,188,40.00%,11077.5,38.02%
Barx1(Homeobox)/Stomach-Barx1.3xFlag-ChIP-Seq(GSE69483)/Homer,AAACMATTAN,1.00E+00,-1.59E+00,0.6659,23,4.89%,1176.5,4.04%
"Reverb(NR),DR2/RAW-Reverba.biotin-ChIP-Seq(GSE45914)/Homer",GTRGGTCASTGGGTCA,1.00E+00,-1.59E+00,0.6659,11,2.34%,507.5,1.74%
KLF10(Zf)/HEK293-KLF10.GFP-ChIP-Seq(GSE58341)/Homer,GGGGGTGTGTCC,1.00E+00,-1.59E+00,0.6659,90,19.15%,5124.6,17.59%
Mef2c(MADS)/GM12878-Mef2c-ChIP-Seq(GSE32465)/Homer,DCYAAAAATAGM,1.00E+00,-1.52E+00,0.6945,22,4.68%,1132.7,3.89%
MyoG(bHLH)/C2C12-MyoG-ChIP-Seq(GSE36024)/Homer,AACAGCTG,1.00E+00,-1.52E+00,0.6945,89,18.94%,5088.5,17.46%
Esrrb(NR)/mES-Esrrb-ChIP-Seq(GSE11431)/Homer,KTGACCTTGA,1.00E+00,-1.52E+00,0.6945,41,8.72%,2235.9,7.67%
Pit1(Homeobox)/GCrat-Pit1-ChIP-Seq(GSE58009)/Homer,ATGMATATDC,1.00E+00,-1.51E+00,0.6945,40,8.51%,2179.7,7.48%
MYNN(Zf)/HEK293-MYNN.eGFP-ChIP-Seq(Encode)/Homer,TTCAAAWTAAAAGTC,1.00E+00,-1.48E+00,0.7085,14,2.98%,688.3,2.36%
Hoxb4(Homeobox)/ES-Hoxb4-ChIP-Seq(GSE34014)/Homer,TGATTRATGGCY,1.00E+00,-1.47E+00,0.7085,11,2.34%,522.6,1.79%
ZNF711(Zf)/SHSY5Y-ZNF711-ChIP-Seq(GSE20673)/Homer,AGGCCTAG,1.00E+00,-1.46E+00,0.7085,171,36.38%,10097.6,34.65%
Tbx6(T-box)/ESC-Tbx6-ChIP-Seq(GSE93524)/Homer,DAGGTGTBAA,1.00E+00,-1.46E+00,0.7085,73,15.53%,4150.1,14.24%
KLF5(Zf)/LoVo-KLF5-ChIP-Seq(GSE49402)/Homer,DGGGYGKGGC,1.00E+00,-1.46E+00,0.7085,233,49.57%,13920.5,47.77%
"GATA(Zf),IR4/iTreg-Gata3-ChIP-Seq(GSE20898)/Homer",NAGATWNBNATCTNN,1.00E+00,-1.44E+00,0.7085,4,0.85%,152.2,0.52%
Atf7(bZIP)/3T3L1-Atf7-ChIP-Seq(GSE56872)/Homer,NGRTGACGTCAY,1.00E+00,-1.41E+00,0.7239,50,10.64%,2795,9.59%
Znf263(Zf)/K562-Znf263-ChIP-Seq(GSE31477)/Homer,CVGTSCTCCC,1.00E+00,-1.40E+00,0.7281,188,40.00%,11173.5,38.35%
Dlx3(Homeobox)/Kerainocytes-Dlx3-ChIP-Seq(GSE89884)/Homer,NDGTAATTAC,1.00E+00,-1.40E+00,0.7281,31,6.60%,1680.6,5.77%
AR-halfsite(NR)/LNCaP-AR-ChIP-Seq(GSE27824)/Homer,CCAGGAACAG,1.00E+00,-1.39E+00,0.7281,246,52.34%,14761.5,50.66%
MafA(bZIP)/Islet-MafA-ChIP-Seq(GSE30298)/Homer,TGCTGACTCA,1.00E+00,-1.39E+00,0.7281,59,12.55%,3340,11.46%
DLX1(Homeobox)/BasalGanglia-Dlx1-ChIP-seq(GSE124936)/Homer,NSNNTAATTA,1.00E+00,-1.36E+00,0.7378,69,14.68%,3947.5,13.55%
"GRE(NR),IR3/RAW264.7-GRE-ChIP-Seq(Unpublished)/Homer",VAGRACAKWCTGTYC,1.00E+00,-1.35E+00,0.7391,15,3.19%,764.9,2.62%
DMRT6(DM)/Testis-DMRT6-ChIP-Seq(GSE60440)/Homer,YDGHTACAWTGTADC,1.00E+00,-1.35E+00,0.7391,10,2.13%,483.6,1.66%
STAT6(Stat)/CD4-Stat6-ChIP-Seq(GSE22104)/Homer,ABTTCYYRRGAA,1.00E+00,-1.32E+00,0.7505,36,7.66%,1992.1,6.84%
PU.1(ETS)/ThioMac-PU.1-ChIP-Seq(GSE21512)/Homer,AGAGGAAGTG,1.00E+00,-1.32E+00,0.7505,56,11.91%,3181.9,10.92%
"PAX5(Paired,Homeobox)/GM12878-PAX5-ChIP-Seq(GSE32465)/Homer",GCAGCCAAGCRTGACH,1.00E+00,-1.30E+00,0.7575,32,6.81%,1762.9,6.05%
Olig2(bHLH)/Neuron-Olig2-ChIP-Seq(GSE30882)/Homer,RCCATMTGTT,1.00E+00,-1.30E+00,0.7575,119,25.32%,6998,24.02%
Nkx2.1(Homeobox)/LungAC-Nkx2.1-ChIP-Seq(GSE43252)/Homer,RSCACTYRAG,1.00E+00,-1.30E+00,0.7575,194,41.28%,11596.6,39.80%
Six1(Homeobox)/Myoblast-Six1-ChIP-Chip(GSE20150)/Homer,GKVTCADRTTWC,1.00E+00,-1.27E+00,0.7663,17,3.62%,893,3.06%
ZNF136(Zf)/HEK293-ZNF136.GFP-ChIP-Seq(GSE58341)/Homer,YTKGATAHAGTATTCTWGGTNGGCA,1.00E+00,-1.26E+00,0.7717,5,1.06%,219.1,0.75%
Hoxd11(Homeobox)/ChickenMSG-Hoxd11.Flag-ChIP-Seq(GSE86088)/Homer,VGCCATAAAA,1.00E+00,-1.26E+00,0.7717,131,27.87%,7752.1,26.60%
Hoxd10(Homeobox)/ChickenMSG-Hoxd10.Flag-ChIP-Seq(GSE86088)/Homer,GGCMATGAAA,1.00E+00,-1.24E+00,0.7749,62,13.19%,3570.6,12.25%
LRF(Zf)/Erythroblasts-ZBTB7A-ChIP-Seq(GSE74977)/Homer,AAGACCCYYN,1.00E+00,-1.24E+00,0.7749,159,33.83%,9477.7,32.53%
"ETS:E-box(ETS,bHLH)/HPC7-Scl-ChIP-Seq(GSE22178)/Homer",AGGAARCAGCTG,1.00E+00,-1.21E+00,0.7874,8,1.70%,389.5,1.34%
EBF1(EBF)/Near-E2A-ChIP-Seq(GSE21512)/Homer,GTCCCCWGGGGA,1.00E+00,-1.21E+00,0.7874,107,22.77%,6310.9,21.66%
Unknown-ESC-element(?)/mES-Nanog-ChIP-Seq(GSE11724)/Homer,CACAGCAGGGGG,1.00E+00,-1.20E+00,0.7889,51,10.85%,2924.5,10.04%
Tcf7(HMG)/GM12878-TCF7-ChIP-Seq(Encode)/Homer,CTTTGATGTGSB,1.00E+00,-1.18E+00,0.8012,19,4.04%,1028.1,3.53%
PRDM10(Zf)/HEK293-PRDM10.eGFP-ChIP-Seq(Encode)/Homer,TGGTACATTCCA,1.00E+00,-1.18E+00,0.8012,45,9.57%,2572.5,8.83%
ZNF317(Zf)/HEK293-ZNF317.GFP-ChIP-Seq(GSE58341)/Homer,GTCWGCTGTYYCTCT,1.00E+00,-1.16E+00,0.8085,7,1.49%,340.4,1.17%
ELF3(ETS)/PDAC-ELF3-ChIP-Seq(GSE64557)/Homer,ANCAGGAAGT,1.00E+00,-1.15E+00,0.8097,75,15.96%,4392.9,15.08%
Tbx20(T-box)/Heart-Tbx20-ChIP-Seq(GSE29636)/Homer,GGTGYTGACAGS,1.00E+00,-1.15E+00,0.8097,17,3.62%,917.5,3.15%
BORIS(Zf)/K562-CTCFL-ChIP-Seq(GSE32465)/Homer,CNNBRGCGCCCCCTGSTGGC,1.00E+00,-1.14E+00,0.8107,32,6.81%,1807.5,6.20%
Nr5a2(NR)/mES-Nr5a2-ChIP-Seq(GSE19019)/Homer,BTCAAGGTCA,1.00E+00,-1.12E+00,0.8171,36,7.66%,2050.3,7.04%
"OCT:OCT-short(POU,Homeobox)/NPC-OCT6-ChIP-Seq(GSE43916)/Homer",ATGCATWATGCATRW,1.00E+00,-1.12E+00,0.8171,24,5.11%,1336,4.59%
Duxbl(Homeobox)/NIH3T3-Duxbl.HA-ChIP-Seq(GSE119782)/Homer,TAAYCYAATCAA,1.00E+00,-1.12E+00,0.8171,4,0.85%,178.9,0.61%
TEAD4(TEA)/Tropoblast-Tead4-ChIP-Seq(GSE37350)/Homer,CCWGGAATGY,1.00E+00,-1.11E+00,0.8171,59,12.55%,3440,11.81%
Nkx2.2(Homeobox)/NPC-Nkx2.2-ChIP-Seq(GSE61673)/Homer,BTBRAGTGSN,1.00E+00,-1.11E+00,0.8171,142,30.21%,8504.2,29.19%
Ets1-distal(ETS)/CD4+-PolII-ChIP-Seq(Barski_et_al.)/Homer,MACAGGAAGT,1.00E+00,-1.11E+00,0.8171,33,7.02%,1876.4,6.44%
Eomes(T-box)/H9-Eomes-ChIP-Seq(GSE26097)/Homer,ATTAACACCT,1.00E+00,-1.10E+00,0.8171,120,25.53%,7158.7,24.57%
DMRT1(DM)/Testis-DMRT1-ChIP-Seq(GSE64892)/Homer,TWGHWACAWTGTWDC,1.00E+00,-1.09E+00,0.8171,11,2.34%,579.9,1.99%
"Oct2(POU,Homeobox)/Bcell-Oct2-ChIP-Seq(GSE21512)/Homer",ATATGCAAAT,1.00E+00,-1.09E+00,0.8171,14,2.98%,754.9,2.59%
THRb(NR)/Liver-NR1A2-ChIP-Seq(GSE52613)/Homer,TRAGGTCA,1.00E+00,-1.08E+00,0.8171,252,53.62%,15314.1,52.56%
"E2A(bHLH),near_PU.1/Bcell-PU.1-ChIP-Seq(GSE21512)/Homer",NVCACCTGBN,1.00E+00,-1.06E+00,0.8284,101,21.49%,6021.3,20.66%
Unknown(Homeobox)/Limb-p300-ChIP-Seq/Homer,SSCMATWAAA,1.00E+00,-1.05E+00,0.8284,33,7.02%,1892.9,6.50%
PR(NR)/T47D-PR-ChIP-Seq(GSE31130)/Homer,VAGRACAKNCTGTBC,1.00E+00,-1.05E+00,0.8284,134,28.51%,8046,27.61%
EKLF(Zf)/Erythrocyte-Klf1-ChIP-Seq(GSE20478)/Homer,NWGGGTGTGGCY,1.00E+00,-1.05E+00,0.8284,31,6.60%,1774.1,6.09%
Atf2(bZIP)/3T3L1-Atf2-ChIP-Seq(GSE56872)/Homer,NRRTGACGTCAT,1.00E+00,-1.04E+00,0.8284,37,7.87%,2136.3,7.33%
E2F3(E2F)/MEF-E2F3-ChIP-Seq(GSE71376)/Homer,BTKGGCGGGAAA,1.00E+00,-1.04E+00,0.8284,95,20.21%,5662.6,19.43%
Pit1+1bp(Homeobox)/GCrat-Pit1-ChIP-Seq(GSE58009)/Homer,ATGCATAATTCA,1.00E+00,-1.03E+00,0.8284,12,2.55%,647.3,2.22%
Gfi1b(Zf)/HPC7-Gfi1b-ChIP-Seq(GSE22178)/Homer,MAATCACTGC,1.00E+00,-1.02E+00,0.8284,48,10.21%,2808.4,9.64%
Elf4(ETS)/BMDM-Elf4-ChIP-Seq(GSE88699)/Homer,ACTTCCKGKT,1.00E+00,-1.01E+00,0.8285,130,27.66%,7822.8,26.85%
GLIS3(Zf)/Thyroid-Glis3.GFP-ChIP-Seq(GSE103297)/Homer,CTCCCTGGGAGGCCN,1.00E+00,-1.01E+00,0.8285,150,31.91%,9054.8,31.08%
RUNX(Runt)/HPC7-Runx1-ChIP-Seq(GSE22178)/Homer,SAAACCACAG,1.00E+00,-1.01E+00,0.8285,47,10.00%,2753.7,9.45%
RORa(NR)/Liver-Rora-ChIP-Seq(GSE101115)/Homer,AAWCTAGGTCARDNN,1.00E+00,-1.00E+00,0.8285,8,1.70%,419.5,1.44%
SF1(NR)/H295R-Nr5a1-ChIP-Seq(GSE44220)/Homer,CAAGGHCANV,1.00E+00,-9.60E-01,0.8548,28,5.96%,1620.4,5.56%
ZEB2(Zf)/SNU398-ZEB2-ChIP-Seq(GSE103048)/Homer,GNMCAGGTGTGC,1.00E+00,-9.52E-01,0.8576,70,14.89%,4177.9,14.34%
"Pitx1:Ebox(Homeobox,bHLH)/Hindlimb-Pitx1-ChIP-Seq(GSE41591)/Homer",YTAATTRAWWCCAGATGT,1.00E+00,-9.49E-01,0.8576,8,1.70%,427.9,1.47%
ELF5(ETS)/T47D-ELF5-ChIP-Seq(GSE30407)/Homer,ACVAGGAAGT,1.00E+00,-9.49E-01,0.8576,83,17.66%,4974.9,17.07%
"RAR:RXR(NR),DR0/ES-RAR-ChIP-Seq(GSE56893)/Homer",AGGTCAAGGTCA,1.00E+00,-9.43E-01,0.8576,8,1.70%,428.3,1.47%
"VDR(NR),DR3/GM10855-VDR+vitD-ChIP-Seq(GSE22484)/Homer",ARAGGTCANWGAGTTCANNN,1.00E+00,-9.33E-01,0.8576,14,2.98%,786.1,2.70%
NFY(CCAAT)/Promoter/Homer,RGCCAATSRG,1.00E+00,-9.15E-01,0.8684,104,22.13%,6281.6,21.56%
HNF1b(Homeobox)/PDAC-HNF1B-ChIP-Seq(GSE64557)/Homer,GTTAATNATTAA,1.00E+00,-8.93E-01,0.8828,7,1.49%,377.7,1.30%
"GATA3(Zf),DR8/iTreg-Gata3-ChIP-Seq(GSE20898)/Homer",AGATSTNDNNDSAGATAASN,1.00E+00,-8.93E-01,0.8828,3,0.64%,144,0.49%
HIC1(Zf)/Treg-ZBTB29-ChIP-Seq(GSE99889)/Homer,TGCCAGCB,1.00E+00,-8.81E-01,0.8853,162,34.47%,9876.8,33.90%
"PAX3:FKHR-fusion(Paired,Homeobox)/Rh4-PAX3:FKHR-ChIP-Seq(GSE19063)/Homer",ACCRTGACTAATTNN,1.00E+00,-8.72E-01,0.8889,8,1.70%,440.2,1.51%
Ascl1(bHLH)/NeuralTubes-Ascl1-ChIP-Seq(GSE55840)/Homer,NNVVCAGCTGBN,1.00E+00,-8.72E-01,0.8889,119,25.32%,7230.5,24.81%
ZKSCAN1(Zf)/HepG2-ZKSCAN1-ChIP-Seq(Encode)/Homer,GCACAYAGTAGGKCY,1.00E+00,-8.69E-01,0.8889,2,0.43%,88.4,0.30%
c-Jun-CRE(bZIP)/K562-cJun-ChIP-Seq(GSE31477)/Homer,ATGACGTCATCY,1.00E+00,-8.58E-01,0.8889,31,6.60%,1836.8,6.30%
Bapx1(Homeobox)/VertebralCol-Bapx1-ChIP-Seq(GSE36672)/Homer,TTRAGTGSYK,1.00E+00,-8.51E-01,0.8903,137,29.15%,8353.3,28.67%
Foxo1(Forkhead)/RAW-Foxo1-ChIP-Seq(Fan_et_al.)/Homer,CTGTTTAC,1.00E+00,-8.49E-01,0.8903,122,25.96%,7429.9,25.50%
"GATA:SCL(Zf,bHLH)/Ter119-SCL-ChIP-Seq(GSE18720)/Homer",CRGCTGBNGNSNNSAGATAA,1.00E+00,-8.49E-01,0.8903,8,1.70%,444.8,1.53%
TEAD3(TEA)/HepG2-TEAD3-ChIP-Seq(Encode)/Homer,TRCATTCCAG,1.00E+00,-8.47E-01,0.8903,67,14.26%,4045.4,13.88%
"Oct4:Sox17(POU,Homeobox,HMG)/F9-Sox17-ChIP-Seq(GSE44553)/Homer",CCATTGTATGCAAAT,1.00E+00,-8.42E-01,0.8903,5,1.06%,266.6,0.91%
RORg(NR)/Liver-Rorc-ChIP-Seq(GSE101115)/Homer,WAABTAGGTCAV,1.00E+00,-8.35E-01,0.8903,5,1.06%,267.2,0.92%
"Pax7(Paired,Homeobox)/Myoblast-Pax7-ChIP-Seq(GSE25064)/Homer",TAATCAATTA,1.00E+00,-8.33E-01,0.8903,3,0.64%,149.1,0.51%
HOXA2(Homeobox)/mES-Hoxa2-ChIP-Seq(Donaldson_et_al.)/Homer,GYCATCMATCAT,1.00E+00,-8.21E-01,0.8903,5,1.06%,269.4,0.92%
NF1(CTF)/LNCAP-NF1-ChIP-Seq(Unpublished)/Homer,CYTGGCABNSTGCCAR,1.00E+00,-8.08E-01,0.8954,35,7.45%,2099.9,7.21%
DLX2(Homeobox)/BasalGanglia-Dlx2-ChIP-seq(GSE124936)/Homer,NNNTAATTAS,1.00E+00,-7.92E-01,0.9056,71,15.11%,4320.5,14.83%
PRDM9(Zf)/Testis-DMC1-ChIP-Seq(GSE35498)/Homer,ADGGYAGYAGCATCT,1.00E+00,-7.92E-01,0.9056,28,5.96%,1676.3,5.75%
Tbr1(T-box)/Cortex-Tbr1-ChIP-Seq(GSE71384)/Homer,AAGGTGTKAA,1.00E+00,-7.79E-01,0.9099,76,16.17%,4636.2,15.91%
Hnf1(Homeobox)/Liver-Foxa2-Chip-Seq(GSE25694)/Homer,GGTTAAWCATTAA,1.00E+00,-7.77E-01,0.9099,6,1.28%,336.7,1.16%
DLX5(Homeobox)/BasalGanglia-Dlx5-ChIP-seq(GSE124936)/Homer,SSTAATTA,1.00E+00,-7.63E-01,0.9155,35,7.45%,2117.5,7.27%
COUP-TFII(NR)/Artia-Nr2f2-ChIP-Seq(GSE46497)/Homer,AGRGGTCA,1.00E+00,-7.60E-01,0.9155,115,24.47%,7056.3,24.22%
"LXRE(NR),DR4/RAW-LXRb.biotin-ChIP-Seq(GSE21512)/Homer",RGGTTACTANAGGTCA,1.00E+00,-7.60E-01,0.9155,3,0.64%,158,0.54%
RUNX1(Runt)/Jurkat-RUNX1-ChIP-Seq(GSE29180)/Homer,AAACCACARM,1.00E+00,-7.50E-01,0.9156,62,13.19%,3788.6,13.00%
ZNF41(Zf)/HEK293-ZNF41.GFP-ChIP-Seq(GSE58341)/Homer,CCTCATGGTGYCYTWYTCCCTTGTG,1.00E+00,-7.38E-01,0.9225,2,0.43%,99.7,0.34%
E2F6(E2F)/Hela-E2F6-ChIP-Seq(GSE31477)/Homer,GGCGGGAARN,1.00E+00,-7.22E-01,0.9335,78,16.60%,4793.8,16.45%
PRDM14(Zf)/H1-PRDM14-ChIP-Seq(GSE22767)/Homer,RGGTCTCTAACY,1.00E+00,-7.09E-01,0.9418,23,4.89%,1398.1,4.80%
Mef2d(MADS)/Retina-Mef2d-ChIP-Seq(GSE61391)/Homer,GCTATTTTTAGC,1.00E+00,-7.07E-01,0.9418,10,2.13%,595.5,2.04%
TEAD1(TEAD)/HepG2-TEAD1-ChIP-Seq(Encode)/Homer,CYRCATTCCA,1.00E+00,-6.87E-01,0.9539,62,13.19%,3824,13.12%
HRE(HSF)/HepG2-HSF1-ChIP-Seq(GSE31477)/Homer,BSTTCTRGAABVTTCYAGAA,1.00E+00,-6.72E-01,0.9644,13,2.77%,790.4,2.71%
"OCT4-SOX2-TCF-NANOG(POU,Homeobox,HMG)/mES-Oct4-ChIP-Seq(GSE11431)/Homer",ATTTGCATAACAATG,1.00E+00,-6.71E-01,0.9644,7,1.49%,417.9,1.43%
Mouse_Recombination_Hotspot(Zf)/Testis-DMC1-ChIP-Seq(GSE24438)/Homer,ACTYKNATTCGTGNTACTTC,1.00E+00,-6.70E-01,0.9644,3,0.64%,168.1,0.58%
"OCT:OCT(POU,Homeobox,IR1)/NPC-Brn2-ChIP-Seq(GSE35496)/Homer",ATGAATWATTCATGA,1.00E+00,-6.66E-01,0.9644,1,0.21%,45,0.15%
ETV1(ETS)/GIST48-ETV1-ChIP-Seq(GSE22441)/Homer,AACCGGAAGT,1.00E+00,-6.61E-01,0.9644,160,34.04%,9918,34.04%
Ascl2(bHLH)/ESC-Ascl2-ChIP-Seq(GSE97712)/Homer,SSRGCAGCTGCH,1.00E+00,-6.57E-01,0.9644,87,18.51%,5393.5,18.51%
ZNF519(Zf)/HEK293-ZNF519.GFP-ChIP-Seq(GSE58341)/Homer,GAGSCCGAGC,1.00E+00,-6.56E-01,0.9644,26,5.53%,1604.8,5.51%
Hoxd13(Homeobox)/ChickenMSG-Hoxd13.Flag-ChIP-Seq(GSE86088)/Homer,NCYAATAAAA,1.00E+00,-6.56E-01,0.9644,79,16.81%,4897.7,16.81%
Hoxa11(Homeobox)/ChickenMSG-Hoxa11.Flag-ChIP-Seq(GSE86088)/Homer,TTTTATGGCM,1.00E+00,-6.54E-01,0.9644,118,25.11%,7318.9,25.12%
ZNF416(Zf)/HEK293-ZNF416.GFP-ChIP-Seq(GSE58341)/Homer,WDNCTGGGCA,1.00E+00,-6.54E-01,0.9644,109,23.19%,6760.4,23.20%
Hoxa13(Homeobox)/ChickenMSG-Hoxa13.Flag-ChIP-Seq(GSE86088)/Homer,CYHATAAAAN,1.00E+00,-6.52E-01,0.9644,125,26.60%,7754.2,26.61%
ARE(NR)/LNCAP-AR-ChIP-Seq(GSE27824)/Homer,RGRACASNSTGTYCYB,1.00E+00,-6.50E-01,0.9644,15,3.19%,921.5,3.16%
ZNF692(Zf)/HEK293-ZNF692.GFP-ChIP-Seq(GSE58341)/Homer,GTGGGCCCCA,1.00E+00,-6.48E-01,0.9644,13,2.77%,797.1,2.74%
Myf5(bHLH)/GM-Myf5-ChIP-Seq(GSE24852)/Homer,BAACAGCTGT,1.00E+00,-6.47E-01,0.9644,52,11.06%,3225.9,11.07%
Hoxa9(Homeobox)/ChickenMSG-Hoxa9.Flag-ChIP-Seq(GSE86088)/Homer,RGCAATNAAA,1.00E+00,-6.22E-01,0.9644,155,32.98%,9640.9,33.09%
NeuroD1(bHLH)/Islet-NeuroD1-ChIP-Seq(GSE30298)/Homer,GCCATCTGTT,1.00E+00,-6.13E-01,0.9644,53,11.28%,3307.1,11.35%
ZNF768(Zf)/Rajj-ZNF768-ChIP-Seq(GSE111879)/Homer,RHHCAGAGAGGB,1.00E+00,-6.11E-01,0.9644,3,0.64%,176.9,0.61%
GATA3(Zf)/iTreg-Gata3-ChIP-Seq(GSE20898)/Homer,AGATAASR,1.00E+00,-6.05E-01,0.9644,70,14.89%,4371,15.00%
"Oct6(POU,Homeobox)/NPC-Pou3f1-ChIP-Seq(GSE35496)/Homer",WATGCAAATGAG,1.00E+00,-5.99E-01,0.9644,19,4.04%,1189.3,4.08%
ETS1(ETS)/Jurkat-ETS1-ChIP-Seq(GSE17954)/Homer,ACAGGAAGTG,1.00E+00,-5.91E-01,0.9666,124,26.38%,7741.3,26.57%
PSE(SNAPc)/K562-mStart-Seq/Homer,WAVTCACCMTAASYDAAAAG,1.00E+00,-5.86E-01,0.9675,23,4.89%,1445.7,4.96%
En1(Homeobox)/SUM149-EN1-ChIP-Seq(GSE120957)/Homer,NDCTAATTAS,1.00E+00,-5.76E-01,0.9737,106,22.55%,6634.4,22.77%
ZNF467(Zf)/HEK293-ZNF467.GFP-ChIP-Seq(GSE58341)/Homer,TGGGGAAGGGCM,1.00E+00,-5.76E-01,0.9737,109,23.19%,6821.9,23.41%
HOXA1(Homeobox)/mES-Hoxa1-ChIP-Seq(SRP084292)/Homer,TGATKGATGR,1.00E+00,-5.65E-01,0.9772,10,2.13%,632.7,2.17%
Tcf12(bHLH)/GM12878-Tcf12-ChIP-Seq(GSE32465)/Homer,VCAGCTGYTG,1.00E+00,-5.61E-01,0.9773,78,16.60%,4901.5,16.82%
Zic3(Zf)/mES-Zic3-ChIP-Seq(GSE37889)/Homer,GGCCYCCTGCTGDGH,1.00E+00,-5.57E-01,0.9773,56,11.91%,3529.9,12.11%
"FXR(NR),IR1/Liver-FXR-ChIP-Seq(Chong_et_al.)/Homer",AGGTCANTGACCTB,1.00E+00,-5.52E-01,0.9786,25,5.32%,1587,5.45%
HEB(bHLH)/mES-Heb-ChIP-Seq(GSE53233)/Homer,VCAGCTGBNN,1.00E+00,-5.50E-01,0.9786,137,29.15%,8586.1,29.47%
JunD(bZIP)/K562-JunD-ChIP-Seq/Homer,ATGACGTCATCN,1.00E+00,-5.45E-01,0.9786,15,3.19%,956.5,3.28%
p53(p53)/Saos-p53-ChIP-Seq(GSE15780)/Homer,RRCATGYCYRGRCATGYYYN,1.00E+00,-5.42E-01,0.9786,4,0.85%,252.3,0.87%
p53(p53)/Saos-p53-ChIP-Seq/Homer,RRCATGYCYRGRCATGYYYN,1.00E+00,-5.42E-01,0.9786,4,0.85%,252.3,0.87%
Atoh1(bHLH)/Cerebellum-Atoh1-ChIP-Seq(GSE22111)/Homer,VNRVCAGCTGGY,1.00E+00,-5.41E-01,0.9786,74,15.74%,4666.3,16.01%
Gli2(Zf)/GM2-Gli2-ChIP-Chip(GSE112702)/Homer,YSTGGGTGGTCT,1.00E+00,-5.36E-01,0.9786,20,4.26%,1277.5,4.38%
Isl1(Homeobox)/Neuron-Isl1-ChIP-Seq(GSE31456)/Homer,CTAATKGV,1.00E+00,-5.19E-01,0.9843,106,22.55%,6682.4,22.93%
EBF2(EBF)/BrownAdipose-EBF2-ChIP-Seq(GSE97114)/Homer,NABTCCCWDGGGAVH,1.00E+00,-5.15E-01,0.9849,78,16.60%,4936.7,16.94%
RARa(NR)/K562-RARa-ChIP-Seq(Encode)/Homer,TTGAMCTTTG,1.00E+00,-5.09E-01,0.9865,171,36.38%,10739.4,36.86%
TRPS1(Zf)/MCF7-TRPS1-ChIP-Seq(GSE107013)/Homer,AGATAAGANN,1.00E+00,-4.90E-01,1,91,19.36%,5770.4,19.80%
"ETS:RUNX(ETS,Runt)/Jurkat-RUNX1-ChIP-Seq(GSE17954)/Homer",RCAGGATGTGGT,1.00E+00,-4.78E-01,1,13,2.77%,853.5,2.93%
Rfx6(HTH)/Min6b1-Rfx6.HA-ChIP-Seq(GSE62844)/Homer,TGTTKCCTAGCAACM,1.00E+00,-4.74E-01,1,92,19.57%,5847.5,20.07%
Snail1(Zf)/LS174T-SNAIL1.HA-ChIP-Seq(GSE127183)/Homer,TRCACCTGCY,1.00E+00,-4.69E-01,1,57,12.13%,3653.7,12.54%
ZNF675(Zf)/HEK293-ZNF675.GFP-ChIP-Seq(GSE58341)/Homer,ARGAGGMCAAAATGW,1.00E+00,-4.68E-01,1,7,1.49%,466.8,1.60%
MafF(bZIP)/HepG2-MafF-ChIP-Seq(GSE31477)/Homer,HWWGTCAGCAWWTTT,1.00E+00,-4.68E-01,1,9,1.91%,597.7,2.05%
Zac1(Zf)/Neuro2A-Plagl1-ChIP-Seq(GSE75942)/Homer,HAWGRGGCCM,1.00E+00,-4.62E-01,1,206,43.83%,12964.4,44.49%
n-Myc(bHLH)/mES-nMyc-ChIP-Seq(GSE11431)/Homer,VRCCACGTGG,1.00E+00,-4.61E-01,1,49,10.43%,3154.9,10.83%
BMAL1(bHLH)/Liver-Bmal1-ChIP-Seq(GSE39860)/Homer,GNCACGTG,1.00E+00,-4.57E-01,1,100,21.28%,6363.8,21.84%
c-Myc(bHLH)/mES-cMyc-ChIP-Seq(GSE11431)/Homer,VVCCACGTGG,1.00E+00,-4.56E-01,1,29,6.17%,1888.5,6.48%
LHX9(Homeobox)/Hct116-LHX9.V5-ChIP-Seq(GSE116822)/Homer,NGCTAATTAG,1.00E+00,-4.47E-01,1,70,14.89%,4489,15.41%
Twist(bHLH)/HMLE-TWIST1-ChIP-Seq(Chang_et_al)/Homer,VCAKCTGGNNNCCAGMTGBN,1.00E+00,-4.44E-01,1,7,1.49%,473.6,1.63%
"GATA3(Zf),DR4/iTreg-Gata3-ChIP-Seq(GSE20898)/Homer",AGATGKDGAGATAAG,1.00E+00,-4.33E-01,1,4,0.85%,275.4,0.95%
CDX4(Homeobox)/ZebrafishEmbryos-Cdx4.Myc-ChIP-Seq(GSE48254)/Homer,NGYCATAAAWCH,1.00E+00,-4.33E-01,1,40,8.51%,2603.8,8.94%
"NFAT:AP1(RHD,bZIP)/Jurkat-NFATC1-ChIP-Seq(Jolma_et_al.)/Homer",SARTGGAAAAWRTGAGTCAB,1.00E+00,-4.32E-01,1,8,1.70%,543.8,1.87%
HIF-1a(bHLH)/MCF7-HIF1a-ChIP-Seq(GSE28352)/Homer,TACGTGCV,1.00E+00,-4.29E-01,1,17,3.62%,1132.3,3.89%
E2F4(E2F)/K562-E2F4-ChIP-Seq(GSE31477)/Homer,GGCGGGAAAH,1.00E+00,-4.27E-01,1,73,15.53%,4695.9,16.12%
BHLHA15(bHLH)/NIH3T3-BHLHB8.HA-ChIP-Seq(GSE119782)/Homer,NAMCAGCTGK,1.00E+00,-4.19E-01,1,87,18.51%,5584.1,19.16%
GLI3(Zf)/Limb-GLI3-ChIP-Chip(GSE11077)/Homer,CGTGGGTGGTCC,1.00E+00,-4.17E-01,1,8,1.70%,548.7,1.88%
"GRE(NR),IR3/A549-GR-ChIP-Seq(GSE32465)/Homer",NRGVACABNVTGTYCY,1.00E+00,-4.05E-01,1,7,1.49%,485.1,1.66%
Nkx3.1(Homeobox)/LNCaP-Nkx3.1-ChIP-Seq(GSE28264)/Homer,AAGCACTTAA,1.00E+00,-4.04E-01,1,140,29.79%,8922.7,30.62%
ZNF189(Zf)/HEK293-ZNF189.GFP-ChIP-Seq(GSE58341)/Homer,TGGAACAGMA,1.00E+00,-4.01E-01,1,58,12.34%,3771,12.94%
ZBTB18(Zf)/HEK293-ZBTB18.GFP-ChIP-Seq(GSE58341)/Homer,AACATCTGGA,1.00E+00,-3.93E-01,1,30,6.38%,1990.3,6.83%
NeuroG2(bHLH)/Fibroblast-NeuroG2-ChIP-Seq(GSE75910)/Homer,ACCATCTGTT,1.00E+00,-3.80E-01,1,91,19.36%,5875.1,20.16%
Slug(Zf)/Mesoderm-Snai2-ChIP-Seq(GSE61475)/Homer,SNGCACCTGCHS,1.00E+00,-3.80E-01,1,38,8.09%,2513.3,8.63%
SCRT1(Zf)/HEK293-SCRT1.eGFP-ChIP-Seq(Encode)/Homer,GCAACAGGTG,1.00E+00,-3.76E-01,1,17,3.62%,1158.3,3.98%
Tbx5(T-box)/HL1-Tbx5.biotin-ChIP-Seq(GSE21529)/Homer,AGGTGTCA,1.00E+00,-3.71E-01,1,201,42.77%,12763.4,43.80%
ZNF341(Zf)/EBV-ZNF341-ChIP-Seq(GSE113194)/Homer,GGAACAGCCG,1.00E+00,-3.71E-01,1,55,11.70%,3605.7,12.37%
"RXR(NR),DR1/3T3L1-RXR-ChIP-Seq(GSE13511)/Homer",TAGGGCAAAGGTCA,1.00E+00,-3.68E-01,1,83,17.66%,5383.6,18.48%
Sox4(HMG)/proB-Sox4-ChIP-Seq(GSE50066)/Homer,YCTTTGTTCC,1.00E+00,-3.59E-01,1,46,9.79%,3041.7,10.44%
PBX2(Homeobox)/K562-PBX2-ChIP-Seq(Encode)/Homer,RTGATTKATRGN,1.00E+00,-3.48E-01,1,36,7.66%,2408.4,8.27%
Fli1(ETS)/CD8-FLI-ChIP-Seq(GSE20898)/Homer,NRYTTCCGGH,1.00E+00,-3.40E-01,1,142,30.21%,9125.1,31.32%
EWS:FLI1-fusion(ETS)/SK_N_MC-EWS:FLI1-ChIP-Seq(SRA014231)/Homer,VACAGGAAAT,1.00E+00,-3.34E-01,1,67,14.26%,4404.4,15.12%
Six4(Homeobox)/MCF7-SIX4-ChIP-Seq(Encode)/Homer,TGWAAYCTGABACCB,1.00E+00,-3.32E-01,1,3,0.64%,230.9,0.79%
ZNF7(Zf)/HepG2-ZNF7.Flag-ChIP-Seq(Encode)/Homer,CTGCCWVCTTTTRTA,1.00E+00,-3.27E-01,1,29,6.17%,1971.6,6.77%
CHR(?)/Hela-CellCycle-Expression/Homer,SRGTTTCAAA,1.00E+00,-3.26E-01,1,30,6.38%,2037.4,6.99%
bHLHE41(bHLH)/proB-Bhlhe41-ChIP-Seq(GSE93764)/Homer,KCACGTGMCN,1.00E+00,-3.26E-01,1,91,19.36%,5935.2,20.37%
E2F7(E2F)/Hela-E2F7-ChIP-Seq(GSE32673)/Homer,VDTTTCCCGCCA,1.00E+00,-3.26E-01,1,18,3.83%,1252.5,4.30%
MNT(bHLH)/HepG2-MNT-ChIP-Seq(Encode)/Homer,DGCACACGTG,1.00E+00,-3.22E-01,1,54,11.49%,3587.8,12.31%
ZNF669(Zf)/HEK293-ZNF669.GFP-ChIP-Seq(GSE58341)/Homer,GARTGGTCATCGCCC,1.00E+00,-3.18E-01,1,5,1.06%,377.7,1.30%
MyoD(bHLH)/Myotube-MyoD-ChIP-Seq(GSE21614)/Homer,RRCAGCTGYTSY,1.00E+00,-3.06E-01,1,57,12.13%,3795.1,13.02%
"PAX6(Paired,Homeobox)/Forebrain-Pax6-ChIP-Seq(GSE66961)/Homer",NGTGTTCAVTSAAGCGKAAA,1.00E+00,-3.02E-01,1,5,1.06%,383,1.31%
CEBP:CEBP(bZIP)/MEF-Chop-ChIP-Seq(GSE35681)/Homer,NTNATGCAAYMNNHTGMAAY,1.00E+00,-3.01E-01,1,6,1.28%,454.3,1.56%
CLOCK(bHLH)/Liver-Clock-ChIP-Seq(GSE39860)/Homer,GHCACGTG,1.00E+00,-2.82E-01,1,39,8.30%,2659,9.13%
"TR4(NR),DR1/Hela-TR4-ChIP-Seq(GSE24685)/Homer",GAGGTCAAAGGTCA,1.00E+00,-2.71E-01,1,7,1.49%,537.8,1.85%
Smad4(MAD)/ESC-SMAD4-ChIP-Seq(GSE29422)/Homer,VBSYGTCTGG,1.00E+00,-2.63E-01,1,116,24.68%,7599.2,26.08%
HIF2a(bHLH)/785_O-HIF2a-ChIP-Seq(GSE34871)/Homer,GCACGTACCC,1.00E+00,-2.63E-01,1,21,4.47%,1494.6,5.13%
ZNF322(Zf)/HEK293-ZNF322.GFP-ChIP-Seq(GSE58341)/Homer,GAGCCTGGTACTGWGCCTGR,1.00E+00,-2.62E-01,1,18,3.83%,1294.4,4.44%
ZSCAN22(Zf)/HEK293-ZSCAN22.GFP-ChIP-Seq(GSE58341)/Homer,SMCAGTCWGAKGGAGGAGGC,1.00E+00,-2.58E-01,1,7,1.49%,543.4,1.86%
"Brn2(POU,Homeobox)/NPC-Brn2-ChIP-Seq(GSE35496)/Homer",ATGAATATTC,1.00E+00,-2.53E-01,1,2,0.43%,176.9,0.61%
E2A(bHLH)/proBcell-E2A-ChIP-Seq(GSE21978)/Homer,DNRCAGCTGY,1.00E+00,-2.50E-01,1,104,22.13%,6859.8,23.54%
Sox7(HMG)/ESC-Sox7-ChIP-Seq(GSE133899)/Homer,VVRRAACAATGG,1.00E+00,-2.42E-01,1,13,2.77%,969.1,3.33%
Hoxc9(Homeobox)/Ainv15-Hoxc9-ChIP-Seq(GSE21812)/Homer,GGCCATAAATCA,1.00E+00,-2.37E-01,1,19,4.04%,1380.8,4.74%
Tcf21(bHLH)/ArterySmoothMuscle-Tcf21-ChIP-Seq(GSE61369)/Homer,NAACAGCTGG,1.00E+00,-2.37E-01,1,65,13.83%,4390.4,15.07%
Smad2(MAD)/ES-SMAD2-ChIP-Seq(GSE29422)/Homer,CTGTCTGG,1.00E+00,-2.35E-01,1,112,23.83%,7390.9,25.37%
Etv2(ETS)/ES-ER71-ChIP-Seq(GSE59402)/Homer,NNAYTTCCTGHN,1.00E+00,-2.35E-01,1,102,21.70%,6756.1,23.19%
Tcfcp2l1(CP2)/mES-Tcfcp2l1-ChIP-Seq(GSE11431)/Homer,NRAACCRGTTYRAACCRGYT,1.00E+00,-2.26E-01,1,10,2.13%,772.8,2.65%
CArG(MADS)/PUER-Srf-ChIP-Seq(Sullivan_et_al.)/Homer,CCATATATGGNM,1.00E+00,-2.26E-01,1,17,3.62%,1254.6,4.31%
NPAS2(bHLH)/Liver-NPAS2-ChIP-Seq(GSE39860)/Homer,KCCACGTGAC,1.00E+00,-2.24E-01,1,61,12.98%,4149.6,14.24%
"GATA(Zf),IR3/iTreg-Gata3-ChIP-Seq(GSE20898)/Homer",NNNNNBAGATAWYATCTVHN,1.00E+00,-2.24E-01,1,4,0.85%,341.1,1.17%
Smad3(MAD)/NPC-Smad3-ChIP-Seq(GSE36673)/Homer,TWGTCTGV,1.00E+00,-2.18E-01,1,205,43.62%,13256.2,45.49%
Twist2(bHLH)/Myoblast-Twist2.Ty1-ChIP-Seq(GSE127998)/Homer,MCAGCTGBYH,1.00E+00,-2.10E-01,1,104,22.13%,6924.2,23.76%
TCFL2(HMG)/K562-TCF7L2-ChIP-Seq(GSE29196)/Homer,ACWTCAAAGG,1.00E+00,-2.08E-01,1,3,0.64%,271.4,0.93%
TCF4(bHLH)/SHSY5Y-TCF4-ChIP-Seq(GSE96915)/Homer,SMCATCTGKH,1.00E+00,-2.05E-01,1,86,18.30%,5785.7,19.86%
GRHL2(CP2)/HBE-GRHL2-ChIP-Seq(GSE46194)/Homer,AAACYKGTTWDACMRGTTTB,1.00E+00,-2.05E-01,1,18,3.83%,1340.9,4.60%
CRE(bZIP)/Promoter/Homer,CSGTGACGTCAC,1.00E+00,-2.03E-01,1,32,6.81%,2282.3,7.83%
Tlx?(NR)/NPC-H3K4me1-ChIP-Seq(GSE16256)/Homer,CTGGCAGSCTGCCA,1.00E+00,-2.03E-01,1,27,5.74%,1949.3,6.69%
Hnf6b(Homeobox)/LNCaP-Hnf6b-ChIP-Seq(GSE106305)/Homer,TATTGAYY,1.00E+00,-2.01E-01,1,31,6.60%,2217.7,7.61%
Foxh1(Forkhead)/hESC-FOXH1-ChIP-Seq(GSE29422)/Homer,NNTGTGGATTSS,1.00E+00,-1.96E-01,1,25,5.32%,1822.2,6.25%
Usf2(bHLH)/C2C12-Usf2-ChIP-Seq(GSE36030)/Homer,GTCACGTGGT,1.00E+00,-1.91E-01,1,23,4.89%,1692,5.81%
Zic(Zf)/Cerebellum-ZIC1.2-ChIP-Seq(GSE60731)/Homer,CCTGCTGAGH,1.00E+00,-1.91E-01,1,61,12.98%,4197.3,14.40%
Erra(NR)/HepG2-Erra-ChIP-Seq(GSE31477)/Homer,CAAAGGTCAG,1.00E+00,-1.90E-01,1,140,29.79%,9241.4,31.72%
CUX1(Homeobox)/K562-CUX1-ChIP-Seq(GSE92882)/Homer,TATCGATNAN,1.00E+00,-1.87E-01,1,23,4.89%,1697.6,5.83%
ZBTB12(Zf)/HEK293-ZBTB12.GFP-ChIP-Seq(GSE58341)/Homer,NGNTCTAGAACCNGV,1.00E+00,-1.86E-01,1,27,5.74%,1967.4,6.75%
"PPARa(NR),DR1/Liver-Ppara-ChIP-Seq(GSE47954)/Homer",VNAGGKCAAAGGTCA,1.00E+00,-1.81E-01,1,69,14.68%,4732.3,16.24%
Zfp281(Zf)/ES-Zfp281-ChIP-Seq(GSE81042)/Homer,CCCCTCCCCCAC,1.00E+00,-1.80E-01,1,35,7.45%,2509.5,8.61%
NPAS(bHLH)/Liver-NPAS-ChIP-Seq(GSE39860)/Homer,NVCACGTG,1.00E+00,-1.75E-01,1,82,17.45%,5581.7,19.16%
c-Myc(bHLH)/LNCAP-cMyc-ChIP-Seq(Unpublished)/Homer,VCCACGTG,1.00E+00,-1.66E-01,1,39,8.30%,2793.7,9.59%
Lhx3(Homeobox)/Neuron-Lhx3-ChIP-Seq(GSE31456)/Homer,ADBTAATTAR,1.00E+00,-1.65E-01,1,77,16.38%,5277.2,18.11%
MYB(HTH)/ERMYB-Myb-ChIPSeq(GSE22095)/Homer,GGCVGTTR,1.00E+00,-1.61E-01,1,120,25.53%,8038.6,27.59%
"RAR:RXR(NR),DR5/ES-RAR-ChIP-Seq(GSE56893)/Homer",RGGTCADNNAGAGGTCAV,1.00E+00,-1.58E-01,1,1,0.21%,119.1,0.41%
Cux2(Homeobox)/Liver-Cux2-ChIP-Seq(GSE35985)/Homer,HNRAATCAAT,1.00E+00,-1.53E-01,1,15,3.19%,1183.3,4.06%
HRE(HSF)/Striatum-HSF1-ChIP-Seq(GSE38000)/Homer,TTCTAGAABNTTCTA,1.00E+00,-1.52E-01,1,12,2.55%,972.3,3.34%
Tgif1(Homeobox)/mES-Tgif1-ChIP-Seq(GSE55404)/Homer,YTGWCADY,1.00E+00,-1.49E-01,1,165,35.11%,10909.8,37.44%
Sox15(HMG)/CPA-Sox15-ChIP-Seq(GSE62909)/Homer,RAACAATGGN,1.00E+00,-1.48E-01,1,51,10.85%,3616.5,12.41%
Max(bHLH)/K562-Max-ChIP-Seq(GSE31477)/Homer,RCCACGTGGYYN,1.00E+00,-1.45E-01,1,36,7.66%,2625.5,9.01%
Sox3(HMG)/NPC-Sox3-ChIP-Seq(GSE33059)/Homer,CCWTTGTY,1.00E+00,-1.45E-01,1,89,18.94%,6092.8,20.91%
ZEB1(Zf)/PDAC-ZEB1-ChIP-Seq(GSE64557)/Homer,VCAGGTRDRY,1.00E+00,-1.43E-01,1,103,21.91%,6995.8,24.01%
ZFX(Zf)/mES-Zfx-ChIP-Seq(GSE11431)/Homer,AGGCCTRG,1.00E+00,-1.40E-01,1,93,19.79%,6361.4,21.83%
Sox17(HMG)/Endoderm-Sox17-ChIP-Seq(GSE61475)/Homer,CCATTGTTYB,1.00E+00,-1.39E-01,1,29,6.17%,2163.5,7.43%
GABPA(ETS)/Jurkat-GABPa-ChIP-Seq(GSE17954)/Homer,RACCGGAAGT,1.00E+00,-1.38E-01,1,111,23.62%,7519.2,25.81%
Brachyury(T-box)/Mesoendoderm-Brachyury-ChIP-exo(GSE54963)/Homer,ANTTMRCASBNNNGTGYKAAN,1.00E+00,-1.35E-01,1,10,2.13%,844.5,2.90%
Lhx2(Homeobox)/HFSC-Lhx2-ChIP-Seq(GSE48068)/Homer,TAATTAGN,1.00E+00,-1.32E-01,1,40,8.51%,2915.9,10.01%
Cdx2(Homeobox)/mES-Cdx2-ChIP-Seq(GSE14586)/Homer,GYMATAAAAH,1.00E+00,-1.29E-01,1,22,4.68%,1699.2,5.83%
Zfp57(Zf)/H1-ZFP57.HA-ChIP-Seq(GSE115387)/Homer,NANTGCSGCA,1.00E+00,-1.25E-01,1,37,7.87%,2726.6,9.36%
ZNF143|STAF(Zf)/CUTLL-ZNF143-ChIP-Seq(GSE29600)/Homer,ATTTCCCAGVAKSCY,1.00E+00,-1.23E-01,1,33,7.02%,2460.5,8.44%
HIF-1b(HLH)/T47D-HIF1b-ChIP-Seq(GSE59937)/Homer,RTACGTGC,1.00E+00,-1.16E-01,1,71,15.11%,4994.3,17.14%
Gata4(Zf)/Heart-Gata4-ChIP-Seq(GSE35151)/Homer,NBWGATAAGR,1.00E+00,-9.54E-02,1,41,8.72%,3057.3,10.49%
ZBTB33(Zf)/GM12878-ZBTB33-ChIP-Seq(GSE32465)/Homer,GGVTCTCGCGAGAAC,1.00E+00,-9.47E-02,1,6,1.28%,585.8,2.01%
Gata2(Zf)/K562-GATA2-ChIP-Seq(GSE18829)/Homer,BBCTTATCTS,1.00E+00,-9.41E-02,1,25,5.32%,1966.4,6.75%
Gata6(Zf)/HUG1N-GATA6-ChIP-Seq(GSE51936)/Homer,YCTTATCTBN,1.00E+00,-9.30E-02,1,35,7.45%,2656.3,9.12%
HINFP(Zf)/K562-HINFP.eGFP-ChIP-Seq(Encode)/Homer,TWVGGTCCGC,1.00E+00,-9.21E-02,1,36,7.66%,2726.4,9.36%
Phox2b(Homeobox)/CLBGA-PHOX2B-ChIP-Seq(GSE90683)/Homer,TTAATTNAATTA,1.00E+00,-8.98E-02,1,3,0.64%,343.1,1.18%
Phox2a(Homeobox)/Neuron-Phox2a-ChIP-Seq(GSE31456)/Homer,YTAATYNRATTA,1.00E+00,-8.88E-02,1,8,1.70%,748.8,2.57%
Meis1(Homeobox)/MastCells-Meis1-ChIP-Seq(GSE48085)/Homer,VGCTGWCAVB,1.00E+00,-8.70E-02,1,101,21.49%,7026.8,24.12%
MITF(bHLH)/MastCells-MITF-ChIP-Seq(GSE48085)/Homer,RTCATGTGAC,1.00E+00,-8.32E-02,1,56,11.91%,4094.3,14.05%
Sox9(HMG)/Limb-SOX9-ChIP-Seq(GSE73225)/Homer,AGGVNCCTTTGT,1.00E+00,-8.11E-02,1,44,9.36%,3296.6,11.31%
Sox10(HMG)/SciaticNerve-Sox3-ChIP-Seq(GSE35132)/Homer,CCWTTGTYYB,1.00E+00,-8.04E-02,1,83,17.66%,5881.5,20.18%
bHLHE40(bHLH)/HepG2-BHLHE40-ChIP-Seq(GSE31477)/Homer,KCACGTGMCN,1.00E+00,-7.96E-02,1,21,4.47%,1715.9,5.89%
Lhx1(Homeobox)/EmbryoCarcinoma-Lhx1-ChIP-Seq(GSE70957)/Homer,NNYTAATTAR,1.00E+00,-7.65E-02,1,41,8.72%,3106.8,10.66%
p73(p53)/Trachea-p73-ChIP-Seq(PRJNA310161)/Homer,NRRRCAWGTCCDGRCATGYY,1.00E+00,-7.59E-02,1,1,0.21%,162.7,0.56%
Ronin(THAP)/ES-Thap11-ChIP-Seq(GSE51522)/Homer,RACTACAACTCCCAGVAKGC,1.00E+00,-7.06E-02,1,11,2.34%,1005.1,3.45%
TFE3(bHLH)/MEF-TFE3-ChIP-Seq(GSE75757)/Homer,GTCACGTGACYV,1.00E+00,-6.96E-02,1,7,1.49%,698.7,2.40%
BMYB(HTH)/Hela-BMYB-ChIP-Seq(GSE27030)/Homer,NHAACBGYYV,1.00E+00,-6.50E-02,1,93,19.79%,6593.3,22.63%
Hoxd12(Homeobox)/ChickenMSG-Hoxd12.Flag-ChIP-Seq(GSE86088)/Homer,HDGYAATGAAAN,1.00E+00,-6.48E-02,1,72,15.32%,5218.5,17.91%
ETV4(ETS)/HepG2-ETV4-ChIP-Seq(ENCODE)/Homer,ACCGGAAGTG,1.00E+00,-6.33E-02,1,134,28.51%,9243.7,31.72%
"NF1:FOXA1(CTF,Forkhead)/LNCAP-FOXA1-ChIP-Seq(GSE27824)/Homer",WNTGTTTRYTTTGGCA,1.00E+00,-6.22E-02,1,1,0.21%,174.4,0.60%
"GFY-Staf(?,Zf)/Promoter/Homer",RACTACAATTCCCAGAAKGC,1.00E+00,-5.82E-02,1,12,2.55%,1106.1,3.80%
p63(p53)/Keratinocyte-p63-ChIP-Seq(GSE17611)/Homer,NNDRCATGYCYNRRCATGYH,1.00E+00,-5.71E-02,1,15,3.19%,1333.6,4.58%
"PPARE(NR),DR1/3T3L1-Pparg-ChIP-Seq(GSE13511)/Homer",TGACCTTTGCCCCA,1.00E+00,-5.61E-02,1,59,12.55%,4390.3,15.07%
Prop1(Homeobox)/GHFT1-PROP1.biotin-ChIP-Seq(GSE77302)/Homer,NTAATBNAATTA,1.00E+00,-5.58E-02,1,13,2.77%,1187.4,4.07%
AMYB(HTH)/Testes-AMYB-ChIP-Seq(GSE44588)/Homer,TGGCAGTTGG,1.00E+00,-5.39E-02,1,92,19.57%,6580.3,22.58%
USF1(bHLH)/GM12878-Usf1-ChIP-Seq(GSE32465)/Homer,SGTCACGTGR,1.00E+00,-5.20E-02,1,30,6.38%,2425.4,8.32%
Arnt:Ahr(bHLH)/MCF7-Arnt-ChIP-Seq(Lo_et_al.)/Homer,TBGCACGCAA,1.00E+00,-5.05E-02,1,43,9.15%,3331.4,11.43%
GFY(?)/Promoter/Homer,ACTACAATTCCC,1.00E+00,-4.96E-02,1,12,2.55%,1127.5,3.87%
HNF6(Homeobox)/Liver-Hnf6-ChIP-Seq(ERP000394)/Homer,NTATYGATCH,1.00E+00,-4.64E-02,1,17,3.62%,1511.8,5.19%
"ERE(NR),IR3/MCF7-ERa-ChIP-Seq(Unpublished)/Homer",VAGGTCACNSTGACC,1.00E+00,-4.54E-02,1,10,2.13%,984.7,3.38%
E2F1(E2F)/Hela-E2F1-ChIP-Seq(GSE22478)/Homer,CWGGCGGGAA,1.00E+00,-4.42E-02,1,29,6.17%,2385,8.19%
Tgif2(Homeobox)/mES-Tgif2-ChIP-Seq(GSE55404)/Homer,TGTCANYT,1.00E+00,-4.04E-02,1,171,36.38%,11731.7,40.26%
Sox2(HMG)/mES-Sox2-ChIP-Seq(GSE11431)/Homer,BCCATTGTTC,1.00E+00,-3.83E-02,1,38,8.09%,3042.7,10.44%
"OCT:OCT(POU,Homeobox)/NPC-OCT6-ChIP-Seq(GSE43916)/Homer",YATGCATATRCATRT,1.00E+00,-3.79E-02,1,1,0.21%,204.6,0.70%
Tcf3(HMG)/mES-Tcf3-ChIP-Seq(GSE11724)/Homer,ASWTCAAAGG,1.00E+00,-3.75E-02,1,8,1.70%,847.1,2.91%
Sox21(HMG)/ESC-SOX21-ChIP-Seq(GSE110505)/Homer,BCCWTTGTBYKV,1.00E+00,-3.43E-02,1,86,18.30%,6305.7,21.64%
Gata1(Zf)/K562-GATA1-ChIP-Seq(GSE18829)/Homer,SAGATAAGRV,1.00E+00,-3.26E-02,1,20,4.26%,1785.1,6.13%
Sox6(HMG)/Myotubes-Sox6-ChIP-Seq(GSE32627)/Homer,CCATTGTTNY,1.00E+00,-3.14E-02,1,71,15.11%,5330.4,18.29%
Pknox1(Homeobox)/ES-Prep1-ChIP-Seq(GSE63282)/Homer,SCTGTCAVTCAV,1.00E+00,-3.05E-02,1,14,2.98%,1344.7,4.61%
Srebp1a(bHLH)/HepG2-Srebp1a-ChIP-Seq(GSE31477)/Homer,RTCACSCCAY,1.00E+00,-2.21E-02,1,7,1.49%,820.9,2.82%
Rfx1(HTH)/NPC-H3K4me1-ChIP-Seq(GSE16256)/Homer,KGTTGCCATGGCAA,1.00E+00,-2.12E-02,1,14,2.98%,1391.6,4.78%
ZNF652/HepG2-ZNF652.Flag-ChIP-Seq(Encode)/Homer,TTAACCCTTTVNKKN,1.00E+00,-1.73E-02,1,9,1.91%,1014.3,3.48%
LEF1(HMG)/H1-LEF1-ChIP-Seq(GSE64758)/Homer,CCTTTGATST,1.00E+00,-1.64E-02,1,25,5.32%,2258.9,7.75%
Nur77(NR)/K562-NR4A1-ChIP-Seq(GSE31363)/Homer,TGACCTTTNCNT,1.00E+00,-1.55E-02,1,4,0.85%,584.9,2.01%
Srebp2(bHLH)/HepG2-Srebp2-ChIP-Seq(GSE31477)/Homer,CGGTCACSCCAC,1.00E+00,-1.18E-02,1,4,0.85%,607.1,2.08%
Hand2(bHLH)/Mesoderm-Hand2-ChIP-Seq(GSE61475)/Homer,TGACANARRCCAGRC,1.00E+00,-1.13E-02,1,21,4.47%,2014,6.91%
X-box(HTH)/NPC-H3K4me1-ChIP-Seq(GSE16256)/Homer,GGTTGCCATGGCAA,1.00E+00,-5.93E-03,1,6,1.28%,857.5,2.94%
Rfx2(HTH)/LoVo-RFX2-ChIP-Seq(GSE49402)/Homer,GTTGCCATGGCAACM,1.00E+00,-4.53E-03,1,7,1.49%,974.1,3.34%
Pbx3(Homeobox)/GM12878-PBX3-ChIP-Seq(GSE32465)/Homer,SCTGTCAMTCAN,1.00E+00,-3.96E-03,1,11,2.34%,1340.7,4.60%
"Tbox:Smad(T-box,MAD)/ESCd5-Smad2_3-ChIP-Seq(GSE29422)/Homer",AGGTGHCAGACA,1.00E+00,-2.65E-03,1,4,0.85%,729.6,2.50%
RFX(HTH)/K562-RFX3-ChIP-Seq(SRA012198)/Homer,CGGTTGCCATGGCAAC,1.00E+00,-2.12E-03,1,6,1.28%,948.6,3.26%
PBX1(Homeobox)/MCF7-PBX1-ChIP-Seq(GSE28007)/Homer,GSCTGTCACTCA,1.00E+00,-1.71E-03,1,2,0.43%,534.6,1.83%
Rfx5(HTH)/GM12878-Rfx5-ChIP-Seq(GSE31477)/Homer,SCCTAGCAACAG,1.00E+00,-1.45E-03,1,16,3.40%,1870.3,6.42%
"HNF4a(NR),DR1/HepG2-HNF4a-ChIP-Seq(GSE25021)/Homer",CARRGKBCAAAGTYCA,1.00E+00,-1.25E-03,1,18,3.83%,2051.8,7.04%
E-box(bHLH)/Promoter/Homer,SSGGTCACGTGA,1.00E+00,-1.02E-03,1,4,0.85%,804,2.76%
ELF1(ETS)/Jurkat-ELF1-ChIP-Seq(SRA014231)/Homer,AVCCGGAAGT,1.00E+00,-3.71E-04,1,69,14.68%,6027.4,20.69%
NRF(NRF)/Promoter/Homer,STGCGCATGCGC,1.00E+00,-7.20E-05,1,20,4.26%,2528.8,8.68%
Elk1(ETS)/Hela-Elk1-ChIP-Seq(GSE31477)/Homer,HACTTCCGGY,1.00E+00,-6.20E-05,1,71,15.11%,6438.9,22.10%
Elk4(ETS)/Hela-Elk4-ChIP-Seq(GSE31477)/Homer,NRYTTCCGGY,1.00E+00,-4.80E-05,1,70,14.89%,6402.8,21.97%
YY1(Zf)/Promoter/Homer,CAAGATGGCGGC,1.00E+00,-4.00E-05,1,2,0.43%,786.6,2.70%
NRF1(NRF)/MCF7-NRF1-ChIP-Seq(Unpublished)/Homer,CTGCGCATGCGC,1.00E+00,-2.10E-05,1,17,3.62%,2391.2,8.21%
ETS(ETS)/Promoter/Homer,AACCGGAAGT,1.00E+00,-1.10E-05,1,39,8.30%,4278.8,14.68%
EBNA1(EBV-virus)/Raji-EBNA1-ChIP-Seq(GSE30709)/Homer,GGYAGCAYDTGCTDCCCNNN,1.00E+00,0.00E+00,1,0,0.00%,75.7,0.26%
DUX4(Homeobox)/Myoblasts-DUX4.V5-ChIP-Seq(GSE75791)/Homer,NWTAAYCYAATCAWN,1.00E+00,0.00E+00,1,0,0.00%,91.3,0.31%
GFX(?)/Promoter/Homer,ATTCTCGCGAGA,1.00E+00,0.00E+00,1,0,0.00%,348.1,1.19%
CTCF-SatelliteElement(Zf?)/CD4+-CTCF-ChIP-Seq(Barski_et_al.)/Homer,TGCAGTTCCMVNWRTGGCCA,1.00E+00,0.00E+00,1,0,0.00%,55.9,0.19%
ZNF16(Zf)/HEK293-ZNF16.GFP-ChIP-Seq(GSE58341)/Homer,MACCTTCYATGGCTCCCTAKTGCCY,1.00E+00,0.00E+00,1,0,0.00%,34.7,0.12%
"Pax7(Paired,Homeobox),long/Myoblast-Pax7-ChIP-Seq(GSE25064)/Homer",TAATCHGATTAC,1.00E+00,0.00E+00,1,0,0.00%,33.1,0.11%
"OCT:OCT(POU,Homeobox)/NPC-Brn1-ChIP-Seq(GSE35496)/Homer",ATGAATATTCATGAG,1.00E+00,0.00E+00,1,0,0.00%,35.2,0.12%
DUX(Homeobox)/C2C12-Dux-ChIP-Seq(GSE87279)/Homer,BCWGATTCAATCAAN,1.00E+00,0.00E+00,1,0,0.00%,14.6,0.05%
p53(p53)/mES-cMyc-ChIP-Seq(GSE11431)/Homer,ACATGCCCGGGCAT,1.00E+00,0.00E+00,1,0,0.00%,58.8,0.20%
"Pax7(Paired,Homeobox),longest/Myoblast-Pax7-ChIP-Seq(GSE25064)/Homer",NTAATTDGCYAATTANNWWD,1.00E+00,0.00E+00,1,0,0.00%,36.7,0.13%
ZNF528(Zf)/HEK293-ZNF528.GFP-ChIP-Seq(GSE58341)/Homer,AGAAATGACTTCCCT,1.00E+00,0.00E+00,1,0,0.00%,21.1,0.07%
REST-NRSF(Zf)/Jurkat-NRSF-ChIP-Seq/Homer,GGMGCTGTCCATGGTGCTGA,1.00E+00,0.00E+00,1,0,0.00%,51.5,0.18%
ZFP3(Zf)/HEK293-ZFP3.GFP-ChIP-Seq(GSE58341)/Homer,GGGTTTTGAAGGATGARTAGGAGTT,1.00E+00,0.00E+00,1,0,0.00%,1.9,0.01%