Motif Name,Consensus,P-value,Log P-value,q-value (Benjamini),# of Target Sequences with Motif(of 972),% of Target Sequences with Motif,# of Background Sequences with Motif(of 28820),% of Background Sequences with Motif
Fra1(bZIP)/BT549-Fra1-ChIP-Seq(GSE46166)/Homer,NNATGASTCATH,1.00E-08,-1.91E+01,0,106,10.91%,1717.7,5.96%
Fra2(bZIP)/Striatum-Fra2-ChIP-Seq(GSE43429)/Homer,GGATGACTCATC,1.00E-08,-1.85E+01,0,97,9.98%,1537.1,5.33%
Fos(bZIP)/TSC-Fos-ChIP-Seq(GSE110950)/Homer,NDATGASTCAYN,1.00E-07,-1.71E+01,0,106,10.91%,1788.1,6.20%
Atf3(bZIP)/GBM-ATF3-ChIP-Seq(GSE33912)/Homer,DATGASTCATHN,1.00E-07,-1.65E+01,0,116,11.93%,2040.7,7.08%
JunB(bZIP)/DendriticCells-Junb-ChIP-Seq(GSE36099)/Homer,RATGASTCAT,1.00E-06,-1.54E+01,0,103,10.60%,1784,6.19%
BATF(bZIP)/Th17-BATF-ChIP-Seq(GSE39756)/Homer,DATGASTCAT,1.00E-06,-1.51E+01,0,115,11.83%,2074,7.19%
SpiB(ETS)/OCILY3-SPIB-ChIP-Seq(GSE56857)/Homer,AAAGRGGAAGTG,1.00E-06,-1.46E+01,0,82,8.44%,1340.2,4.65%
Fosl2(bZIP)/3T3L1-Fosl2-ChIP-Seq(GSE56872)/Homer,NATGASTCABNN,1.00E-06,-1.44E+01,0,73,7.51%,1149.8,3.99%
PU.1(ETS)/ThioMac-PU.1-ChIP-Seq(GSE21512)/Homer,AGAGGAAGTG,1.00E-06,-1.41E+01,0,148,15.23%,2921.7,10.13%
AP-1(bZIP)/ThioMac-PU.1-ChIP-Seq(GSE21512)/Homer,VTGACTCATC,1.00E-05,-1.22E+01,0.0002,122,12.55%,2385.2,8.27%
Ets1-distal(ETS)/CD4+-PolII-ChIP-Seq(Barski_et_al.)/Homer,MACAGGAAGT,1.00E-05,-1.21E+01,0.0002,95,9.77%,1738.1,6.03%
Jun-AP1(bZIP)/K562-cJun-ChIP-Seq(GSE31477)/Homer,GATGASTCATCN,1.00E-05,-1.21E+01,0.0002,54,5.56%,816.5,2.83%
Twist(bHLH)/HMLE-TWIST1-ChIP-Seq(Chang_et_al)/Homer,VCAKCTGGNNNCCAGMTGBN,1.00E-04,-1.12E+01,0.0005,36,3.70%,473.5,1.64%
Slug(Zf)/Mesoderm-Snai2-ChIP-Seq(GSE61475)/Homer,SNGCACCTGCHS,1.00E-04,-1.04E+01,0.001,128,13.17%,2633.7,9.14%
EWS:ERG-fusion(ETS)/CADO_ES1-EWS:ERG-ChIP-Seq(SRA014231)/Homer,ATTTCCTGTN,1.00E-04,-9.66E+00,0.0019,155,15.95%,3371.7,11.70%
Bach2(bZIP)/OCILy7-Bach2-ChIP-Seq(GSE44420)/Homer,TGCTGAGTCA,1.00E-04,-9.55E+00,0.002,44,4.53%,682.5,2.37%
NF-E2(bZIP)/K562-NFE2-ChIP-Seq(GSE31477)/Homer,GATGACTCAGCA,1.00E-03,-9.09E+00,0.0029,18,1.85%,183.5,0.64%
Mef2a(MADS)/HL1-Mef2a.biotin-ChIP-Seq(GSE21529)/Homer,CYAAAAATAG,1.00E-03,-9.08E+00,0.0029,63,6.48%,1124.7,3.90%
IRF3(IRF)/BMDM-Irf3-ChIP-Seq(GSE67343)/Homer,AGTTTCAKTTTC,1.00E-03,-7.91E+00,0.0085,65,6.69%,1224.1,4.25%
ELF3(ETS)/PDAC-ELF3-ChIP-Seq(GSE64557)/Homer,ANCAGGAAGT,1.00E-03,-7.79E+00,0.0091,177,18.21%,4099.2,14.22%
PU.1:IRF8(ETS:IRF)/pDC-Irf8-ChIP-Seq(GSE66899)/Homer,GGAAGTGAAAST,1.00E-03,-7.42E+00,0.0126,52,5.35%,942,3.27%
HEB(bHLH)/mES-Heb-ChIP-Seq(GSE53233)/Homer,VCAGCTGBNN,1.00E-03,-7.00E+00,0.0183,347,35.70%,8906.5,30.90%
ELF5(ETS)/T47D-ELF5-ChIP-Seq(GSE30407)/Homer,ACVAGGAAGT,1.00E-02,-6.76E+00,0.0222,190,19.55%,4547.9,15.78%
ISRE(IRF)/ThioMac-LPS-Expression(GSE23622)/Homer,AGTTTCASTTTC,1.00E-02,-6.70E+00,0.0225,23,2.37%,326.4,1.13%
Mef2d(MADS)/Retina-Mef2d-ChIP-Seq(GSE61391)/Homer,GCTATTTTTAGC,1.00E-02,-6.69E+00,0.0225,35,3.60%,583.3,2.02%
Snail1(Zf)/LS174T-SNAIL1.HA-ChIP-Seq(GSE127183)/Homer,TRCACCTGCY,1.00E-02,-6.45E+00,0.0267,164,16.87%,3873.5,13.44%
Mef2c(MADS)/GM12878-Mef2c-ChIP-Seq(GSE32465)/Homer,DCYAAAAATAGM,1.00E-02,-6.39E+00,0.0274,56,5.76%,1085.4,3.77%
Smad2(MAD)/ES-SMAD2-ChIP-Seq(GSE29422)/Homer,CTGTCTGG,1.00E-02,-6.31E+00,0.0287,295,30.35%,7516.1,26.07%
Ascl2(bHLH)/ESC-Ascl2-ChIP-Seq(GSE97712)/Homer,SSRGCAGCTGCH,1.00E-02,-5.99E+00,0.0379,227,23.35%,5648.8,19.59%
RUNX1(Runt)/Jurkat-RUNX1-ChIP-Seq(GSE29180)/Homer,AAACCACARM,1.00E-02,-5.95E+00,0.0381,157,16.15%,3733.6,12.95%
T1ISRE(IRF)/ThioMac-Ifnb-Expression/Homer,ACTTTCGTTTCT,1.00E-02,-5.91E+00,0.0386,7,0.72%,51.1,0.18%
FOXK2(Forkhead)/U2OS-FOXK2-ChIP-Seq(E-MTAB-2204)/Homer,SCHTGTTTACAT,1.00E-02,-5.82E+00,0.0407,83,8.54%,1792.4,6.22%
Smad3(MAD)/NPC-Smad3-ChIP-Seq(GSE36673)/Homer,TWGTCTGV,1.00E-02,-5.65E+00,0.0469,493,50.72%,13341.1,46.28%
E2A(bHLH)/proBcell-E2A-ChIP-Seq(GSE21978)/Homer,DNRCAGCTGY,1.00E-02,-5.46E+00,0.0553,278,28.60%,7147.2,24.79%
IRF2(IRF)/Erythroblas-IRF2-ChIP-Seq(GSE36985)/Homer,GAAASYGAAASY,1.00E-02,-5.40E+00,0.0565,34,3.50%,611,2.12%
"E2A(bHLH),near_PU.1/Bcell-PU.1-ChIP-Seq(GSE21512)/Homer",NVCACCTGBN,1.00E-02,-5.40E+00,0.0565,249,25.62%,6337.7,21.98%
RUNX(Runt)/HPC7-Runx1-ChIP-Seq(GSE22178)/Homer,SAAACCACAG,1.00E-02,-5.38E+00,0.0565,118,12.14%,2742.6,9.51%
ZNF652/HepG2-ZNF652.Flag-ChIP-Seq(Encode)/Homer,TTAACCCTTTVNKKN,1.00E-02,-5.09E+00,0.0715,46,4.73%,912,3.16%
EHF(ETS)/LoVo-EHF-ChIP-Seq(GSE49402)/Homer,AVCAGGAAGT,1.00E-02,-5.06E+00,0.0715,287,29.53%,7457.3,25.87%
PU.1-IRF(ETS:IRF)/Bcell-PU.1-ChIP-Seq(GSE21512)/Homer,MGGAAGTGAAAC,1.00E-02,-4.96E+00,0.0771,246,25.31%,6311.2,21.89%
SCL(bHLH)/HPC7-Scl-ChIP-Seq(GSE13511)/Homer,AVCAGCTG,1.00E-02,-4.88E+00,0.0816,649,66.77%,18138.9,62.92%
IRF:BATF(IRF:bZIP)/pDC-Irf8-ChIP-Seq(GSE66899)/Homer,CTTTCANTATGACTV,1.00E-02,-4.76E+00,0.09,18,1.85%,277.1,0.96%
RUNX-AML(Runt)/CD4+-PolII-ChIP-Seq(Barski_et_al.)/Homer,GCTGTGGTTW,1.00E-01,-4.59E+00,0.1036,109,11.21%,2576.7,8.94%
Smad4(MAD)/ESC-SMAD4-ChIP-Seq(GSE29422)/Homer,VBSYGTCTGG,1.00E-01,-4.54E+00,0.1065,296,30.45%,7793,27.03%
IRF1(IRF)/PBMC-IRF1-ChIP-Seq(GSE43036)/Homer,GAAAGTGAAAGT,1.00E-01,-4.45E+00,0.114,34,3.50%,655.9,2.28%
Nrf2(bZIP)/Lymphoblast-Nrf2-ChIP-Seq(GSE37589)/Homer,HTGCTGAGTCAT,1.00E-01,-4.39E+00,0.1187,11,1.13%,143.7,0.50%
"bZIP:IRF(bZIP,IRF)/Th17-BatF-ChIP-Seq(GSE39756)/Homer",NAGTTTCABTHTGACTNW,1.00E-01,-4.36E+00,0.1192,58,5.97%,1257.4,4.36%
HIF2a(bHLH)/785_O-HIF2a-ChIP-Seq(GSE34871)/Homer,GCACGTACCC,1.00E-01,-4.35E+00,0.1192,65,6.69%,1438.2,4.99%
IRF8(IRF)/BMDM-IRF8-ChIP-Seq(GSE77884)/Homer,GRAASTGAAAST,1.00E-01,-4.33E+00,0.1192,75,7.72%,1699.2,5.89%
Bcl11a(Zf)/HSPC-BCL11A-ChIP-Seq(GSE104676)/Homer,TYTGACCASWRG,1.00E-01,-4.25E+00,0.1262,124,12.76%,3017.5,10.47%
HOXB13(Homeobox)/ProstateTumor-HOXB13-ChIP-Seq(GSE56288)/Homer,TTTTATKRGG,1.00E-01,-4.25E+00,0.1262,132,13.58%,3235.4,11.22%
FoxL2(Forkhead)/Ovary-FoxL2-ChIP-Seq(GSE60858)/Homer,WWTRTAAACAVG,1.00E-01,-4.24E+00,0.1262,89,9.16%,2076.6,7.20%
ZEB1(Zf)/PDAC-ZEB1-ChIP-Seq(GSE64557)/Homer,VCAGGTRDRY,1.00E-01,-4.17E+00,0.1283,277,28.50%,7308.7,25.35%
IRF4(IRF)/GM12878-IRF4-ChIP-Seq(GSE32465)/Homer,ACTGAAACCA,1.00E-01,-4.04E+00,0.1431,68,7.00%,1540.6,5.34%
Bach1(bZIP)/K562-Bach1-ChIP-Seq(GSE31477)/Homer,AWWNTGCTGAGTCAT,1.00E-01,-3.98E+00,0.1494,12,1.23%,173.1,0.60%
CEBP(bZIP)/ThioMac-CEBPb-ChIP-Seq(GSE21512)/Homer,ATTGCGCAAC,1.00E-01,-3.97E+00,0.1494,83,8.54%,1942.3,6.74%
Ascl1(bHLH)/NeuralTubes-Ascl1-ChIP-Seq(GSE55840)/Homer,NNVVCAGCTGBN,1.00E-01,-3.92E+00,0.154,282,29.01%,7493.4,25.99%
Hoxa13(Homeobox)/ChickenMSG-Hoxa13.Flag-ChIP-Seq(GSE86088)/Homer,CYHATAAAAN,1.00E-01,-3.79E+00,0.1722,276,28.40%,7343.5,25.47%
STAT6(Stat)/CD4-Stat6-ChIP-Seq(GSE22104)/Homer,ABTTCYYRRGAA,1.00E-01,-3.73E+00,0.1796,77,7.92%,1805.8,6.26%
TATA-Box(TBP)/Promoter/Homer,CCTTTTAWAGSC,1.00E-01,-3.69E+00,0.1832,212,21.81%,5537.2,19.21%
"Fox:Ebox(Forkhead,bHLH)/Panc1-Foxa2-ChIP-Seq(GSE47459)/Homer",NNNVCTGWGYAAACASN,1.00E-01,-3.67E+00,0.1845,124,12.76%,3084.1,10.70%
NFE2L2(bZIP)/HepG2-NFE2L2-ChIP-Seq(Encode)/Homer,AWWWTGCTGAGTCAT,1.00E-01,-3.62E+00,0.1904,9,0.93%,121.6,0.42%
ARE(NR)/LNCAP-AR-ChIP-Seq(GSE27824)/Homer,RGRACASNSTGTYCYB,1.00E-01,-3.61E+00,0.1904,43,4.42%,927.2,3.22%
Mef2b(MADS)/HEK293-Mef2b.V5-ChIP-Seq(GSE67450)/Homer,GCTATTTTTGGM,1.00E-01,-3.53E+00,0.2024,97,9.98%,2363.3,8.20%
CEBP:AP1(bZIP)/ThioMac-CEBPb-ChIP-Seq(GSE21512)/Homer,DRTGTTGCAA,1.00E-01,-3.47E+00,0.2107,96,9.88%,2342.6,8.13%
RUNX2(Runt)/PCa-RUNX2-ChIP-Seq(GSE33889)/Homer,NWAACCACADNN,1.00E-01,-3.42E+00,0.2184,117,12.04%,2922.5,10.14%
Egr1(Zf)/K562-Egr1-ChIP-Seq(GSE32465)/Homer,TGCGTGGGYG,1.00E-01,-3.42E+00,0.2184,218,22.43%,5752,19.95%
Ptf1a(bHLH)/Panc1-Ptf1a-ChIP-Seq(GSE47459)/Homer,ACAGCTGTTN,1.00E-01,-3.41E+00,0.2184,416,42.80%,11474,39.80%
SCRT1(Zf)/HEK293-SCRT1.eGFP-ChIP-Seq(Encode)/Homer,GCAACAGGTG,1.00E-01,-3.41E+00,0.2184,52,5.35%,1174.6,4.07%
ZEB2(Zf)/SNU398-ZEB2-ChIP-Seq(GSE103048)/Homer,GNMCAGGTGTGC,1.00E-01,-3.39E+00,0.2184,170,17.49%,4399.3,15.26%
HOXA1(Homeobox)/mES-Hoxa1-ChIP-Seq(SRP084292)/Homer,TGATKGATGR,1.00E-01,-3.24E+00,0.2418,31,3.19%,649,2.25%
COUP-TFII(NR)/K562-NR2F1-ChIP-Seq(Encode)/Homer,GKBCARAGGTCA,1.00E-01,-3.21E+00,0.2468,226,23.25%,6014.5,20.86%
ZNF322(Zf)/HEK293-ZNF322.GFP-ChIP-Seq(GSE58341)/Homer,GAGCCTGGTACTGWGCCTGR,1.00E-01,-3.21E+00,0.2468,59,6.07%,1375,4.77%
Unknown(Homeobox)/Limb-p300-ChIP-Seq/Homer,SSCMATWAAA,1.00E-01,-3.20E+00,0.2468,74,7.61%,1776.2,6.16%
EAR2(NR)/K562-NR2F6-ChIP-Seq(Encode)/Homer,NRBCARRGGTCA,1.00E-01,-3.16E+00,0.25,206,21.19%,5454.7,18.92%
ZBTB18(Zf)/HEK293-ZBTB18.GFP-ChIP-Seq(GSE58341)/Homer,AACATCTGGA,1.00E-01,-3.09E+00,0.2631,83,8.54%,2031.1,7.05%
p53(p53)/mES-cMyc-ChIP-Seq(GSE11431)/Homer,ACATGCCCGGGCAT,1.00E-01,-3.08E+00,0.2631,5,0.51%,55.4,0.19%
Hoxa11(Homeobox)/ChickenMSG-Hoxa11.Flag-ChIP-Seq(GSE86088)/Homer,TTTTATGGCM,1.00E-01,-3.07E+00,0.2631,260,26.75%,7014,24.33%
Foxo1(Forkhead)/RAW-Foxo1-ChIP-Seq(Fan_et_al.)/Homer,CTGTTTAC,1.00E-01,-2.93E+00,0.2962,266,27.37%,7212.8,25.02%
Foxf1(Forkhead)/Lung-Foxf1-ChIP-Seq(GSE77951)/Homer,WWATRTAAACAN,1.00E-01,-2.93E+00,0.2962,94,9.67%,2350.9,8.15%
CDX4(Homeobox)/ZebrafishEmbryos-Cdx4.Myc-ChIP-Seq(GSE48254)/Homer,NGYCATAAAWCH,1.00E-01,-2.93E+00,0.2962,100,10.29%,2516.3,8.73%
STAT6(Stat)/Macrophage-Stat6-ChIP-Seq(GSE38377)/Homer,TTCCKNAGAA,1.00E-01,-2.91E+00,0.2962,80,8.23%,1970.9,6.84%
FOXA1(Forkhead)/MCF7-FOXA1-ChIP-Seq(GSE26831)/Homer,WAAGTAAACA,1.00E-01,-2.89E+00,0.2962,99,10.19%,2493.1,8.65%
"VDR(NR),DR3/GM10855-VDR+vitD-ChIP-Seq(GSE22484)/Homer",ARAGGTCANWGAGTTCANNN,1.00E-01,-2.88E+00,0.2962,35,3.60%,774.1,2.69%
ETS1(ETS)/Jurkat-ETS1-ChIP-Seq(GSE17954)/Homer,ACAGGAAGTG,1.00E-01,-2.84E+00,0.3037,264,27.16%,7174.1,24.89%
Etv2(ETS)/ES-ER71-ChIP-Seq(GSE59402)/Homer,NNAYTTCCTGHN,1.00E-01,-2.84E+00,0.3037,233,23.97%,6283.1,21.79%
Foxo3(Forkhead)/U2OS-Foxo3-ChIP-Seq(E-MTAB-2701)/Homer,DGTAAACA,1.00E-01,-2.75E+00,0.3233,84,8.64%,2098.3,7.28%
MafB(bZIP)/BMM-Mafb-ChIP-Seq(GSE75722)/Homer,WNTGCTGASTCAGCANWTTY,1.00E-01,-2.70E+00,0.336,55,5.66%,1316.8,4.57%
MafK(bZIP)/C2C12-MafK-ChIP-Seq(GSE36030)/Homer,GCTGASTCAGCA,1.00E-01,-2.69E+00,0.336,39,4.01%,892.5,3.10%
Npas4(bHLH)/Neuron-Npas4-ChIP-Seq(GSE127793)/Homer,NHRTCACGACDN,1.00E-01,-2.68E+00,0.336,135,13.89%,3525.6,12.23%
"Oct6(POU,Homeobox)/NPC-Pou3f1-ChIP-Seq(GSE35496)/Homer",WATGCAAATGAG,1.00E-01,-2.64E+00,0.3452,50,5.14%,1188.5,4.12%
Hoxd13(Homeobox)/ChickenMSG-Hoxd13.Flag-ChIP-Seq(GSE86088)/Homer,NCYAATAAAA,1.00E-01,-2.64E+00,0.3452,175,18.00%,4664.6,16.18%
Unknown-ESC-element(?)/mES-Nanog-ChIP-Seq(GSE11724)/Homer,CACAGCAGGGGG,1.00E-01,-2.60E+00,0.3533,117,12.04%,3034.2,10.53%
HLF(bZIP)/HSC-HLF.Flag-ChIP-Seq(GSE69817)/Homer,RTTATGYAAB,1.00E-01,-2.55E+00,0.3673,95,9.77%,2428.2,8.42%
ZNF675(Zf)/HEK293-ZNF675.GFP-ChIP-Seq(GSE58341)/Homer,ARGAGGMCAAAATGW,1.00E-01,-2.52E+00,0.3742,21,2.16%,441.3,1.53%
RARa(NR)/K562-RARa-ChIP-Seq(Encode)/Homer,TTGAMCTTTG,1.00E-01,-2.51E+00,0.3742,381,39.20%,10650.6,36.94%
ZNF768(Zf)/Rajj-ZNF768-ChIP-Seq(GSE111879)/Homer,RHHCAGAGAGGB,1.00E-01,-2.50E+00,0.3742,10,1.03%,175.3,0.61%
KLF14(Zf)/HEK293-KLF14.GFP-ChIP-Seq(GSE58341)/Homer,RGKGGGCGKGGC,1.00E-01,-2.49E+00,0.3742,585,60.19%,16692.9,57.90%
FOXK1(Forkhead)/HEK293-FOXK1-ChIP-Seq(GSE51673)/Homer,NVWTGTTTAC,1.00E-01,-2.44E+00,0.3886,114,11.73%,2974.5,10.32%
HNF1b(Homeobox)/PDAC-HNF1B-ChIP-Seq(GSE64557)/Homer,GTTAATNATTAA,1.00E-01,-2.43E+00,0.3886,18,1.85%,371.9,1.29%
Gli2(Zf)/GM2-Gli2-ChIP-Chip(GSE112702)/Homer,YSTGGGTGGTCT,1.00E-01,-2.39E+00,0.4003,54,5.56%,1321.3,4.58%
AP-2gamma(AP2)/MCF7-TFAP2C-ChIP-Seq(GSE21234)/Homer,SCCTSAGGSCAW,1.00E-01,-2.38E+00,0.4003,255,26.23%,7010.1,24.32%
NF1-halfsite(CTF)/LNCaP-NF1-ChIP-Seq(Unpublished)/Homer,YTGCCAAG,1.00E-01,-2.35E+00,0.4083,293,30.14%,8120,28.17%
HINFP(Zf)/K562-HINFP.eGFP-ChIP-Seq(Encode)/Homer,TWVGGTCCGC,1.00E-01,-2.32E+00,0.4141,99,10.19%,2571.9,8.92%
Hoxa10(Homeobox)/ChickenMSG-Hoxa10.Flag-ChIP-Seq(GSE86088)/Homer,GGYAATGAAA,1.00E-01,-2.32E+00,0.4141,65,6.69%,1629.1,5.65%
FOXA1(Forkhead)/LNCAP-FOXA1-ChIP-Seq(GSE27824)/Homer,WAAGTAAACA,1.00E-01,-2.31E+00,0.4141,119,12.24%,3134.4,10.87%
Six1(Homeobox)/Myoblast-Six1-ChIP-Chip(GSE20150)/Homer,GKVTCADRTTWC,1.00E-01,-2.31E+00,0.4141,37,3.81%,872.2,3.03%
"PAX6(Paired,Homeobox)/Forebrain-Pax6-ChIP-Seq(GSE66961)/Homer",NGTGTTCAVTSAAGCGKAAA,1.00E+00,-2.29E+00,0.4142,18,1.85%,379.3,1.32%
MYNN(Zf)/HEK293-MYNN.eGFP-ChIP-Seq(Encode)/Homer,TTCAAAWTAAAAGTC,1.00E+00,-2.27E+00,0.4152,28,2.88%,637,2.21%
COUP-TFII(NR)/Artia-Nr2f2-ChIP-Seq(GSE46497)/Homer,AGRGGTCA,1.00E+00,-2.27E+00,0.4152,259,26.65%,7151.9,24.81%
"RBPJ:Ebox(?,bHLH)/Panc1-Rbpj1-ChIP-Seq(GSE47459)/Homer",GGGRAARRGRMCAGMTG,1.00E+00,-2.26E+00,0.4158,59,6.07%,1472.9,5.11%
Meis1(Homeobox)/MastCells-Meis1-ChIP-Seq(GSE48085)/Homer,VGCTGWCAVB,1.00E+00,-2.23E+00,0.4225,260,26.75%,7190.9,24.94%
RARg(NR)/ES-RARg-ChIP-Seq(GSE30538)/Homer,AGGTCAAGGTCA,1.00E+00,-2.23E+00,0.4225,7,0.72%,116,0.40%
DMRT1(DM)/Testis-DMRT1-ChIP-Seq(GSE64892)/Homer,TWGHWACAWTGTWDC,1.00E+00,-2.22E+00,0.4225,25,2.57%,563.8,1.96%
ZNF669(Zf)/HEK293-ZNF669.GFP-ChIP-Seq(GSE58341)/Homer,GARTGGTCATCGCCC,1.00E+00,-2.21E+00,0.4225,17,1.75%,358.3,1.24%
Foxa2(Forkhead)/Liver-Foxa2-ChIP-Seq(GSE25694)/Homer,CYTGTTTACWYW,1.00E+00,-2.13E+00,0.4529,85,8.74%,2209.5,7.66%
Znf263(Zf)/K562-Znf263-ChIP-Seq(GSE31477)/Homer,CVGTSCTCCC,1.00E+00,-2.12E+00,0.4529,399,41.05%,11278,39.12%
Erra(NR)/HepG2-Erra-ChIP-Seq(GSE31477)/Homer,CAAAGGTCAG,1.00E+00,-2.07E+00,0.4699,333,34.26%,9356.7,32.46%
PR(NR)/T47D-PR-ChIP-Seq(GSE31130)/Homer,VAGRACAKNCTGTBC,1.00E+00,-2.05E+00,0.4778,289,29.73%,8078.8,28.02%
TRPS1(Zf)/MCF7-TRPS1-ChIP-Seq(GSE107013)/Homer,AGATAAGANN,1.00E+00,-2.04E+00,0.4778,210,21.60%,5787.1,20.07%
"PAX5(Paired,Homeobox)/GM12878-PAX5-ChIP-Seq(GSE32465)/Homer",GCAGCCAAGCRTGACH,1.00E+00,-2.04E+00,0.4778,69,7.10%,1775.1,6.16%
CUX1(Homeobox)/K562-CUX1-ChIP-Seq(GSE92882)/Homer,TATCGATNAN,1.00E+00,-2.04E+00,0.4778,67,6.89%,1720.4,5.97%
Lhx2(Homeobox)/HFSC-Lhx2-ChIP-Seq(GSE48068)/Homer,TAATTAGN,1.00E+00,-2.04E+00,0.4778,107,11.01%,2842.2,9.86%
Twist2(bHLH)/Myoblast-Twist2.Ty1-ChIP-Seq(GSE127998)/Homer,MCAGCTGBYH,1.00E+00,-1.96E+00,0.5022,257,26.44%,7170.7,24.87%
Zic3(Zf)/mES-Zic3-ChIP-Seq(GSE37889)/Homer,GGCCYCCTGCTGDGH,1.00E+00,-1.94E+00,0.5074,134,13.79%,3627.2,12.58%
E2F6(E2F)/Hela-E2F6-ChIP-Seq(GSE31477)/Homer,GGCGGGAARN,1.00E+00,-1.92E+00,0.5099,167,17.18%,4575.9,15.87%
USF1(bHLH)/GM12878-Usf1-ChIP-Seq(GSE32465)/Homer,SGTCACGTGR,1.00E+00,-1.90E+00,0.5163,91,9.36%,2412.7,8.37%
ERG(ETS)/VCaP-ERG-ChIP-Seq(GSE14097)/Homer,ACAGGAAGTG,1.00E+00,-1.88E+00,0.5225,341,35.08%,9642.1,33.45%
GATA3(Zf)/iTreg-Gata3-ChIP-Seq(GSE20898)/Homer,AGATAASR,1.00E+00,-1.88E+00,0.5225,160,16.46%,4383.4,15.21%
MyoG(bHLH)/C2C12-MyoG-ChIP-Seq(GSE36024)/Homer,AACAGCTG,1.00E+00,-1.88E+00,0.5225,191,19.65%,5276.7,18.30%
Tcf12(bHLH)/GM12878-Tcf12-ChIP-Seq(GSE32465)/Homer,VCAGCTGYTG,1.00E+00,-1.85E+00,0.53,184,18.93%,5082.3,17.63%
"HNF4a(NR),DR1/HepG2-HNF4a-ChIP-Seq(GSE25021)/Homer",CARRGKBCAAAGTYCA,1.00E+00,-1.83E+00,0.5331,78,8.02%,2057.2,7.14%
Zic2(Zf)/ESC-Zic2-ChIP-Seq(SRP197560)/Homer,CHCAGCRGGRGG,1.00E+00,-1.83E+00,0.5331,108,11.11%,2906.3,10.08%
Tbr1(T-box)/Cortex-Tbr1-ChIP-Seq(GSE71384)/Homer,AAGGTGTKAA,1.00E+00,-1.82E+00,0.534,166,17.08%,4570.7,15.85%
WT1(Zf)/Kidney-WT1-ChIP-Seq(GSE90016)/Homer,MCTCCCMCRCAB,1.00E+00,-1.78E+00,0.5475,174,17.90%,4808.4,16.68%
AR-halfsite(NR)/LNCaP-AR-ChIP-Seq(GSE27824)/Homer,CCAGGAACAG,1.00E+00,-1.76E+00,0.556,521,53.60%,14992,52.00%
GLIS3(Zf)/Thyroid-Glis3.GFP-ChIP-Seq(GSE103297)/Homer,CTCCCTGGGAGGCCN,1.00E+00,-1.74E+00,0.5645,324,33.33%,9186.5,31.87%
Elf4(ETS)/BMDM-Elf4-ChIP-Seq(GSE88699)/Homer,ACTTCCKGKT,1.00E+00,-1.74E+00,0.5645,257,26.44%,7228.1,25.07%
Hoxd11(Homeobox)/ChickenMSG-Hoxd11.Flag-ChIP-Seq(GSE86088)/Homer,VGCCATAAAA,1.00E+00,-1.72E+00,0.5698,263,27.06%,7409.1,25.70%
Pit1+1bp(Homeobox)/GCrat-Pit1-ChIP-Seq(GSE58009)/Homer,ATGCATAATTCA,1.00E+00,-1.69E+00,0.5811,27,2.78%,660.7,2.29%
Tcf21(bHLH)/ArterySmoothMuscle-Tcf21-ChIP-Seq(GSE61369)/Homer,NAACAGCTGG,1.00E+00,-1.68E+00,0.5819,163,16.77%,4515.9,15.66%
c-Myc(bHLH)/mES-cMyc-ChIP-Seq(GSE11431)/Homer,VVCCACGTGG,1.00E+00,-1.66E+00,0.587,73,7.51%,1943.8,6.74%
Dlx3(Homeobox)/Kerainocytes-Dlx3-ChIP-Seq(GSE89884)/Homer,NDGTAATTAC,1.00E+00,-1.62E+00,0.6068,62,6.38%,1639.9,5.69%
GLI3(Zf)/Limb-GLI3-ChIP-Chip(GSE11077)/Homer,CGTGGGTGGTCC,1.00E+00,-1.62E+00,0.6068,23,2.37%,558.3,1.94%
"NFAT:AP1(RHD,bZIP)/Jurkat-NFATC1-ChIP-Seq(Jolma_et_al.)/Homer",SARTGGAAAAWRTGAGTCAB,1.00E+00,-1.60E+00,0.6149,21,2.16%,506.5,1.76%
HIC1(Zf)/Treg-ZBTB29-ChIP-Seq(GSE99889)/Homer,TGCCAGCB,1.00E+00,-1.59E+00,0.615,354,36.42%,10113.2,35.08%
EBNA1(EBV-virus)/Raji-EBNA1-ChIP-Seq(GSE30709)/Homer,GGYAGCAYDTGCTDCCCNNN,1.00E+00,-1.57E+00,0.623,4,0.41%,68.2,0.24%
"GRE(NR),IR3/RAW264.7-GRE-ChIP-Seq(Unpublished)/Homer",VAGRACAKWCTGTYC,1.00E+00,-1.54E+00,0.64,31,3.19%,785.6,2.73%
FOXP1(Forkhead)/H9-FOXP1-ChIP-Seq(GSE31006)/Homer,NYYTGTTTACHN,1.00E+00,-1.51E+00,0.6527,48,4.94%,1262.6,4.38%
BHLHA15(bHLH)/NIH3T3-BHLHB8.HA-ChIP-Seq(GSE119782)/Homer,NAMCAGCTGK,1.00E+00,-1.50E+00,0.6527,206,21.19%,5807.2,20.14%
ZNF165(Zf)/WHIM12-ZNF165-ChIP-Seq(GSE65937)/Homer,AAGGKGRCGCAGGCA,1.00E+00,-1.49E+00,0.6541,30,3.09%,762.7,2.65%
NPAS(bHLH)/Liver-NPAS-ChIP-Seq(GSE39860)/Homer,NVCACGTG,1.00E+00,-1.49E+00,0.6541,201,20.68%,5666.9,19.66%
"ETS:RUNX(ETS,Runt)/Jurkat-RUNX1-ChIP-Seq(GSE17954)/Homer",RCAGGATGTGGT,1.00E+00,-1.47E+00,0.6591,31,3.19%,792.1,2.75%
ZNF264(Zf)/HEK293-ZNF264.GFP-ChIP-Seq(GSE58341)/Homer,RGGGCACTAACY,1.00E+00,-1.47E+00,0.6591,101,10.39%,2777.9,9.64%
ZNF41(Zf)/HEK293-ZNF41.GFP-ChIP-Seq(GSE58341)/Homer,CCTCATGGTGYCYTWYTCCCTTGTG,1.00E+00,-1.45E+00,0.6642,5,0.51%,96.1,0.33%
Tlx?(NR)/NPC-H3K4me1-ChIP-Seq(GSE16256)/Homer,CTGGCAGSCTGCCA,1.00E+00,-1.44E+00,0.6692,74,7.61%,2010.2,6.97%
Klf4(Zf)/mES-Klf4-ChIP-Seq(GSE11431)/Homer,GCCACACCCA,1.00E+00,-1.41E+00,0.6876,170,17.49%,4787.4,16.61%
"RXR(NR),DR1/3T3L1-RXR-ChIP-Seq(GSE13511)/Homer",TAGGGCAAAGGTCA,1.00E+00,-1.40E+00,0.6899,192,19.75%,5430.9,18.84%
"Pitx1:Ebox(Homeobox,bHLH)/Hindlimb-Pitx1-ChIP-Seq(GSE41591)/Homer",YTAATTRAWWCCAGATGT,1.00E+00,-1.38E+00,0.6941,17,1.75%,416.7,1.45%
"FOXA1:AR(Forkhead,NR)/LNCAP-AR-ChIP-Seq(GSE27824)/Homer",AGTAAACAAAAAAGAACAND,1.00E+00,-1.38E+00,0.6941,6,0.62%,125,0.43%
"OCT:OCT-short(POU,Homeobox)/NPC-OCT6-ChIP-Seq(GSE43916)/Homer",ATGCATWATGCATRW,1.00E+00,-1.35E+00,0.7064,51,5.25%,1370.7,4.75%
"PPARa(NR),DR1/Liver-Ppara-ChIP-Seq(GSE47954)/Homer",VNAGGKCAAAGGTCA,1.00E+00,-1.34E+00,0.7147,167,17.18%,4720,16.37%
FOXM1(Forkhead)/MCF7-FOXM1-ChIP-Seq(GSE72977)/Homer,TRTTTACTTW,1.00E+00,-1.32E+00,0.7235,100,10.29%,2781.8,9.65%
AP-2alpha(AP2)/Hela-AP2alpha-ChIP-Seq(GSE31477)/Homer,ATGCCCTGAGGC,1.00E+00,-1.29E+00,0.7366,191,19.65%,5431.6,18.84%
Zac1(Zf)/Neuro2A-Plagl1-ChIP-Seq(GSE75942)/Homer,HAWGRGGCCM,1.00E+00,-1.29E+00,0.7366,451,46.40%,13082.8,45.38%
"OCT4-SOX2-TCF-NANOG(POU,Homeobox,HMG)/mES-Oct4-ChIP-Seq(GSE11431)/Homer",ATTTGCATAACAATG,1.00E+00,-1.29E+00,0.7366,16,1.65%,397.4,1.38%
CLOCK(bHLH)/Liver-Clock-ChIP-Seq(GSE39860)/Homer,GHCACGTG,1.00E+00,-1.28E+00,0.7366,96,9.88%,2673.4,9.27%
Pitx1(Homeobox)/Chicken-Pitx1-ChIP-Seq(GSE38910)/Homer,TAATCCCN,1.00E+00,-1.28E+00,0.7366,489,50.31%,14212.4,49.30%
MNT(bHLH)/HepG2-MNT-ChIP-Seq(Encode)/Homer,DGCACACGTG,1.00E+00,-1.27E+00,0.7366,131,13.48%,3690.1,12.80%
Nr5a2(NR)/Pancreas-LRH1-ChIP-Seq(GSE34295)/Homer,BTCAAGGTCA,1.00E+00,-1.26E+00,0.7366,98,10.08%,2736.5,9.49%
GRHL2(CP2)/HBE-GRHL2-ChIP-Seq(GSE46194)/Homer,AAACYKGTTWDACMRGTTTB,1.00E+00,-1.25E+00,0.7411,48,4.94%,1302.1,4.52%
"Oct11(POU,Homeobox)/NCIH1048-POU2F3-ChIP-seq(GSE115123)/Homer",GATTTGCATA,1.00E+00,-1.24E+00,0.7411,34,3.50%,905.4,3.14%
Max(bHLH)/K562-Max-ChIP-Seq(GSE31477)/Homer,RCCACGTGGYYN,1.00E+00,-1.24E+00,0.7411,95,9.77%,2655.1,9.21%
Usf2(bHLH)/C2C12-Usf2-ChIP-Seq(GSE36030)/Homer,GTCACGTGGT,1.00E+00,-1.23E+00,0.7415,61,6.28%,1677.5,5.82%
"GRE(NR),IR3/A549-GR-ChIP-Seq(GSE32465)/Homer",NRGVACABNVTGTYCY,1.00E+00,-1.22E+00,0.7415,19,1.95%,486.2,1.69%
Pdx1(Homeobox)/Islet-Pdx1-ChIP-Seq(SRA008281)/Homer,YCATYAATCA,1.00E+00,-1.22E+00,0.7415,85,8.74%,2370.5,8.22%
PRDM15(Zf)/ESC-Prdm15-ChIP-Seq(GSE73694)/Homer,YCCDNTCCAGGTTTT,1.00E+00,-1.20E+00,0.7471,165,16.98%,4699.5,16.30%
Foxh1(Forkhead)/hESC-FOXH1-ChIP-Seq(GSE29422)/Homer,NNTGTGGATTSS,1.00E+00,-1.18E+00,0.7629,64,6.58%,1773.7,6.15%
"NF1:FOXA1(CTF,Forkhead)/LNCAP-FOXA1-ChIP-Seq(GSE27824)/Homer",WNTGTTTRYTTTGGCA,1.00E+00,-1.17E+00,0.7629,7,0.72%,161.6,0.56%
Foxa3(Forkhead)/Liver-Foxa3-ChIP-Seq(GSE77670)/Homer,BSNTGTTTACWYWGN,1.00E+00,-1.17E+00,0.7629,32,3.29%,858.2,2.98%
bHLHE41(bHLH)/proB-Bhlhe41-ChIP-Seq(GSE93764)/Homer,KCACGTGMCN,1.00E+00,-1.17E+00,0.7629,208,21.40%,5968.5,20.70%
DLX1(Homeobox)/BasalGanglia-Dlx1-ChIP-seq(GSE124936)/Homer,NSNNTAATTA,1.00E+00,-1.17E+00,0.7629,136,13.99%,3863.7,13.40%
ZSCAN22(Zf)/HEK293-ZSCAN22.GFP-ChIP-Seq(GSE58341)/Homer,SMCAGTCWGAKGGAGGAGGC,1.00E+00,-1.14E+00,0.7703,21,2.16%,551.8,1.91%
ZNF467(Zf)/HEK293-ZNF467.GFP-ChIP-Seq(GSE58341)/Homer,TGGGGAAGGGCM,1.00E+00,-1.13E+00,0.7764,232,23.87%,6687.4,23.20%
Hoxc9(Homeobox)/Ainv15-Hoxc9-ChIP-Seq(GSE21812)/Homer,GGCCATAAATCA,1.00E+00,-1.11E+00,0.7821,50,5.14%,1382.6,4.80%
MafA(bZIP)/Islet-MafA-ChIP-Seq(GSE30298)/Homer,TGCTGACTCA,1.00E+00,-1.10E+00,0.7884,122,12.55%,3474.7,12.05%
NeuroG2(bHLH)/Fibroblast-NeuroG2-ChIP-Seq(GSE75910)/Homer,ACCATCTGTT,1.00E+00,-1.10E+00,0.7884,211,21.71%,6080.1,21.09%
Bapx1(Homeobox)/VertebralCol-Bapx1-ChIP-Seq(GSE36672)/Homer,TTRAGTGSYK,1.00E+00,-1.09E+00,0.7912,282,29.01%,8173.1,28.35%
"OCT:OCT(POU,Homeobox)/NPC-Brn1-ChIP-Seq(GSE35496)/Homer",ATGAATATTCATGAG,1.00E+00,-1.08E+00,0.7941,2,0.21%,35.9,0.12%
Maz(Zf)/HepG2-Maz-ChIP-Seq(GSE31477)/Homer,GGGGGGGG,1.00E+00,-1.07E+00,0.7941,464,47.74%,13556.7,47.03%
NPAS2(bHLH)/Liver-NPAS2-ChIP-Seq(GSE39860)/Homer,KCCACGTGAC,1.00E+00,-1.07E+00,0.7941,149,15.33%,4272.2,14.82%
BMAL1(bHLH)/Liver-Bmal1-ChIP-Seq(GSE39860)/Homer,GNCACGTG,1.00E+00,-1.07E+00,0.7941,226,23.25%,6532.3,22.66%
ZNF519(Zf)/HEK293-ZNF519.GFP-ChIP-Seq(GSE58341)/Homer,GAGSCCGAGC,1.00E+00,-1.05E+00,0.7984,58,5.97%,1625.6,5.64%
Stat3+il21(Stat)/CD4-Stat3-ChIP-Seq(GSE19198)/Homer,SVYTTCCNGGAARB,1.00E+00,-1.03E+00,0.8078,118,12.14%,3376.8,11.71%
CHR(?)/Hela-CellCycle-Expression/Homer,SRGTTTCAAA,1.00E+00,-1.03E+00,0.8078,64,6.58%,1803.4,6.26%
PGR(NR)/EndoStromal-PGR-ChIP-Seq(GSE69539)/Homer,AAGAACATWHTGTTC,1.00E+00,-1.03E+00,0.8078,25,2.57%,678.1,2.35%
DMRT6(DM)/Testis-DMRT6-ChIP-Seq(GSE60440)/Homer,YDGHTACAWTGTADC,1.00E+00,-1.03E+00,0.8078,18,1.85%,479.2,1.66%
"Pax8(Paired,Homeobox)/Thyroid-Pax8-ChIP-Seq(GSE26938)/Homer",GTCATGCHTGRCTGS,1.00E+00,-9.91E-01,0.8253,52,5.35%,1463,5.07%
ZNF692(Zf)/HEK293-ZNF692.GFP-ChIP-Seq(GSE58341)/Homer,GTGGGCCCCA,1.00E+00,-9.72E-01,0.8367,29,2.98%,801.9,2.78%
MyoD(bHLH)/Myotube-MyoD-ChIP-Seq(GSE21614)/Homer,RRCAGCTGYTSY,1.00E+00,-9.62E-01,0.8407,137,14.09%,3954.2,13.72%
STAT4(Stat)/CD4-Stat4-ChIP-Seq(GSE22104)/Homer,NYTTCCWGGAAR,1.00E+00,-9.61E-01,0.8407,133,13.68%,3837.2,13.31%
"GATA:SCL(Zf,bHLH)/Ter119-SCL-ChIP-Seq(GSE18720)/Homer",CRGCTGBNGNSNNSAGATAA,1.00E+00,-9.61E-01,0.8407,17,1.75%,458.3,1.59%
"PPARE(NR),DR1/3T3L1-Pparg-ChIP-Seq(GSE13511)/Homer",TGACCTTTGCCCCA,1.00E+00,-9.55E-01,0.8407,153,15.74%,4426.7,15.36%
DLX5(Homeobox)/BasalGanglia-Dlx5-ChIP-seq(GSE124936)/Homer,SSTAATTA,1.00E+00,-9.55E-01,0.8407,72,7.41%,2053.7,7.12%
"FXR(NR),IR1/Liver-FXR-ChIP-Seq(Chong_et_al.)/Homer",AGGTCANTGACCTB,1.00E+00,-9.45E-01,0.8407,57,5.86%,1618.5,5.61%
RORgt(NR)/EL4-RORgt.Flag-ChIP-Seq(GSE56019)/Homer,AAYTAGGTCA,1.00E+00,-9.37E-01,0.8407,14,1.44%,375.6,1.30%
RORgt(NR)/EL4-RORgt.Flag-ChIP-Seq(GSE56019)/Homer,AAYTAGGTCA,1.00E+00,-9.37E-01,0.8407,14,1.44%,375.6,1.30%
"Brn1(POU,Homeobox)/NPC-Brn1-ChIP-Seq(GSE35496)/Homer",TATGCWAATBAV,1.00E+00,-9.33E-01,0.8407,30,3.09%,836.4,2.90%
Zfp809(Zf)/ES-Zfp809-ChIP-Seq(GSE70799)/Homer,GGGGCTYGKCTGGGA,1.00E+00,-9.30E-01,0.8407,48,4.94%,1359.9,4.72%
TCF4(bHLH)/SHSY5Y-TCF4-ChIP-Seq(GSE96915)/Homer,SMCATCTGKH,1.00E+00,-9.29E-01,0.8407,208,21.40%,6054.8,21.00%
Sp2(Zf)/HEK293-Sp2.eGFP-ChIP-Seq(Encode)/Homer,YGGCCCCGCCCC,1.00E+00,-9.14E-01,0.8407,544,55.97%,16001,55.50%
"Oct4(POU,Homeobox)/mES-Oct4-ChIP-Seq(GSE11431)/Homer",ATTTGCATAW,1.00E+00,-9.06E-01,0.8407,42,4.32%,1189.7,4.13%
Tbx21(T-box)/GM12878-TBX21-ChIP-Seq(Encode)/Homer,AGGTGTGAAA,1.00E+00,-8.90E-01,0.8484,115,11.83%,3331.9,11.56%
E2F1(E2F)/Hela-E2F1-ChIP-Seq(GSE22478)/Homer,CWGGCGGGAA,1.00E+00,-8.85E-01,0.8487,77,7.92%,2218,7.69%
Hoxa9(Homeobox)/ChickenMSG-Hoxa9.Flag-ChIP-Seq(GSE86088)/Homer,RGCAATNAAA,1.00E+00,-8.78E-01,0.8502,322,33.13%,9442.6,32.75%
ZNF415(Zf)/HEK293-ZNF415.GFP-ChIP-Seq(GSE58341)/Homer,GRTGMTRGAGCC,1.00E+00,-8.72E-01,0.8514,101,10.39%,2925.5,10.15%
"Oct2(POU,Homeobox)/Bcell-Oct2-ChIP-Seq(GSE21512)/Homer",ATATGCAAAT,1.00E+00,-8.70E-01,0.8514,27,2.78%,759.4,2.63%
"Brn2(POU,Homeobox)/NPC-Brn2-ChIP-Seq(GSE35496)/Homer",ATGAATATTC,1.00E+00,-8.66E-01,0.8514,7,0.72%,182.9,0.63%
THRb(NR)/Liver-NR1A2-ChIP-Seq(GSE52613)/Homer,TRAGGTCA,1.00E+00,-8.66E-01,0.8514,526,54.12%,15491.3,53.74%
Mouse_Recombination_Hotspot(Zf)/Testis-DMC1-ChIP-Seq(GSE24438)/Homer,ACTYKNATTCGTGNTACTTC,1.00E+00,-8.47E-01,0.8578,6,0.62%,155.5,0.54%
Gata4(Zf)/Heart-Gata4-ChIP-Seq(GSE35151)/Homer,NBWGATAAGR,1.00E+00,-8.44E-01,0.8578,106,10.91%,3081.1,10.69%
EBF1(EBF)/Near-E2A-ChIP-Seq(GSE21512)/Homer,GTCCCCWGGGGA,1.00E+00,-8.29E-01,0.8655,217,22.33%,6361.4,22.07%
Hoxb4(Homeobox)/ES-Hoxb4-ChIP-Seq(GSE34014)/Homer,TGATTRATGGCY,1.00E+00,-8.04E-01,0.8831,19,1.95%,536.3,1.86%
Sox4(HMG)/proB-Sox4-ChIP-Seq(GSE50066)/Homer,YCTTTGTTCC,1.00E+00,-8.02E-01,0.8831,103,10.60%,3006.2,10.43%
Olig2(bHLH)/Neuron-Olig2-ChIP-Seq(GSE30882)/Homer,RCCATMTGTT,1.00E+00,-7.98E-01,0.8831,246,25.31%,7232.9,25.09%
Phox2a(Homeobox)/Neuron-Phox2a-ChIP-Seq(GSE31456)/Homer,YTAATYNRATTA,1.00E+00,-7.82E-01,0.8905,25,2.57%,715,2.48%
Six2(Homeobox)/NephronProgenitor-Six2-ChIP-Seq(GSE39837)/Homer,GWAAYHTGAKMC,1.00E+00,-7.82E-01,0.8905,125,12.86%,3662.2,12.70%
p73(p53)/Trachea-p73-ChIP-Seq(PRJNA310161)/Homer,NRRRCAWGTCCDGRCATGYY,1.00E+00,-7.82E-01,0.8905,6,0.62%,160.7,0.56%
NFAT(RHD)/Jurkat-NFATC1-ChIP-Seq(Jolma_et_al.)/Homer,ATTTTCCATT,1.00E+00,-7.74E-01,0.8905,93,9.57%,2720.9,9.44%
EBF(EBF)/proBcell-EBF-ChIP-Seq(GSE21978)/Homer,DGTCCCYRGGGA,1.00E+00,-7.73E-01,0.8905,41,4.22%,1187.3,4.12%
Eomes(T-box)/H9-Eomes-ChIP-Seq(GSE26097)/Homer,ATTAACACCT,1.00E+00,-7.73E-01,0.8905,243,25.00%,7155.3,24.82%
PRDM14(Zf)/H1-PRDM14-ChIP-Seq(GSE22767)/Homer,RGGTCTCTAACY,1.00E+00,-7.48E-01,0.8974,48,4.94%,1399.4,4.85%
c-Myc(bHLH)/LNCAP-cMyc-ChIP-Seq(Unpublished)/Homer,VCCACGTG,1.00E+00,-7.39E-01,0.9022,94,9.67%,2761.4,9.58%
HOXA2(Homeobox)/mES-Hoxa2-ChIP-Seq(Donaldson_et_al.)/Homer,GYCATCMATCAT,1.00E+00,-7.37E-01,0.9022,10,1.03%,281.8,0.98%
Otx2(Homeobox)/EpiLC-Otx2-ChIP-Seq(GSE56098)/Homer,NYTAATCCYB,1.00E+00,-7.29E-01,0.9032,80,8.23%,2350.4,8.15%
Klf9(Zf)/GBM-Klf9-ChIP-Seq(GSE62211)/Homer,GCCACRCCCACY,1.00E+00,-7.21E-01,0.9069,206,21.19%,6085,21.11%
Fli1(ETS)/CD8-FLI-ChIP-Seq(GSE20898)/Homer,NRYTTCCGGH,1.00E+00,-7.13E-01,0.9104,285,29.32%,8429.3,29.24%
Tbet(T-box)/CD8-Tbet-ChIP-Seq(GSE33802)/Homer,AGGTGTGAAM,1.00E+00,-7.06E-01,0.9124,118,12.14%,3483.1,12.08%
Nkx2.1(Homeobox)/LungAC-Nkx2.1-ChIP-Seq(GSE43252)/Homer,RSCACTYRAG,1.00E+00,-7.05E-01,0.9124,389,40.02%,11516,39.95%
Gfi1b(Zf)/HPC7-Gfi1b-ChIP-Seq(GSE22178)/Homer,MAATCACTGC,1.00E+00,-6.98E-01,0.9124,93,9.57%,2745.5,9.52%
Nkx2.2(Homeobox)/NPC-Nkx2.2-ChIP-Seq(GSE61673)/Homer,BTBRAGTGSN,1.00E+00,-6.86E-01,0.9192,285,29.32%,8443.6,29.29%
FoxD3(forkhead)/ZebrafishEmbryo-Foxd3.biotin-ChIP-seq(GSE106676)/Homer,TGTTTAYTTAGC,1.00E+00,-6.79E-01,0.9222,80,8.23%,2366.5,8.21%
DLX2(Homeobox)/BasalGanglia-Dlx2-ChIP-seq(GSE124936)/Homer,NNNTAATTAS,1.00E+00,-6.72E-01,0.9244,143,14.71%,4238.2,14.70%
TEAD3(TEA)/HepG2-TEAD3-ChIP-Seq(Encode)/Homer,TRCATTCCAG,1.00E+00,-6.68E-01,0.9245,133,13.68%,3943.1,13.68%
ERRg(NR)/Kidney-ESRRG-ChIP-Seq(GSE104905)/Homer,GTGACCTTGRVN,1.00E+00,-6.41E-01,0.9459,109,11.21%,3241.5,11.24%
HRE(HSF)/Striatum-HSF1-ChIP-Seq(GSE38000)/Homer,TTCTAGAABNTTCTA,1.00E+00,-6.39E-01,0.9459,31,3.19%,921,3.19%
Gata6(Zf)/HUG1N-GATA6-ChIP-Seq(GSE51936)/Homer,YCTTATCTBN,1.00E+00,-6.39E-01,0.9459,90,9.26%,2677.3,9.29%
TEAD(TEA)/Fibroblast-PU.1-ChIP-Seq(Unpublished)/Homer,YCWGGAATGY,1.00E+00,-6.39E-01,0.9459,74,7.61%,2201.1,7.64%
MITF(bHLH)/MastCells-MITF-ChIP-Seq(GSE48085)/Homer,RTCATGTGAC,1.00E+00,-6.37E-01,0.9459,140,14.40%,4164.4,14.45%
X-box(HTH)/NPC-H3K4me1-ChIP-Seq(GSE16256)/Homer,GGTTGCCATGGCAA,1.00E+00,-6.28E-01,0.9459,28,2.88%,833.7,2.89%
ZNF189(Zf)/HEK293-ZNF189.GFP-ChIP-Seq(GSE58341)/Homer,TGGAACAGMA,1.00E+00,-6.18E-01,0.9459,122,12.55%,3637.6,12.62%
Sp1(Zf)/Promoter/Homer,GGCCCCGCCCCC,1.00E+00,-6.11E-01,0.9477,232,23.87%,6911.7,23.98%
TEAD1(TEAD)/HepG2-TEAD1-ChIP-Seq(Encode)/Homer,CYRCATTCCA,1.00E+00,-6.06E-01,0.9492,124,12.76%,3702.9,12.84%
RORa(NR)/Liver-Rora-ChIP-Seq(GSE101115)/Homer,AAWCTAGGTCARDNN,1.00E+00,-6.02E-01,0.9492,14,1.44%,418.4,1.45%
LHX9(Homeobox)/Hct116-LHX9.V5-ChIP-Seq(GSE116822)/Homer,NGCTAATTAG,1.00E+00,-6.00E-01,0.9492,147,15.12%,4389.6,15.23%
Ap4(bHLH)/AML-Tfap4-ChIP-Seq(GSE45738)/Homer,NAHCAGCTGD,1.00E+00,-5.92E-01,0.9506,192,19.75%,5732.6,19.89%
EBF2(EBF)/BrownAdipose-EBF2-ChIP-Seq(GSE97114)/Homer,NABTCCCWDGGGAVH,1.00E+00,-5.91E-01,0.9506,166,17.08%,4959.6,17.20%
Zic(Zf)/Cerebellum-ZIC1.2-ChIP-Seq(GSE60731)/Homer,CCTGCTGAGH,1.00E+00,-5.84E-01,0.9512,146,15.02%,4367.3,15.15%
bHLHE40(bHLH)/HepG2-BHLHE40-ChIP-Seq(GSE31477)/Homer,KCACGTGMCN,1.00E+00,-5.83E-01,0.9512,57,5.86%,1712,5.94%
KLF10(Zf)/HEK293-KLF10.GFP-ChIP-Seq(GSE58341)/Homer,GGGGGTGTGTCC,1.00E+00,-5.82E-01,0.9512,172,17.70%,5142.2,17.84%
STAT1(Stat)/HelaS3-STAT1-ChIP-Seq(GSE12782)/Homer,NATTTCCNGGAAAT,1.00E+00,-5.75E-01,0.9512,43,4.42%,1295.6,4.49%
ZBTB12(Zf)/HEK293-ZBTB12.GFP-ChIP-Seq(GSE58341)/Homer,NGNTCTAGAACCNGV,1.00E+00,-5.71E-01,0.9512,65,6.69%,1956,6.79%
Srebp2(bHLH)/HepG2-Srebp2-ChIP-Seq(GSE31477)/Homer,CGGTCACSCCAC,1.00E+00,-5.57E-01,0.9582,20,2.06%,607.4,2.11%
ZNF382(Zf)/HEK293-ZNF382.GFP-ChIP-Seq(GSE58341)/Homer,GNCTGTASTRNTGBCTCHTT,1.00E+00,-5.56E-01,0.9582,3,0.31%,88.7,0.31%
"PAX3:FKHR-fusion(Paired,Homeobox)/Rh4-PAX3:FKHR-ChIP-Seq(GSE19063)/Homer",ACCRTGACTAATTNN,1.00E+00,-5.55E-01,0.9582,15,1.54%,456,1.58%
ZNF416(Zf)/HEK293-ZNF416.GFP-ChIP-Seq(GSE58341)/Homer,WDNCTGGGCA,1.00E+00,-5.53E-01,0.9582,229,23.56%,6855.4,23.78%
PRDM1(Zf)/Hela-PRDM1-ChIP-Seq(GSE31477)/Homer,ACTTTCACTTTC,1.00E+00,-5.51E-01,0.9582,69,7.10%,2082.6,7.22%
LRF(Zf)/Erythroblasts-ZBTB7A-ChIP-Seq(GSE74977)/Homer,AAGACCCYYN,1.00E+00,-5.47E-01,0.9582,315,32.41%,9416,32.66%
Hnf1(Homeobox)/Liver-Foxa2-Chip-Seq(GSE25694)/Homer,GGTTAAWCATTAA,1.00E+00,-5.43E-01,0.9582,11,1.13%,337,1.17%
Gata2(Zf)/K562-GATA2-ChIP-Seq(GSE18829)/Homer,BBCTTATCTS,1.00E+00,-5.34E-01,0.9582,66,6.79%,1998.5,6.93%
p63(p53)/Keratinocyte-p63-ChIP-Seq(GSE17611)/Homer,NNDRCATGYCYNRRCATGYH,1.00E+00,-5.34E-01,0.9582,46,4.73%,1397.9,4.85%
REST-NRSF(Zf)/Jurkat-NRSF-ChIP-Seq/Homer,GGMGCTGTCCATGGTGCTGA,1.00E+00,-5.33E-01,0.9582,2,0.21%,58.6,0.20%
E2F3(E2F)/MEF-E2F3-ChIP-Seq(GSE71376)/Homer,BTKGGCGGGAAA,1.00E+00,-5.27E-01,0.9582,180,18.52%,5410.8,18.77%
Tbx5(T-box)/HL1-Tbx5.biotin-ChIP-Seq(GSE21529)/Homer,AGGTGTCA,1.00E+00,-5.23E-01,0.9582,434,44.65%,12967.3,44.98%
"RAR:RXR(NR),DR0/ES-RAR-ChIP-Seq(GSE56893)/Homer",AGGTCAAGGTCA,1.00E+00,-5.12E-01,0.959,14,1.44%,433.4,1.50%
"RAR:RXR(NR),DR5/ES-RAR-ChIP-Seq(GSE56893)/Homer",RGGTCADNNAGAGGTCAV,1.00E+00,-5.04E-01,0.963,4,0.41%,124.4,0.43%
TFE3(bHLH)/MEF-TFE3-ChIP-Seq(GSE75757)/Homer,GTCACGTGACYV,1.00E+00,-5.00E-01,0.9639,22,2.26%,680,2.36%
n-Myc(bHLH)/mES-nMyc-ChIP-Seq(GSE11431)/Homer,VRCCACGTGG,1.00E+00,-4.95E-01,0.9644,105,10.80%,3184.2,11.05%
PBX2(Homeobox)/K562-PBX2-ChIP-Seq(Encode)/Homer,RTGATTKATRGN,1.00E+00,-4.94E-01,0.9644,80,8.23%,2434.1,8.44%
Atf4(bZIP)/MEF-Atf4-ChIP-Seq(GSE35681)/Homer,MTGATGCAAT,1.00E+00,-4.92E-01,0.9644,29,2.98%,895.1,3.10%
Nkx2.5(Homeobox)/HL1-Nkx2.5.biotin-ChIP-Seq(GSE21529)/Homer,RRSCACTYAA,1.00E+00,-4.88E-01,0.9644,299,30.76%,8980.9,31.15%
Sp5(Zf)/mES-Sp5.Flag-ChIP-Seq(GSE72989)/Homer,RGKGGGCGGAGC,1.00E+00,-4.86E-01,0.9644,448,46.09%,13409.1,46.51%
THRb(NR)/HepG2-THRb.Flag-ChIP-Seq(Encode)/Homer,GGTCACCTGAGGTCA,1.00E+00,-4.78E-01,0.9644,93,9.57%,2832,9.82%
HNF6(Homeobox)/Liver-Hnf6-ChIP-Seq(ERP000394)/Homer,NTATYGATCH,1.00E+00,-4.76E-01,0.9644,48,4.94%,1476.4,5.12%
NF1(CTF)/LNCAP-NF1-ChIP-Seq(Unpublished)/Homer,CYTGGCABNSTGCCAR,1.00E+00,-4.70E-01,0.9647,71,7.30%,2173,7.54%
Egr2(Zf)/Thymocytes-Egr2-ChIP-Seq(GSE34254)/Homer,NGCGTGGGCGGR,1.00E+00,-4.63E-01,0.9682,61,6.28%,1874.3,6.50%
"Pax7(Paired,Homeobox),longest/Myoblast-Pax7-ChIP-Seq(GSE25064)/Homer",NTAATTDGCYAATTANNWWD,1.00E+00,-4.61E-01,0.9682,1,0.10%,29.6,0.10%
ZKSCAN1(Zf)/HepG2-ZKSCAN1-ChIP-Seq(Encode)/Homer,GCACAYAGTAGGKCY,1.00E+00,-4.61E-01,0.9682,3,0.31%,96.2,0.33%
MafF(bZIP)/HepG2-MafF-ChIP-Seq(GSE31477)/Homer,HWWGTCAGCAWWTTT,1.00E+00,-4.60E-01,0.9682,19,1.95%,597.7,2.07%
NFkB-p65-Rel(RHD)/ThioMac-LPS-Expression(GSE23622)/Homer,GGAAATTCCC,1.00E+00,-4.48E-01,0.9698,9,0.93%,289.3,1.00%
SF1(NR)/H295R-Nr5a1-ChIP-Seq(GSE44220)/Homer,CAAGGHCANV,1.00E+00,-4.45E-01,0.9698,54,5.56%,1669.3,5.79%
CTCF(Zf)/CD4+-CTCF-ChIP-Seq(Barski_et_al.)/Homer,AYAGTGCCMYCTRGTGGCCA,1.00E+00,-4.44E-01,0.9698,29,2.98%,908.2,3.15%
Rbpj1(?)/Panc1-Rbpj1-ChIP-Seq(GSE47459)/Homer,HTTTCCCASG,1.00E+00,-4.43E-01,0.9698,218,22.43%,6596.2,22.88%
EWS:FLI1-fusion(ETS)/SK_N_MC-EWS:FLI1-ChIP-Seq(SRA014231)/Homer,VACAGGAAAT,1.00E+00,-4.42E-01,0.9698,133,13.68%,4052.3,14.06%
p53(p53)/Saos-p53-ChIP-Seq(GSE15780)/Homer,RRCATGYCYRGRCATGYYYN,1.00E+00,-4.38E-01,0.9698,8,0.82%,259.2,0.90%
p53(p53)/Saos-p53-ChIP-Seq/Homer,RRCATGYCYRGRCATGYYYN,1.00E+00,-4.38E-01,0.9698,8,0.82%,259.2,0.90%
STAT5(Stat)/mCD4+-Stat5-ChIP-Seq(GSE12346)/Homer,RTTTCTNAGAAA,1.00E+00,-4.35E-01,0.9698,49,5.04%,1521.1,5.28%
KLF3(Zf)/MEF-Klf3-ChIP-Seq(GSE44748)/Homer,NRGCCCCRCCCHBNN,1.00E+00,-4.28E-01,0.9698,265,27.26%,8010.9,27.79%
PRDM10(Zf)/HEK293-PRDM10.eGFP-ChIP-Seq(Encode)/Homer,TGGTACATTCCA,1.00E+00,-4.24E-01,0.9698,84,8.64%,2586.6,8.97%
ETV1(ETS)/GIST48-ETV1-ChIP-Seq(GSE22441)/Homer,AACCGGAAGT,1.00E+00,-4.22E-01,0.9698,307,31.58%,9267.1,32.15%
RORg(NR)/Liver-Rorc-ChIP-Seq(GSE101115)/Homer,WAABTAGGTCAV,1.00E+00,-4.19E-01,0.9698,8,0.82%,262.2,0.91%
Nr5a2(NR)/mES-Nr5a2-ChIP-Seq(GSE19019)/Homer,BTCAAGGTCA,1.00E+00,-4.16E-01,0.9698,67,6.89%,2075.8,7.20%
NeuroD1(bHLH)/Islet-NeuroD1-ChIP-Seq(GSE30298)/Homer,GCCATCTGTT,1.00E+00,-4.16E-01,0.9698,113,11.63%,3465.2,12.02%
Cux2(Homeobox)/Liver-Cux2-ChIP-Seq(GSE35985)/Homer,HNRAATCAAT,1.00E+00,-4.15E-01,0.9698,37,3.81%,1162.6,4.03%
Tcf7(HMG)/GM12878-TCF7-ChIP-Seq(Encode)/Homer,CTTTGATGTGSB,1.00E+00,-4.02E-01,0.9698,31,3.19%,982.2,3.41%
Rfx5(HTH)/GM12878-Rfx5-ChIP-Seq(GSE31477)/Homer,SCCTAGCAACAG,1.00E+00,-4.00E-01,0.9698,59,6.07%,1839.7,6.38%
E-box(bHLH)/Promoter/Homer,SSGGTCACGTGA,1.00E+00,-3.95E-01,0.9698,24,2.47%,769,2.67%
HIF-1b(HLH)/T47D-HIF1b-ChIP-Seq(GSE59937)/Homer,RTACGTGC,1.00E+00,-3.93E-01,0.9698,163,16.77%,4983.2,17.29%
Cdx2(Homeobox)/mES-Cdx2-ChIP-Seq(GSE14586)/Homer,GYMATAAAAH,1.00E+00,-3.89E-01,0.9698,53,5.45%,1661.5,5.76%
Srebp1a(bHLH)/HepG2-Srebp1a-ChIP-Seq(GSE31477)/Homer,RTCACSCCAY,1.00E+00,-3.88E-01,0.9698,26,2.67%,832.8,2.89%
MYB(HTH)/ERMYB-Myb-ChIPSeq(GSE22095)/Homer,GGCVGTTR,1.00E+00,-3.83E-01,0.9698,255,26.23%,7746.1,26.87%
ZNF16(Zf)/HEK293-ZNF16.GFP-ChIP-Seq(GSE58341)/Homer,MACCTTCYATGGCTCCCTAKTGCCY,1.00E+00,-3.76E-01,0.9698,1,0.10%,34.2,0.12%
Pit1(Homeobox)/GCrat-Pit1-ChIP-Seq(GSE58009)/Homer,ATGMATATDC,1.00E+00,-3.75E-01,0.9698,74,7.61%,2307.8,8.01%
BMYB(HTH)/Hela-BMYB-ChIP-Seq(GSE27030)/Homer,NHAACBGYYV,1.00E+00,-3.58E-01,0.9797,206,21.19%,6299.6,21.85%
KLF5(Zf)/LoVo-KLF5-ChIP-Seq(GSE49402)/Homer,DGGGYGKGGC,1.00E+00,-3.57E-01,0.9797,455,46.81%,13725.6,47.61%
Prop1(Homeobox)/GHFT1-PROP1.biotin-ChIP-Seq(GSE77302)/Homer,NTAATBNAATTA,1.00E+00,-3.54E-01,0.9797,36,3.70%,1153.7,4.00%
Pbx3(Homeobox)/GM12878-PBX3-ChIP-Seq(GSE32465)/Homer,SCTGTCAMTCAN,1.00E+00,-3.52E-01,0.9797,42,4.32%,1339.6,4.65%
Nkx6.1(Homeobox)/Islet-Nkx6.1-ChIP-Seq(GSE40975)/Homer,GKTAATGR,1.00E+00,-3.50E-01,0.9797,223,22.94%,6815,23.64%
Myf5(bHLH)/GM-Myf5-ChIP-Seq(GSE24852)/Homer,BAACAGCTGT,1.00E+00,-3.38E-01,0.9834,109,11.21%,3390.2,11.76%
KLF1(Zf)/HUDEP2-KLF1-CutnRun(GSE136251)/Homer,VDGGGYGGGGCY,1.00E+00,-3.33E-01,0.9855,398,40.95%,12056,41.82%
"Tbox:Smad(T-box,MAD)/ESCd5-Smad2_3-ChIP-Seq(GSE29422)/Homer",AGGTGHCAGACA,1.00E+00,-3.32E-01,0.9855,23,2.37%,756.3,2.62%
Hnf6b(Homeobox)/LNCaP-Hnf6b-ChIP-Seq(GSE106305)/Homer,TATTGAYY,1.00E+00,-3.29E-01,0.9855,70,7.20%,2209.9,7.67%
Atoh1(bHLH)/Cerebellum-Atoh1-ChIP-Seq(GSE22111)/Homer,VNRVCAGCTGGY,1.00E+00,-3.29E-01,0.9855,157,16.15%,4848.3,16.82%
Nur77(NR)/K562-NR4A1-ChIP-Seq(GSE31363)/Homer,TGACCTTTNCNT,1.00E+00,-3.24E-01,0.9855,17,1.75%,570,1.98%
"Reverb(NR),DR2/RAW-Reverba.biotin-ChIP-Seq(GSE45914)/Homer",GTRGGTCASTGGGTCA,1.00E+00,-3.22E-01,0.9855,16,1.65%,538.7,1.87%
E2F7(E2F)/Hela-E2F7-ChIP-Seq(GSE32673)/Homer,VDTTTCCCGCCA,1.00E+00,-3.18E-01,0.9855,35,3.60%,1136.8,3.94%
Esrrb(NR)/mES-Esrrb-ChIP-Seq(GSE11431)/Homer,KTGACCTTGA,1.00E+00,-3.16E-01,0.9855,73,7.51%,2308.1,8.01%
HIF-1a(bHLH)/MCF7-HIF1a-ChIP-Seq(GSE28352)/Homer,TACGTGCV,1.00E+00,-3.13E-01,0.9855,35,3.60%,1138.8,3.95%
Hoxd10(Homeobox)/ChickenMSG-Hoxd10.Flag-ChIP-Seq(GSE86088)/Homer,GGCMATGAAA,1.00E+00,-3.09E-01,0.9855,111,11.42%,3470.6,12.04%
KLF6(Zf)/PDAC-KLF6-ChIP-Seq(GSE64557)/Homer,MKGGGYGTGGCC,1.00E+00,-3.01E-01,0.9871,381,39.20%,11582.1,40.18%
Zfp281(Zf)/ES-Zfp281-ChIP-Seq(GSE81042)/Homer,CCCCTCCCCCAC,1.00E+00,-3.00E-01,0.9871,76,7.82%,2409.8,8.36%
En1(Homeobox)/SUM149-EN1-ChIP-Seq(GSE120957)/Homer,NDCTAATTAS,1.00E+00,-2.88E-01,0.9939,212,21.81%,6539.1,22.68%
TCFL2(HMG)/K562-TCF7L2-ChIP-Seq(GSE29196)/Homer,ACWTCAAAGG,1.00E+00,-2.87E-01,0.9939,7,0.72%,254.7,0.88%
Hoxd12(Homeobox)/ChickenMSG-Hoxd12.Flag-ChIP-Seq(GSE86088)/Homer,HDGYAATGAAAN,1.00E+00,-2.82E-01,0.9939,160,16.46%,4976.4,17.26%
ZNF136(Zf)/HEK293-ZNF136.GFP-ChIP-Seq(GSE58341)/Homer,YTKGATAHAGTATTCTWGGTNGGCA,1.00E+00,-2.73E-01,0.9992,6,0.62%,223.4,0.77%
Rfx2(HTH)/LoVo-RFX2-ChIP-Seq(GSE49402)/Homer,GTTGCCATGGCAACM,1.00E+00,-2.64E-01,1,28,2.88%,939.6,3.26%
EKLF(Zf)/Erythrocyte-Klf1-ChIP-Seq(GSE20478)/Homer,NWGGGTGTGGCY,1.00E+00,-2.55E-01,1,57,5.86%,1851.9,6.42%
"OCT:OCT(POU,Homeobox,IR1)/NPC-Brn2-ChIP-Seq(GSE35496)/Homer",ATGAATWATTCATGA,1.00E+00,-2.54E-01,1,1,0.10%,44,0.15%
THRa(NR)/C17.2-THRa-ChIP-Seq(GSE38347)/Homer,GGTCANYTGAGGWCA,1.00E+00,-2.48E-01,1,59,6.07%,1917.1,6.65%
GABPA(ETS)/Jurkat-GABPa-ChIP-Seq(GSE17954)/Homer,RACCGGAAGT,1.00E+00,-2.48E-01,1,223,22.94%,6910.9,23.97%
CEBP:CEBP(bZIP)/MEF-Chop-ChIP-Seq(GSE35681)/Homer,NTNATGCAAYMNNHTGMAAY,1.00E+00,-2.45E-01,1,12,1.23%,431.6,1.50%
PBX1(Homeobox)/MCF7-PBX1-ChIP-Seq(GSE28007)/Homer,GSCTGTCACTCA,1.00E+00,-2.41E-01,1,15,1.54%,531.9,1.85%
Phox2b(Homeobox)/CLBGA-PHOX2B-ChIP-Seq(GSE90683)/Homer,TTAATTNAATTA,1.00E+00,-2.39E-01,1,9,0.93%,333.4,1.16%
Rfx1(HTH)/NPC-H3K4me1-ChIP-Seq(GSE16256)/Homer,KGTTGCCATGGCAA,1.00E+00,-2.37E-01,1,41,4.22%,1362.4,4.73%
CArG(MADS)/PUER-Srf-ChIP-Seq(Sullivan_et_al.)/Homer,CCATATATGGNM,1.00E+00,-2.34E-01,1,37,3.81%,1238.3,4.30%
HRE(HSF)/HepG2-HSF1-ChIP-Seq(GSE31477)/Homer,BSTTCTRGAABVTTCYAGAA,1.00E+00,-2.28E-01,1,22,2.26%,763.8,2.65%
Rfx6(HTH)/Min6b1-Rfx6.HA-ChIP-Seq(GSE62844)/Homer,TGTTKCCTAGCAACM,1.00E+00,-2.28E-01,1,186,19.14%,5814.8,20.17%
Chop(bZIP)/MEF-Chop-ChIP-Seq(GSE35681)/Homer,ATTGCATCAT,1.00E+00,-2.23E-01,1,21,2.16%,733.5,2.54%
"GATA(Zf),IR4/iTreg-Gata3-ChIP-Seq(GSE20898)/Homer",NAGATWNBNATCTNN,1.00E+00,-2.21E-01,1,4,0.41%,164.3,0.57%
Sox6(HMG)/Myotubes-Sox6-ChIP-Seq(GSE32627)/Homer,CCATTGTTNY,1.00E+00,-2.11E-01,1,166,17.08%,5226.9,18.13%
NFY(CCAAT)/Promoter/Homer,RGCCAATSRG,1.00E+00,-2.11E-01,1,196,20.16%,6136.4,21.29%
Zfp57(Zf)/H1-ZFP57.HA-ChIP-Seq(GSE115387)/Homer,NANTGCSGCA,1.00E+00,-2.11E-01,1,82,8.44%,2656.5,9.21%
NFkB-p65(RHD)/GM12787-p65-ChIP-Seq(GSE19485)/Homer,WGGGGATTTCCC,1.00E+00,-2.06E-01,1,72,7.41%,2350.5,8.15%
Tbx6(T-box)/ESC-Tbx6-ChIP-Seq(GSE93524)/Homer,DAGGTGTBAA,1.00E+00,-2.04E-01,1,134,13.79%,4259.7,14.78%
"TR4(NR),DR1/Hela-TR4-ChIP-Seq(GSE24685)/Homer",GAGGTCAAAGGTCA,1.00E+00,-1.99E-01,1,15,1.54%,547.2,1.90%
AMYB(HTH)/Testes-AMYB-ChIP-Seq(GSE44588)/Homer,TGGCAGTTGG,1.00E+00,-1.95E-01,1,203,20.88%,6368,22.09%
Stat3(Stat)/mES-Stat3-ChIP-Seq(GSE11431)/Homer,CTTCCGGGAA,1.00E+00,-1.94E-01,1,88,9.05%,2856.6,9.91%
PRDM9(Zf)/Testis-DMC1-ChIP-Seq(GSE35498)/Homer,ADGGYAGYAGCATCT,1.00E+00,-1.89E-01,1,53,5.45%,1770,6.14%
TEAD2(TEA)/Py2T-Tead2-ChIP-Seq(GSE55709)/Homer,CCWGGAATGY,1.00E+00,-1.87E-01,1,62,6.38%,2054.8,7.13%
GSC(Homeobox)/FrogEmbryos-GSC-ChIP-Seq(DRA000576)/Homer,RGGATTAR,1.00E+00,-1.81E-01,1,103,10.60%,3332,11.56%
ZNF7(Zf)/HepG2-ZNF7.Flag-ChIP-Seq(Encode)/Homer,CTGCCWVCTTTTRTA,1.00E+00,-1.81E-01,1,58,5.97%,1933.4,6.71%
Barx1(Homeobox)/Stomach-Barx1.3xFlag-ChIP-Seq(GSE69483)/Homer,AAACMATTAN,1.00E+00,-1.78E-01,1,33,3.40%,1143.3,3.97%
ETV4(ETS)/HepG2-ETV4-ChIP-Seq(ENCODE)/Homer,ACCGGAAGTG,1.00E+00,-1.77E-01,1,276,28.40%,8594.1,29.81%
Tgif1(Homeobox)/mES-Tgif1-ChIP-Seq(GSE55404)/Homer,YTGWCADY,1.00E+00,-1.76E-01,1,360,37.04%,11114.6,38.55%
Sox3(HMG)/NPC-Sox3-ChIP-Seq(GSE33059)/Homer,CCWTTGTY,1.00E+00,-1.76E-01,1,192,19.75%,6058.1,21.01%
ZNF341(Zf)/EBV-ZNF341-ChIP-Seq(GSE113194)/Homer,GGAACAGCCG,1.00E+00,-1.71E-01,1,112,11.52%,3619.5,12.56%
Pknox1(Homeobox)/ES-Prep1-ChIP-Seq(GSE63282)/Homer,SCTGTCAVTCAV,1.00E+00,-1.65E-01,1,39,4.01%,1344.7,4.66%
Gata1(Zf)/K562-GATA1-ChIP-Seq(GSE18829)/Homer,SAGATAAGRV,1.00E+00,-1.64E-01,1,54,5.56%,1821.7,6.32%
Tcf3(HMG)/mES-Tcf3-ChIP-Seq(GSE11724)/Homer,ASWTCAAAGG,1.00E+00,-1.62E-01,1,22,2.26%,796.7,2.76%
CTCF-SatelliteElement(Zf?)/CD4+-CTCF-ChIP-Seq(Barski_et_al.)/Homer,TGCAGTTCCMVNWRTGGCCA,1.00E+00,-1.58E-01,1,1,0.10%,57.2,0.20%
Six4(Homeobox)/MCF7-SIX4-ChIP-Seq(Encode)/Homer,TGWAAYCTGABACCB,1.00E+00,-1.53E-01,1,5,0.51%,219.1,0.76%
Sox9(HMG)/Limb-SOX9-ChIP-Seq(GSE73225)/Homer,AGGVNCCTTTGT,1.00E+00,-1.50E-01,1,102,10.49%,3334.9,11.57%
SPDEF(ETS)/VCaP-SPDEF-ChIP-Seq(SRA014231)/Homer,ASWTCCTGBT,1.00E+00,-1.50E-01,1,183,18.83%,5820,20.19%
"Pax7(Paired,Homeobox)/Myoblast-Pax7-ChIP-Seq(GSE25064)/Homer",TAATCAATTA,1.00E+00,-1.49E-01,1,3,0.31%,144.3,0.50%
Sox21(HMG)/ESC-SOX21-ChIP-Seq(GSE110505)/Homer,BCCWTTGTBYKV,1.00E+00,-1.46E-01,1,196,20.16%,6222.6,21.59%
Tgif2(Homeobox)/mES-Tgif2-ChIP-Seq(GSE55404)/Homer,TGTCANYT,1.00E+00,-1.45E-01,1,387,39.81%,11973.9,41.54%
c-Jun-CRE(bZIP)/K562-cJun-ChIP-Seq(GSE31477)/Homer,ATGACGTCATCY,1.00E+00,-1.43E-01,1,56,5.76%,1903.2,6.60%
Lhx1(Homeobox)/EmbryoCarcinoma-Lhx1-ChIP-Seq(GSE70957)/Homer,NNYTAATTAR,1.00E+00,-1.37E-01,1,91,9.36%,3009.1,10.44%
Nanog(Homeobox)/mES-Nanog-ChIP-Seq(GSE11724)/Homer,RGCCATTAAC,1.00E+00,-1.36E-01,1,482,49.59%,14815.6,51.39%
"ERE(NR),IR3/MCF7-ERa-ChIP-Seq(Unpublished)/Homer",VAGGTCACNSTGACC,1.00E+00,-1.36E-01,1,29,2.98%,1043,3.62%
Tbx20(T-box)/Heart-Tbx20-ChIP-Seq(GSE29636)/Homer,GGTGYTGACAGS,1.00E+00,-1.34E-01,1,26,2.67%,946.7,3.28%
Sox2(HMG)/mES-Sox2-ChIP-Seq(GSE11431)/Homer,BCCATTGTTC,1.00E+00,-1.26E-01,1,91,9.36%,3022.6,10.48%
Brachyury(T-box)/Mesoendoderm-Brachyury-ChIP-exo(GSE54963)/Homer,ANTTMRCASBNNNGTGYKAAN,1.00E+00,-1.20E-01,1,23,2.37%,857.5,2.97%
Sox7(HMG)/ESC-Sox7-ChIP-Seq(GSE133899)/Homer,VVRRAACAATGG,1.00E+00,-1.20E-01,1,27,2.78%,990.8,3.44%
Tcfcp2l1(CP2)/mES-Tcfcp2l1-ChIP-Seq(GSE11431)/Homer,NRAACCRGTTYRAACCRGYT,1.00E+00,-1.18E-01,1,20,2.06%,758.7,2.63%
Sox15(HMG)/CPA-Sox15-ChIP-Seq(GSE62909)/Homer,RAACAATGGN,1.00E+00,-1.18E-01,1,109,11.21%,3594.7,12.47%
CRX(Homeobox)/Retina-Crx-ChIP-Seq(GSE20012)/Homer,GCTAATCC,1.00E+00,-1.04E-01,1,259,26.65%,8212.2,28.49%
Arnt:Ahr(bHLH)/MCF7-Arnt-ChIP-Seq(Lo_et_al.)/Homer,TBGCACGCAA,1.00E+00,-9.52E-02,1,99,10.19%,3318.1,11.51%
RFX(HTH)/K562-RFX3-ChIP-Seq(SRA012198)/Homer,CGGTTGCCATGGCAAC,1.00E+00,-9.38E-02,1,24,2.47%,913.5,3.17%
"ETS:E-box(ETS,bHLH)/HPC7-Scl-ChIP-Seq(GSE22178)/Homer",AGGAARCAGCTG,1.00E+00,-8.93E-02,1,9,0.93%,396.4,1.38%
NFIL3(bZIP)/HepG2-NFIL3-ChIP-Seq(Encode)/Homer,VTTACGTAAYNNNNN,1.00E+00,-8.82E-02,1,73,7.51%,2510.7,8.71%
"Oct4:Sox17(POU,Homeobox,HMG)/F9-Sox17-ChIP-Seq(GSE44553)/Homer",CCATTGTATGCAAAT,1.00E+00,-8.81E-02,1,6,0.62%,285.1,0.99%
"OCT:OCT(POU,Homeobox)/NPC-OCT6-ChIP-Seq(GSE43916)/Homer",YATGCATATRCATRT,1.00E+00,-8.52E-02,1,5,0.51%,248.4,0.86%
TEAD4(TEA)/Tropoblast-Tead4-ChIP-Seq(GSE37350)/Homer,CCWGGAATGY,1.00E+00,-8.47E-02,1,100,10.29%,3368.2,11.68%
"LXRE(NR),DR4/RAW-LXRb.biotin-ChIP-Seq(GSE21512)/Homer",RGGTTACTANAGGTCA,1.00E+00,-8.30E-02,1,3,0.31%,168.9,0.59%
Sox17(HMG)/Endoderm-Sox17-ChIP-Seq(GSE61475)/Homer,CCATTGTTYB,1.00E+00,-7.89E-02,1,63,6.48%,2206.1,7.65%
LEF1(HMG)/H1-LEF1-ChIP-Seq(GSE64758)/Homer,CCTTTGATST,1.00E+00,-7.40E-02,1,60,6.17%,2118.1,7.35%
Lhx3(Homeobox)/Neuron-Lhx3-ChIP-Seq(GSE31456)/Homer,ADBTAATTAR,1.00E+00,-7.21E-02,1,157,16.15%,5170.4,17.94%
ZFX(Zf)/mES-Zfx-ChIP-Seq(GSE11431)/Homer,AGGCCTRG,1.00E+00,-7.01E-02,1,200,20.58%,6499.3,22.55%
Duxbl(Homeobox)/NIH3T3-Duxbl.HA-ChIP-Seq(GSE119782)/Homer,TAAYCYAATCAA,1.00E+00,-6.82E-02,1,3,0.31%,176.7,0.61%
BORIS(Zf)/K562-CTCFL-ChIP-Seq(GSE32465)/Homer,CNNBRGCGCCCCCTGSTGGC,1.00E+00,-6.63E-02,1,51,5.25%,1840.6,6.38%
Bcl6(Zf)/Liver-Bcl6-ChIP-Seq(GSE31578)/Homer,NNNCTTTCCAGGAAA,1.00E+00,-6.47E-02,1,174,17.90%,5715.9,19.83%
ZNF711(Zf)/SHSY5Y-ZNF711-ChIP-Seq(GSE20673)/Homer,AGGCCTAG,1.00E+00,-6.17E-02,1,321,33.02%,10202.9,35.39%
Nkx3.1(Homeobox)/LNCaP-Nkx3.1-ChIP-Seq(GSE28264)/Homer,AAGCACTTAA,1.00E+00,-5.93E-02,1,272,27.98%,8729.6,30.28%
DUX4(Homeobox)/Myoblasts-DUX4.V5-ChIP-Seq(GSE75791)/Homer,NWTAAYCYAATCAWN,1.00E+00,-5.92E-02,1,1,0.10%,85.2,0.30%
CREB5(bZIP)/LNCaP-CREB5.V5-ChIP-Seq(GSE137775)/Homer,VVATGACGTCAT,1.00E+00,-5.68E-02,1,56,5.76%,2021.3,7.01%
ZNF317(Zf)/HEK293-ZNF317.GFP-ChIP-Seq(GSE58341)/Homer,GTCWGCTGTYYCTCT,1.00E+00,-5.64E-02,1,7,0.72%,348,1.21%
"NFkB-p50,p52(RHD)/Monocyte-p50-ChIP-Chip(Schreiber_et_al.)/Homer",GGGGGAATCCCC,1.00E+00,-4.47E-02,1,16,1.65%,695.6,2.41%
JunD(bZIP)/K562-JunD-ChIP-Seq/Homer,ATGACGTCATCN,1.00E+00,-3.99E-02,1,24,2.47%,986.2,3.42%
"GATA3(Zf),DR8/iTreg-Gata3-ChIP-Seq(GSE20898)/Homer",AGATSTNDNNDSAGATAASN,1.00E+00,-3.58E-02,1,2,0.21%,154.4,0.54%
Atf2(bZIP)/3T3L1-Atf2-ChIP-Seq(GSE56872)/Homer,NRRTGACGTCAT,1.00E+00,-3.47E-02,1,60,6.17%,2209.8,7.67%
Isl1(Homeobox)/Neuron-Isl1-ChIP-Seq(GSE31456)/Homer,CTAATKGV,1.00E+00,-3.36E-02,1,197,20.27%,6544.1,22.70%
E2F4(E2F)/K562-E2F4-ChIP-Seq(GSE31477)/Homer,GGCGGGAAAH,1.00E+00,-3.22E-02,1,128,13.17%,4399.3,15.26%
"GATA3(Zf),DR4/iTreg-Gata3-ChIP-Seq(GSE20898)/Homer",AGATGKDGAGATAAG,1.00E+00,-2.52E-02,1,5,0.51%,305.7,1.06%
Sox10(HMG)/SciaticNerve-Sox3-ChIP-Seq(GSE35132)/Homer,CCWTTGTYYB,1.00E+00,-1.98E-02,1,173,17.80%,5886.8,20.42%
"GATA(Zf),IR3/iTreg-Gata3-ChIP-Seq(GSE20898)/Homer",NNNNNBAGATAWYATCTVHN,1.00E+00,-1.93E-02,1,6,0.62%,360.5,1.25%
E2F(E2F)/Hela-CellCycle-Expression/Homer,TTSGCGCGAAAA,1.00E+00,-1.76E-02,1,9,0.93%,488.5,1.69%
Hand2(bHLH)/Mesoderm-Hand2-ChIP-Seq(GSE61475)/Homer,TGACANARRCCAGRC,1.00E+00,-1.67E-02,1,53,5.45%,2055,7.13%
"PAX5(Paired,Homeobox),condensed/GM12878-PAX5-ChIP-Seq(GSE32465)/Homer",GTCACGCTCSCTGM,1.00E+00,-1.44E-02,1,10,1.03%,539.2,1.87%
ZBTB33(Zf)/GM12878-ZBTB33-ChIP-Seq(GSE32465)/Homer,GGVTCTCGCGAGAAC,1.00E+00,-1.41E-02,1,10,1.03%,540.1,1.87%
GFX(?)/Promoter/Homer,ATTCTCGCGAGA,1.00E+00,-8.96E-03,1,4,0.41%,304.6,1.06%
Atf1(bZIP)/K562-ATF1-ChIP-Seq(GSE31477)/Homer,GATGACGTCA,1.00E+00,-8.77E-03,1,99,10.19%,3644.4,12.64%
PSE(SNAPc)/K562-mStart-Seq/Homer,WAVTCACCMTAASYDAAAAG,1.00E+00,-7.82E-03,1,33,3.40%,1433.5,4.97%
Atf7(bZIP)/3T3L1-Atf7-ChIP-Seq(GSE56872)/Homer,NGRTGACGTCAY,1.00E+00,-4.10E-03,1,73,7.51%,2867.4,9.95%
ETS(ETS)/Promoter/Homer,AACCGGAAGT,1.00E+00,-2.45E-03,1,99,10.19%,3786.8,13.14%
ELF1(ETS)/Jurkat-ELF1-ChIP-Seq(SRA014231)/Homer,AVCCGGAAGT,1.00E+00,-1.16E-03,1,147,15.12%,5436.6,18.86%
ZNF143|STAF(Zf)/CUTLL-ZNF143-ChIP-Seq(GSE29600)/Homer,ATTTCCCAGVAKSCY,1.00E+00,-8.59E-04,1,55,5.66%,2388,8.28%
Ronin(THAP)/ES-Thap11-ChIP-Seq(GSE51522)/Homer,RACTACAACTCCCAGVAKGC,1.00E+00,-3.78E-04,1,14,1.44%,893.6,3.10%
CRE(bZIP)/Promoter/Homer,CSGTGACGTCAC,1.00E+00,-2.77E-04,1,50,5.14%,2295.1,7.96%
GFY(?)/Promoter/Homer,ACTACAATTCCC,1.00E+00,-7.60E-05,1,15,1.54%,1016,3.52%
Elk4(ETS)/Hela-Elk4-ChIP-Seq(GSE31477)/Homer,NRYTTCCGGY,1.00E+00,-5.60E-05,1,147,15.12%,5749.7,19.94%
"GFY-Staf(?,Zf)/Promoter/Homer",RACTACAATTCCCAGAAKGC,1.00E+00,-5.20E-05,1,14,1.44%,989.5,3.43%
NRF1(NRF)/MCF7-NRF1-ChIP-Seq(Unpublished)/Homer,CTGCGCATGCGC,1.00E+00,-9.00E-06,1,46,4.73%,2377.6,8.25%
Elk1(ETS)/Hela-Elk1-ChIP-Seq(GSE31477)/Homer,HACTTCCGGY,1.00E+00,-8.00E-06,1,143,14.71%,5792.9,20.09%
NRF(NRF)/Promoter/Homer,STGCGCATGCGC,1.00E+00,-2.00E-06,1,48,4.94%,2539.3,8.81%
YY1(Zf)/Promoter/Homer,CAAGATGGCGGC,1.00E+00,0.00E+00,1,2,0.21%,743.5,2.58%
"Pax7(Paired,Homeobox),long/Myoblast-Pax7-ChIP-Seq(GSE25064)/Homer",TAATCHGATTAC,1.00E+00,0.00E+00,1,0,0.00%,29.9,0.10%
ZFP3(Zf)/HEK293-ZFP3.GFP-ChIP-Seq(GSE58341)/Homer,GGGTTTTGAAGGATGARTAGGAGTT,1.00E+00,0.00E+00,1,0,0.00%,1.8,0.01%
ZNF528(Zf)/HEK293-ZNF528.GFP-ChIP-Seq(GSE58341)/Homer,AGAAATGACTTCCCT,1.00E+00,0.00E+00,1,0,0.00%,23.8,0.08%
DUX(Homeobox)/C2C12-Dux-ChIP-Seq(GSE87279)/Homer,BCWGATTCAATCAAN,1.00E+00,0.00E+00,1,0,0.00%,13.3,0.05%