Motif Name,Consensus,P-value,Log P-value,q-value (Benjamini),# of Target Sequences with Motif(of 263),% of Target Sequences with Motif,# of Background Sequences with Motif(of 29203),% of Background Sequences with Motif
Ets1-distal(ETS)/CD4+-PolII-ChIP-Seq(Barski_et_al.)/Homer,MACAGGAAGT,1.00E-02,-5.62E+00,1,26,9.89%,1623.7,5.56%
Ap4(bHLH)/AML-Tfap4-ChIP-Seq(GSE45738)/Homer,NAHCAGCTGD,1.00E-02,-5.05E+00,1,71,27.00%,5959.7,20.41%
ZNF652/HepG2-ZNF652.Flag-ChIP-Seq(Encode)/Homer,TTAACCCTTTVNKKN,1.00E-02,-4.97E+00,1,15,5.70%,801.7,2.75%
SpiB(ETS)/OCILY3-SPIB-ChIP-Seq(GSE56857)/Homer,AAAGRGGAAGTG,1.00E-02,-4.80E+00,1,21,7.98%,1305.1,4.47%
Foxh1(Forkhead)/hESC-FOXH1-ChIP-Seq(GSE29422)/Homer,NNTGTGGATTSS,1.00E-01,-4.48E+00,1,24,9.13%,1605.7,5.50%
HIF-1b(HLH)/T47D-HIF1b-ChIP-Seq(GSE59937)/Homer,RTACGTGC,1.00E-01,-4.32E+00,1,65,24.71%,5545.8,18.99%
Usf2(bHLH)/C2C12-Usf2-ChIP-Seq(GSE36030)/Homer,GTCACGTGGT,1.00E-01,-3.89E+00,1,25,9.51%,1785.6,6.11%
PU.1(ETS)/ThioMac-PU.1-ChIP-Seq(GSE21512)/Homer,AGAGGAAGTG,1.00E-01,-3.43E+00,1,35,13.31%,2811.1,9.63%
"Tbox:Smad(T-box,MAD)/ESCd5-Smad2_3-ChIP-Seq(GSE29422)/Homer",AGGTGHCAGACA,1.00E-01,-3.33E+00,1,12,4.56%,731.5,2.50%
Tcf12(bHLH)/GM12878-Tcf12-ChIP-Seq(GSE32465)/Homer,VCAGCTGYTG,1.00E-01,-3.25E+00,1,61,23.19%,5451.9,18.67%
Twist2(bHLH)/Myoblast-Twist2.Ty1-ChIP-Seq(GSE127998)/Homer,MCAGCTGBYH,1.00E-01,-3.16E+00,1,79,30.04%,7346.9,25.16%
Tbr1(T-box)/Cortex-Tbr1-ChIP-Seq(GSE71384)/Homer,AAGGTGTKAA,1.00E-01,-3.14E+00,1,48,18.25%,4166,14.27%
MITF(bHLH)/MastCells-MITF-ChIP-Seq(GSE48085)/Homer,RTCATGTGAC,1.00E-01,-3.09E+00,1,48,18.25%,4181.8,14.32%
"RXR(NR),DR1/3T3L1-RXR-ChIP-Seq(GSE13511)/Homer",TAGGGCAAAGGTCA,1.00E-01,-3.02E+00,1,60,22.81%,5422.6,18.57%
SCL(bHLH)/HPC7-Scl-ChIP-Seq(GSE13511)/Homer,AVCAGCTG,1.00E-01,-2.98E+00,1,181,68.82%,18627.6,63.79%
Sox2(HMG)/mES-Sox2-ChIP-Seq(GSE11431)/Homer,BCCATTGTTC,1.00E-01,-2.95E+00,1,34,12.93%,2827.3,9.68%
FoxD3(forkhead)/ZebrafishEmbryo-Foxd3.biotin-ChIP-seq(GSE106676)/Homer,TGTTTAYTTAGC,1.00E-01,-2.95E+00,1,26,9.89%,2055.6,7.04%
Tcf21(bHLH)/ArterySmoothMuscle-Tcf21-ChIP-Seq(GSE61369)/Homer,NAACAGCTGG,1.00E-01,-2.82E+00,1,53,20.15%,4771,16.34%
COUP-TFII(NR)/Artia-Nr2f2-ChIP-Seq(GSE46497)/Homer,AGRGGTCA,1.00E-01,-2.77E+00,1,75,28.52%,7073.9,24.22%
BHLHA15(bHLH)/NIH3T3-BHLHB8.HA-ChIP-Seq(GSE119782)/Homer,NAMCAGCTGK,1.00E-01,-2.74E+00,1,64,24.33%,5934.8,20.32%
EWS:ERG-fusion(ETS)/CADO_ES1-EWS:ERG-ChIP-Seq(SRA014231)/Homer,ATTTCCTGTN,1.00E-01,-2.72E+00,1,36,13.69%,3085.4,10.57%
"OCT4-SOX2-TCF-NANOG(POU,Homeobox,HMG)/mES-Oct4-ChIP-Seq(GSE11431)/Homer",ATTTGCATAACAATG,1.00E-01,-2.66E+00,1,6,2.28%,316.3,1.08%
BORIS(Zf)/K562-CTCFL-ChIP-Seq(GSE32465)/Homer,CNNBRGCGCCCCCTGSTGGC,1.00E-01,-2.66E+00,1,26,9.89%,2121.5,7.26%
FOXK2(Forkhead)/U2OS-FOXK2-ChIP-Seq(E-MTAB-2204)/Homer,SCHTGTTTACAT,1.00E-01,-2.64E+00,1,21,7.98%,1648,5.64%
THRa(NR)/C17.2-THRa-ChIP-Seq(GSE38347)/Homer,GGTCANYTGAGGWCA,1.00E-01,-2.62E+00,1,24,9.13%,1938.5,6.64%
E2A(bHLH)/proBcell-E2A-ChIP-Seq(GSE21978)/Homer,DNRCAGCTGY,1.00E-01,-2.60E+00,1,80,30.42%,7668.7,26.26%
TCF4(bHLH)/SHSY5Y-TCF4-ChIP-Seq(GSE96915)/Homer,SMCATCTGKH,1.00E-01,-2.60E+00,1,65,24.71%,6090.3,20.85%
Erra(NR)/HepG2-Erra-ChIP-Seq(GSE31477)/Homer,CAAAGGTCAG,1.00E-01,-2.52E+00,1,96,36.50%,9411.2,32.23%
MyoD(bHLH)/Myotube-MyoD-ChIP-Seq(GSE21614)/Homer,RRCAGCTGYTSY,1.00E-01,-2.42E+00,1,47,17.87%,4289.1,14.69%
HIF2a(bHLH)/785_O-HIF2a-ChIP-Seq(GSE34871)/Homer,GCACGTACCC,1.00E-01,-2.41E+00,1,20,7.60%,1600.8,5.48%
"Oct4(POU,Homeobox)/mES-Oct4-ChIP-Seq(GSE11431)/Homer",ATTTGCATAW,1.00E-01,-2.40E+00,1,14,5.32%,1038.8,3.56%
RUNX1(Runt)/Jurkat-RUNX1-ChIP-Seq(GSE29180)/Homer,AAACCACARM,1.00E-01,-2.38E+00,1,40,15.21%,3588.8,12.29%
Egr1(Zf)/K562-Egr1-ChIP-Seq(GSE32465)/Homer,TGCGTGGGYG,1.00E-01,-2.36E+00,1,68,25.86%,6500.4,22.26%
EBF2(EBF)/BrownAdipose-EBF2-ChIP-Seq(GSE97114)/Homer,NABTCCCWDGGGAVH,1.00E-01,-2.34E+00,1,53,20.15%,4937,16.91%
RUNX(Runt)/HPC7-Runx1-ChIP-Seq(GSE22178)/Homer,SAAACCACAG,1.00E-01,-2.34E+00,1,31,11.79%,2695.2,9.23%
Six1(Homeobox)/Myoblast-Six1-ChIP-Chip(GSE20150)/Homer,GKVTCADRTTWC,1.00E-01,-2.32E+00,1,11,4.18%,779.3,2.67%
MyoG(bHLH)/C2C12-MyoG-ChIP-Seq(GSE36024)/Homer,AACAGCTG,1.00E+00,-2.30E+00,1,59,22.43%,5580.4,19.11%
"NFAT:AP1(RHD,bZIP)/Jurkat-NFATC1-ChIP-Seq(Jolma_et_al.)/Homer",SARTGGAAAAWRTGAGTCAB,1.00E+00,-2.26E+00,1,7,2.66%,437.5,1.50%
Pknox1(Homeobox)/ES-Prep1-ChIP-Seq(GSE63282)/Homer,SCTGTCAVTCAV,1.00E+00,-2.24E+00,1,17,6.46%,1351.7,4.63%
"PPARa(NR),DR1/Liver-Ppara-ChIP-Seq(GSE47954)/Homer",VNAGGKCAAAGGTCA,1.00E+00,-2.21E+00,1,49,18.63%,4571,15.65%
Ptf1a(bHLH)/Panc1-Ptf1a-ChIP-Seq(GSE47459)/Homer,ACAGCTGTTN,1.00E+00,-2.21E+00,1,118,44.87%,11953.5,40.93%
USF1(bHLH)/GM12878-Usf1-ChIP-Seq(GSE32465)/Homer,SGTCACGTGR,1.00E+00,-2.20E+00,1,30,11.41%,2636.2,9.03%
EAR2(NR)/K562-NR2F6-ChIP-Seq(Encode)/Homer,NRBCARRGGTCA,1.00E+00,-2.09E+00,1,56,21.29%,5348.6,18.31%
ZNF467(Zf)/HEK293-ZNF467.GFP-ChIP-Seq(GSE58341)/Homer,TGGGGAAGGGCM,1.00E+00,-2.08E+00,1,71,27.00%,6940.1,23.76%
TFE3(bHLH)/MEF-TFE3-ChIP-Seq(GSE75757)/Homer,GTCACGTGACYV,1.00E+00,-2.06E+00,1,10,3.80%,729,2.50%
"Oct6(POU,Homeobox)/NPC-Pou3f1-ChIP-Seq(GSE35496)/Homer",WATGCAAATGAG,1.00E+00,-2.04E+00,1,13,4.94%,1011.6,3.46%
ZNF7(Zf)/HepG2-ZNF7.Flag-ChIP-Seq(Encode)/Homer,CTGCCWVCTTTTRTA,1.00E+00,-2.02E+00,1,21,7.98%,1790.4,6.13%
"PPARE(NR),DR1/3T3L1-Pparg-ChIP-Seq(GSE13511)/Homer",TGACCTTTGCCCCA,1.00E+00,-1.99E+00,1,46,17.49%,4345.5,14.88%
Sox17(HMG)/Endoderm-Sox17-ChIP-Seq(GSE61475)/Homer,CCATTGTTYB,1.00E+00,-1.98E+00,1,23,8.75%,1997.6,6.84%
Olig2(bHLH)/Neuron-Olig2-ChIP-Seq(GSE30882)/Homer,RCCATMTGTT,1.00E+00,-1.97E+00,1,72,27.38%,7098.6,24.31%
Zic3(Zf)/mES-Zic3-ChIP-Seq(GSE37889)/Homer,GGCCYCCTGCTGDGH,1.00E+00,-1.96E+00,1,43,16.35%,4045.1,13.85%
Gfi1b(Zf)/HPC7-Gfi1b-ChIP-Seq(GSE22178)/Homer,MAATCACTGC,1.00E+00,-1.95E+00,1,29,11.03%,2611.3,8.94%
GLIS3(Zf)/Thyroid-Glis3.GFP-ChIP-Seq(GSE103297)/Homer,CTCCCTGGGAGGCCN,1.00E+00,-1.91E+00,1,98,37.26%,9932.9,34.01%
Pbx3(Homeobox)/GM12878-PBX3-ChIP-Seq(GSE32465)/Homer,SCTGTCAMTCAN,1.00E+00,-1.90E+00,1,16,6.08%,1328,4.55%
"VDR(NR),DR3/GM10855-VDR+vitD-ChIP-Seq(GSE22484)/Homer",ARAGGTCANWGAGTTCANNN,1.00E+00,-1.89E+00,1,10,3.80%,757.5,2.59%
bHLHE40(bHLH)/HepG2-BHLHE40-ChIP-Seq(GSE31477)/Homer,KCACGTGMCN,1.00E+00,-1.88E+00,1,22,8.37%,1926.5,6.60%
HEB(bHLH)/mES-Heb-ChIP-Seq(GSE53233)/Homer,VCAGCTGBNN,1.00E+00,-1.88E+00,1,94,35.74%,9512.1,32.57%
IRF:BATF(IRF:bZIP)/pDC-Irf8-ChIP-Seq(GSE66899)/Homer,CTTTCANTATGACTV,1.00E+00,-1.84E+00,1,4,1.52%,231.7,0.79%
Cdx2(Homeobox)/mES-Cdx2-ChIP-Seq(GSE14586)/Homer,GYMATAAAAH,1.00E+00,-1.83E+00,1,16,6.08%,1344.8,4.61%
NPAS2(bHLH)/Liver-NPAS2-ChIP-Seq(GSE39860)/Homer,KCCACGTGAC,1.00E+00,-1.82E+00,1,46,17.49%,4414,15.11%
E-box(bHLH)/Promoter/Homer,SSGGTCACGTGA,1.00E+00,-1.82E+00,1,11,4.18%,865.6,2.96%
ZNF382(Zf)/HEK293-ZNF382.GFP-ChIP-Seq(GSE58341)/Homer,GNCTGTASTRNTGBCTCHTT,1.00E+00,-1.81E+00,1,2,0.76%,79.8,0.27%
"Oct2(POU,Homeobox)/Bcell-Oct2-ChIP-Seq(GSE21512)/Homer",ATATGCAAAT,1.00E+00,-1.81E+00,1,9,3.42%,679,2.32%
"Pax7(Paired,Homeobox),long/Myoblast-Pax7-ChIP-Seq(GSE25064)/Homer",TAATCHGATTAC,1.00E+00,-1.81E+00,1,1,0.38%,19.4,0.07%
Unknown(Homeobox)/Limb-p300-ChIP-Seq/Homer,SSCMATWAAA,1.00E+00,-1.81E+00,1,18,6.84%,1548.8,5.30%
Hoxa11(Homeobox)/ChickenMSG-Hoxa11.Flag-ChIP-Seq(GSE86088)/Homer,TTTTATGGCM,1.00E+00,-1.80E+00,1,63,23.95%,6220.9,21.30%
Hand2(bHLH)/Mesoderm-Hand2-ChIP-Seq(GSE61475)/Homer,TGACANARRCCAGRC,1.00E+00,-1.79E+00,1,22,8.37%,1952.3,6.69%
Hoxa10(Homeobox)/ChickenMSG-Hoxa10.Flag-ChIP-Seq(GSE86088)/Homer,GGYAATGAAA,1.00E+00,-1.79E+00,1,16,6.08%,1356.5,4.64%
"NF1:FOXA1(CTF,Forkhead)/LNCAP-FOXA1-ChIP-Seq(GSE27824)/Homer",WNTGTTTRYTTTGGCA,1.00E+00,-1.78E+00,1,3,1.14%,155.8,0.53%
Arnt:Ahr(bHLH)/MCF7-Arnt-ChIP-Seq(Lo_et_al.)/Homer,TBGCACGCAA,1.00E+00,-1.78E+00,1,39,14.83%,3699.9,12.67%
"Reverb(NR),DR2/RAW-Reverba.biotin-ChIP-Seq(GSE45914)/Homer",GTRGGTCASTGGGTCA,1.00E+00,-1.72E+00,1,7,2.66%,508.5,1.74%
Atoh1(bHLH)/Cerebellum-Atoh1-ChIP-Seq(GSE22111)/Homer,VNRVCAGCTGGY,1.00E+00,-1.71E+00,1,51,19.39%,4988.6,17.08%
RUNX-AML(Runt)/CD4+-PolII-ChIP-Seq(Barski_et_al.)/Homer,GCTGTGGTTW,1.00E+00,-1.69E+00,1,27,10.27%,2492.8,8.54%
Hoxa13(Homeobox)/ChickenMSG-Hoxa13.Flag-ChIP-Seq(GSE86088)/Homer,CYHATAAAAN,1.00E+00,-1.68E+00,1,64,24.33%,6385.9,21.87%
Tbx5(T-box)/HL1-Tbx5.biotin-ChIP-Seq(GSE21529)/Homer,AGGTGTCA,1.00E+00,-1.68E+00,1,124,47.15%,12912.7,44.22%
HOXB13(Homeobox)/ProstateTumor-HOXB13-ChIP-Seq(GSE56288)/Homer,TTTTATKRGG,1.00E+00,-1.67E+00,1,30,11.41%,2808.8,9.62%
Twist(bHLH)/HMLE-TWIST1-ChIP-Seq(Chang_et_al)/Homer,VCAKCTGGNNNCCAGMTGBN,1.00E+00,-1.66E+00,1,7,2.66%,518.9,1.78%
PRDM14(Zf)/H1-PRDM14-ChIP-Seq(GSE22767)/Homer,RGGTCTCTAACY,1.00E+00,-1.64E+00,1,15,5.70%,1293.3,4.43%
STAT6(Stat)/CD4-Stat6-ChIP-Seq(GSE22104)/Homer,ABTTCYYRRGAA,1.00E+00,-1.63E+00,1,18,6.84%,1597.4,5.47%
Ascl2(bHLH)/ESC-Ascl2-ChIP-Seq(GSE97712)/Homer,SSRGCAGCTGCH,1.00E+00,-1.61E+00,1,62,23.57%,6207.7,21.26%
"NFkB-p50,p52(RHD)/Monocyte-p50-ChIP-Chip(Schreiber_et_al.)/Homer",GGGGGAATCCCC,1.00E+00,-1.61E+00,1,9,3.42%,715.3,2.45%
Tlx?(NR)/NPC-H3K4me1-ChIP-Seq(GSE16256)/Homer,CTGGCAGSCTGCCA,1.00E+00,-1.60E+00,1,23,8.75%,2113,7.24%
Hoxd12(Homeobox)/ChickenMSG-Hoxd12.Flag-ChIP-Seq(GSE86088)/Homer,HDGYAATGAAAN,1.00E+00,-1.57E+00,1,44,16.73%,4313.8,14.77%
Mef2a(MADS)/HL1-Mef2a.biotin-ChIP-Seq(GSE21529)/Homer,CYAAAAATAG,1.00E+00,-1.56E+00,1,12,4.56%,1017.6,3.48%
Unknown-ESC-element(?)/mES-Nanog-ChIP-Seq(GSE11724)/Homer,CACAGCAGGGGG,1.00E+00,-1.52E+00,1,33,12.55%,3178,10.88%
Hoxa9(Homeobox)/ChickenMSG-Hoxa9.Flag-ChIP-Seq(GSE86088)/Homer,RGCAATNAAA,1.00E+00,-1.52E+00,1,85,32.32%,8744.1,29.94%
Ascl1(bHLH)/NeuralTubes-Ascl1-ChIP-Seq(GSE55840)/Homer,NNVVCAGCTGBN,1.00E+00,-1.51E+00,1,78,29.66%,7986.4,27.35%
CTCF(Zf)/CD4+-CTCF-ChIP-Seq(Barski_et_al.)/Homer,AYAGTGCCMYCTRGTGGCCA,1.00E+00,-1.48E+00,1,12,4.56%,1035.9,3.55%
Eomes(T-box)/H9-Eomes-ChIP-Seq(GSE26097)/Homer,ATTAACACCT,1.00E+00,-1.47E+00,1,64,24.33%,6497.4,22.25%
COUP-TFII(NR)/K562-NR2F1-ChIP-Seq(Encode)/Homer,GKBCARAGGTCA,1.00E+00,-1.47E+00,1,58,22.05%,5854.8,20.05%
RARa(NR)/K562-RARa-ChIP-Seq(Encode)/Homer,TTGAMCTTTG,1.00E+00,-1.46E+00,1,99,37.64%,10307.7,35.30%
NPAS(bHLH)/Liver-NPAS-ChIP-Seq(GSE39860)/Homer,NVCACGTG,1.00E+00,-1.46E+00,1,57,21.67%,5753.6,19.70%
FOXK1(Forkhead)/HEK293-FOXK1-ChIP-Seq(GSE51673)/Homer,NVWTGTTTAC,1.00E+00,-1.45E+00,1,27,10.27%,2578.8,8.83%
SF1(NR)/H295R-Nr5a1-ChIP-Seq(GSE44220)/Homer,CAAGGHCANV,1.00E+00,-1.42E+00,1,18,6.84%,1659.2,5.68%
Slug(Zf)/Mesoderm-Snai2-ChIP-Seq(GSE61475)/Homer,SNGCACCTGCHS,1.00E+00,-1.41E+00,1,30,11.41%,2906,9.95%
c-Myc(bHLH)/LNCAP-cMyc-ChIP-Seq(Unpublished)/Homer,VCCACGTG,1.00E+00,-1.40E+00,1,33,12.55%,3226.3,11.05%
Hoxd13(Homeobox)/ChickenMSG-Hoxd13.Flag-ChIP-Seq(GSE86088)/Homer,NCYAATAAAA,1.00E+00,-1.39E+00,1,40,15.21%,3974.4,13.61%
Hoxb4(Homeobox)/ES-Hoxb4-ChIP-Seq(GSE34014)/Homer,TGATTRATGGCY,1.00E+00,-1.38E+00,1,6,2.28%,469.6,1.61%
BMAL1(bHLH)/Liver-Bmal1-ChIP-Seq(GSE39860)/Homer,GNCACGTG,1.00E+00,-1.37E+00,1,64,24.33%,6557.8,22.46%
Sox4(HMG)/proB-Sox4-ChIP-Seq(GSE50066)/Homer,YCTTTGTTCC,1.00E+00,-1.34E+00,1,29,11.03%,2830.1,9.69%
HIF-1a(bHLH)/MCF7-HIF1a-ChIP-Seq(GSE28352)/Homer,TACGTGCV,1.00E+00,-1.34E+00,1,14,5.32%,1273.1,4.36%
Six4(Homeobox)/MCF7-SIX4-ChIP-Seq(Encode)/Homer,TGWAAYCTGABACCB,1.00E+00,-1.32E+00,1,3,1.14%,198.1,0.68%
Znf263(Zf)/K562-Znf263-ChIP-Seq(GSE31477)/Homer,CVGTSCTCCC,1.00E+00,-1.31E+00,1,112,42.59%,11840.7,40.55%
HRE(HSF)/Striatum-HSF1-ChIP-Seq(GSE38000)/Homer,TTCTAGAABNTTCTA,1.00E+00,-1.29E+00,1,9,3.42%,780.1,2.67%
Esrrb(NR)/mES-Esrrb-ChIP-Seq(GSE11431)/Homer,KTGACCTTGA,1.00E+00,-1.29E+00,1,23,8.75%,2223.1,7.61%
ZNF692(Zf)/HEK293-ZNF692.GFP-ChIP-Seq(GSE58341)/Homer,GTGGGCCCCA,1.00E+00,-1.28E+00,1,10,3.80%,885,3.03%
CHR(?)/Hela-CellCycle-Expression/Homer,SRGTTTCAAA,1.00E+00,-1.27E+00,1,17,6.46%,1604.2,5.49%
NF1-halfsite(CTF)/LNCaP-NF1-ChIP-Seq(Unpublished)/Homer,YTGCCAAG,1.00E+00,-1.27E+00,1,81,30.80%,8470.5,29.01%
EBF(EBF)/proBcell-EBF-ChIP-Seq(GSE21978)/Homer,DGTCCCYRGGGA,1.00E+00,-1.27E+00,1,13,4.94%,1193.4,4.09%
Fos(bZIP)/TSC-Fos-ChIP-Seq(GSE110950)/Homer,NDATGASTCAYN,1.00E+00,-1.25E+00,1,17,6.46%,1609.2,5.51%
NeuroD1(bHLH)/Islet-NeuroD1-ChIP-Seq(GSE30298)/Homer,GCCATCTGTT,1.00E+00,-1.25E+00,1,35,13.31%,3507.6,12.01%
Hoxd11(Homeobox)/ChickenMSG-Hoxd11.Flag-ChIP-Seq(GSE86088)/Homer,VGCCATAAAA,1.00E+00,-1.25E+00,1,64,24.33%,6630.8,22.71%
PSE(SNAPc)/K562-mStart-Seq/Homer,WAVTCACCMTAASYDAAAAG,1.00E+00,-1.24E+00,1,13,4.94%,1199.6,4.11%
Six2(Homeobox)/NephronProgenitor-Six2-ChIP-Seq(GSE39837)/Homer,GWAAYHTGAKMC,1.00E+00,-1.23E+00,1,33,12.55%,3305.5,11.32%
Sox3(HMG)/NPC-Sox3-ChIP-Seq(GSE33059)/Homer,CCWTTGTY,1.00E+00,-1.21E+00,1,55,20.91%,5681.5,19.46%
EBF1(EBF)/Near-E2A-ChIP-Seq(GSE21512)/Homer,GTCCCCWGGGGA,1.00E+00,-1.20E+00,1,63,23.95%,6557.7,22.46%
AP-1(bZIP)/ThioMac-PU.1-ChIP-Seq(GSE21512)/Homer,VTGACTCATC,1.00E+00,-1.19E+00,1,22,8.37%,2157.3,7.39%
GLI3(Zf)/Limb-GLI3-ChIP-Chip(GSE11077)/Homer,CGTGGGTGGTCC,1.00E+00,-1.19E+00,1,7,2.66%,604.4,2.07%
CLOCK(bHLH)/Liver-Clock-ChIP-Seq(GSE39860)/Homer,GHCACGTG,1.00E+00,-1.18E+00,1,29,11.03%,2902.8,9.94%
bHLHE41(bHLH)/proB-Bhlhe41-ChIP-Seq(GSE93764)/Homer,KCACGTGMCN,1.00E+00,-1.17E+00,1,65,24.71%,6788.4,23.25%
"Oct11(POU,Homeobox)/NCIH1048-POU2F3-ChIP-seq(GSE115123)/Homer",GATTTGCATA,1.00E+00,-1.15E+00,1,9,3.42%,814.3,2.79%
Zic2(Zf)/ESC-Zic2-ChIP-Seq(SRP197560)/Homer,CHCAGCRGGRGG,1.00E+00,-1.15E+00,1,32,12.17%,3239.9,11.09%
ZNF675(Zf)/HEK293-ZNF675.GFP-ChIP-Seq(GSE58341)/Homer,ARGAGGMCAAAATGW,1.00E+00,-1.14E+00,1,5,1.90%,414.4,1.42%
HLF(bZIP)/HSC-HLF.Flag-ChIP-Seq(GSE69817)/Homer,RTTATGYAAB,1.00E+00,-1.13E+00,1,21,7.98%,2075.2,7.11%
STAT6(Stat)/Macrophage-Stat6-ChIP-Seq(GSE38377)/Homer,TTCCKNAGAA,1.00E+00,-1.13E+00,1,18,6.84%,1759.2,6.02%
RUNX2(Runt)/PCa-RUNX2-ChIP-Seq(GSE33889)/Homer,NWAACCACADNN,1.00E+00,-1.12E+00,1,28,10.65%,2823.7,9.67%
Srebp2(bHLH)/HepG2-Srebp2-ChIP-Seq(GSE31477)/Homer,CGGTCACSCCAC,1.00E+00,-1.12E+00,1,7,2.66%,619.9,2.12%
Sox6(HMG)/Myotubes-Sox6-ChIP-Seq(GSE32627)/Homer,CCATTGTTNY,1.00E+00,-1.11E+00,1,46,17.49%,4768.6,16.33%
RORgt(NR)/EL4-RORgt.Flag-ChIP-Seq(GSE56019)/Homer,AAYTAGGTCA,1.00E+00,-1.10E+00,1,4,1.52%,323.1,1.11%
RORgt(NR)/EL4-RORgt.Flag-ChIP-Seq(GSE56019)/Homer,AAYTAGGTCA,1.00E+00,-1.10E+00,1,4,1.52%,323.1,1.11%
BMYB(HTH)/Hela-BMYB-ChIP-Seq(GSE27030)/Homer,NHAACBGYYV,1.00E+00,-1.09E+00,1,59,22.43%,6190.9,21.20%
ZBTB18(Zf)/HEK293-ZBTB18.GFP-ChIP-Seq(GSE58341)/Homer,AACATCTGGA,1.00E+00,-1.09E+00,1,21,7.98%,2091.2,7.16%
Hoxd10(Homeobox)/ChickenMSG-Hoxd10.Flag-ChIP-Seq(GSE86088)/Homer,GGCMATGAAA,1.00E+00,-1.08E+00,1,30,11.41%,3056.8,10.47%
Smad3(MAD)/NPC-Smad3-ChIP-Seq(GSE36673)/Homer,TWGTCTGV,1.00E+00,-1.07E+00,1,125,47.53%,13463,46.10%
NeuroG2(bHLH)/Fibroblast-NeuroG2-ChIP-Seq(GSE75910)/Homer,ACCATCTGTT,1.00E+00,-1.06E+00,1,58,22.05%,6105.1,20.91%
ZBTB12(Zf)/HEK293-ZBTB12.GFP-ChIP-Seq(GSE58341)/Homer,NGNTCTAGAACCNGV,1.00E+00,-1.05E+00,1,19,7.22%,1895,6.49%
Nkx3.1(Homeobox)/LNCaP-Nkx3.1-ChIP-Seq(GSE28264)/Homer,AAGCACTTAA,1.00E+00,-1.05E+00,1,79,30.04%,8409,28.79%
THRb(NR)/HepG2-THRb.Flag-ChIP-Seq(Encode)/Homer,GGTCACCTGAGGTCA,1.00E+00,-1.04E+00,1,29,11.03%,2971.1,10.17%
"Brn1(POU,Homeobox)/NPC-Brn1-ChIP-Seq(GSE35496)/Homer",TATGCWAATBAV,1.00E+00,-1.03E+00,1,8,3.04%,743.9,2.55%
Sox21(HMG)/ESC-SOX21-ChIP-Seq(GSE110505)/Homer,BCCWTTGTBYKV,1.00E+00,-1.03E+00,1,56,21.29%,5908.6,20.23%
HOXA2(Homeobox)/mES-Hoxa2-ChIP-Seq(Donaldson_et_al.)/Homer,GYCATCMATCAT,1.00E+00,-1.02E+00,1,3,1.14%,237.4,0.81%
ZNF415(Zf)/HEK293-ZNF415.GFP-ChIP-Seq(GSE58341)/Homer,GRTGMTRGAGCC,1.00E+00,-1.02E+00,1,31,11.79%,3200.5,10.96%
TRPS1(Zf)/MCF7-TRPS1-ChIP-Seq(GSE107013)/Homer,AGATAAGANN,1.00E+00,-1.00E+00,1,46,17.49%,4835,16.56%
Max(bHLH)/K562-Max-ChIP-Seq(GSE31477)/Homer,RCCACGTGGYYN,1.00E+00,-9.98E-01,1,28,10.65%,2885.1,9.88%
LRF(Zf)/Erythroblasts-ZBTB7A-ChIP-Seq(GSE74977)/Homer,AAGACCCYYN,1.00E+00,-9.91E-01,1,95,36.12%,10214.3,34.98%
Foxa3(Forkhead)/Liver-Foxa3-ChIP-Seq(GSE77670)/Homer,BSNTGTTTACWYWGN,1.00E+00,-9.88E-01,1,8,3.04%,755.5,2.59%
"Pax8(Paired,Homeobox)/Thyroid-Pax8-ChIP-Seq(GSE26938)/Homer",GTCATGCHTGRCTGS,1.00E+00,-9.81E-01,1,16,6.08%,1605,5.50%
Maz(Zf)/HepG2-Maz-ChIP-Seq(GSE31477)/Homer,GGGGGGGG,1.00E+00,-9.73E-01,1,137,52.09%,14875.5,50.94%
NFY(CCAAT)/Promoter/Homer,RGCCAATSRG,1.00E+00,-9.64E-01,1,60,22.81%,6391,21.88%
Bach2(bZIP)/OCILy7-Bach2-ChIP-Seq(GSE44420)/Homer,TGCTGAGTCA,1.00E+00,-9.48E-01,1,7,2.66%,661.8,2.27%
Meis1(Homeobox)/MastCells-Meis1-ChIP-Seq(GSE48085)/Homer,VGCTGWCAVB,1.00E+00,-9.46E-01,1,67,25.48%,7171.7,24.56%
Fosl2(bZIP)/3T3L1-Fosl2-ChIP-Seq(GSE56872)/Homer,NATGASTCABNN,1.00E+00,-9.35E-01,1,11,4.18%,1088.3,3.73%
Myf5(bHLH)/GM-Myf5-ChIP-Seq(GSE24852)/Homer,BAACAGCTGT,1.00E+00,-9.31E-01,1,34,12.93%,3574,12.24%
Jun-AP1(bZIP)/K562-cJun-ChIP-Seq(GSE31477)/Homer,GATGASTCATCN,1.00E+00,-9.28E-01,1,8,3.04%,772.4,2.64%
PRDM9(Zf)/Testis-DMC1-ChIP-Seq(GSE35498)/Homer,ADGGYAGYAGCATCT,1.00E+00,-9.26E-01,1,18,6.84%,1842.3,6.31%
MafK(bZIP)/C2C12-MafK-ChIP-Seq(GSE36030)/Homer,GCTGASTCAGCA,1.00E+00,-9.24E-01,1,9,3.42%,879.4,3.01%
TATA-Box(TBP)/Promoter/Homer,CCTTTTAWAGSC,1.00E+00,-9.18E-01,1,48,18.25%,5110.1,17.50%
HOXA1(Homeobox)/mES-Hoxa1-ChIP-Seq(SRP084292)/Homer,TGATKGATGR,1.00E+00,-9.13E-01,1,6,2.28%,565.7,1.94%
KLF14(Zf)/HEK293-KLF14.GFP-ChIP-Seq(GSE58341)/Homer,RGKGGGCGKGGC,1.00E+00,-9.09E-01,1,167,63.50%,18268.6,62.56%
Sox10(HMG)/SciaticNerve-Sox3-ChIP-Seq(GSE35132)/Homer,CCWTTGTYYB,1.00E+00,-9.02E-01,1,52,19.77%,5559.8,19.04%
Zfp57(Zf)/H1-ZFP57.HA-ChIP-Seq(GSE115387)/Homer,NANTGCSGCA,1.00E+00,-8.97E-01,1,31,11.79%,3268,11.19%
ZEB2(Zf)/SNU398-ZEB2-ChIP-Seq(GSE103048)/Homer,GNMCAGGTGTGC,1.00E+00,-8.93E-01,1,43,16.35%,4580.7,15.69%
ZFX(Zf)/mES-Zfx-ChIP-Seq(GSE11431)/Homer,AGGCCTRG,1.00E+00,-8.85E-01,1,64,24.33%,6890.9,23.60%
Tcfcp2l1(CP2)/mES-Tcfcp2l1-ChIP-Seq(GSE11431)/Homer,NRAACCRGTTYRAACCRGYT,1.00E+00,-8.78E-01,1,8,3.04%,787.5,2.70%
PRDM1(Zf)/Hela-PRDM1-ChIP-Seq(GSE31477)/Homer,ACTTTCACTTTC,1.00E+00,-8.76E-01,1,18,6.84%,1865.9,6.39%
"LXRE(NR),DR4/RAW-LXRb.biotin-ChIP-Seq(GSE21512)/Homer",RGGTTACTANAGGTCA,1.00E+00,-8.70E-01,1,2,0.76%,158.5,0.54%
CEBP:CEBP(bZIP)/MEF-Chop-ChIP-Seq(GSE35681)/Homer,NTNATGCAAYMNNHTGMAAY,1.00E+00,-8.70E-01,1,4,1.52%,365.6,1.25%
BATF(bZIP)/Th17-BATF-ChIP-Seq(GSE39756)/Homer,DATGASTCAT,1.00E+00,-8.67E-01,1,18,6.84%,1869.7,6.40%
ETS1(ETS)/Jurkat-ETS1-ChIP-Seq(GSE17954)/Homer,ACAGGAAGTG,1.00E+00,-8.55E-01,1,67,25.48%,7245.3,24.81%
"ETS:RUNX(ETS,Runt)/Jurkat-RUNX1-ChIP-Seq(GSE17954)/Homer",RCAGGATGTGGT,1.00E+00,-8.49E-01,1,8,3.04%,796.7,2.73%
RORa(NR)/Liver-Rora-ChIP-Seq(GSE101115)/Homer,AAWCTAGGTCARDNN,1.00E+00,-8.47E-01,1,4,1.52%,370,1.27%
Mef2b(MADS)/HEK293-Mef2b.V5-ChIP-Seq(GSE67450)/Homer,GCTATTTTTGGM,1.00E+00,-8.38E-01,1,20,7.60%,2101.2,7.20%
ERRg(NR)/Kidney-ESRRG-ChIP-Seq(GSE104905)/Homer,GTGACCTTGRVN,1.00E+00,-8.30E-01,1,30,11.41%,3198.1,10.95%
CEBP(bZIP)/ThioMac-CEBPb-ChIP-Seq(GSE21512)/Homer,ATTGCGCAAC,1.00E+00,-8.26E-01,1,17,6.46%,1780.5,6.10%
p53(p53)/mES-cMyc-ChIP-Seq(GSE11431)/Homer,ACATGCCCGGGCAT,1.00E+00,-8.16E-01,1,1,0.38%,64.8,0.22%
CEBP:AP1(bZIP)/ThioMac-CEBPb-ChIP-Seq(GSE21512)/Homer,DRTGTTGCAA,1.00E+00,-8.14E-01,1,20,7.60%,2113.1,7.24%
PRDM10(Zf)/HEK293-PRDM10.eGFP-ChIP-Seq(Encode)/Homer,TGGTACATTCCA,1.00E+00,-8.14E-01,1,24,9.13%,2551.6,8.74%
REST-NRSF(Zf)/Jurkat-NRSF-ChIP-Seq/Homer,GGMGCTGTCCATGGTGCTGA,1.00E+00,-8.05E-01,1,1,0.38%,65.8,0.23%
CArG(MADS)/PUER-Srf-ChIP-Seq(Sullivan_et_al.)/Homer,CCATATATGGNM,1.00E+00,-7.94E-01,1,11,4.18%,1140.8,3.91%
THRb(NR)/Liver-NR1A2-ChIP-Seq(GSE52613)/Homer,TRAGGTCA,1.00E+00,-7.91E-01,1,139,52.85%,15272.1,52.30%
"GATA(Zf),IR3/iTreg-Gata3-ChIP-Seq(GSE20898)/Homer",NNNNNBAGATAWYATCTVHN,1.00E+00,-7.73E-01,1,3,1.14%,279.7,0.96%
"HNF4a(NR),DR1/HepG2-HNF4a-ChIP-Seq(GSE25021)/Homer",CARRGKBCAAAGTYCA,1.00E+00,-7.70E-01,1,19,7.22%,2027.4,6.94%
"RBPJ:Ebox(?,bHLH)/Panc1-Rbpj1-ChIP-Seq(GSE47459)/Homer",GGGRAARRGRMCAGMTG,1.00E+00,-7.64E-01,1,14,5.32%,1481.9,5.07%
ZNF669(Zf)/HEK293-ZNF669.GFP-ChIP-Seq(GSE58341)/Homer,GARTGGTCATCGCCC,1.00E+00,-7.63E-01,1,4,1.52%,389.9,1.34%
LHX9(Homeobox)/Hct116-LHX9.V5-ChIP-Seq(GSE116822)/Homer,NGCTAATTAG,1.00E+00,-7.58E-01,1,35,13.31%,3796.2,13.00%
n-Myc(bHLH)/mES-nMyc-ChIP-Seq(GSE11431)/Homer,VRCCACGTGG,1.00E+00,-7.45E-01,1,32,12.17%,3474.1,11.90%
HIC1(Zf)/Treg-ZBTB29-ChIP-Seq(GSE99889)/Homer,TGCCAGCB,1.00E+00,-7.35E-01,1,99,37.64%,10897.7,37.32%
Tbx21(T-box)/GM12878-TBX21-ChIP-Seq(Encode)/Homer,AGGTGTGAAA,1.00E+00,-7.28E-01,1,28,10.65%,3044.9,10.43%
HRE(HSF)/HepG2-HSF1-ChIP-Seq(GSE31477)/Homer,BSTTCTRGAABVTTCYAGAA,1.00E+00,-7.16E-01,1,7,2.66%,731.4,2.50%
Sp1(Zf)/Promoter/Homer,GGCCCCGCCCCC,1.00E+00,-7.12E-01,1,73,27.76%,8039,27.53%
Bcl6(Zf)/Liver-Bcl6-ChIP-Seq(GSE31578)/Homer,NNNCTTTCCAGGAAA,1.00E+00,-7.10E-01,1,48,18.25%,5271.4,18.05%
Gli2(Zf)/GM2-Gli2-ChIP-Chip(GSE112702)/Homer,YSTGGGTGGTCT,1.00E+00,-7.08E-01,1,13,4.94%,1397.7,4.79%
DMRT6(DM)/Testis-DMRT6-ChIP-Seq(GSE60440)/Homer,YDGHTACAWTGTADC,1.00E+00,-7.03E-01,1,4,1.52%,404.9,1.39%
Mef2d(MADS)/Retina-Mef2d-ChIP-Seq(GSE61391)/Homer,GCTATTTTTAGC,1.00E+00,-6.94E-01,1,5,1.90%,517.6,1.77%
Tgif1(Homeobox)/mES-Tgif1-ChIP-Seq(GSE55404)/Homer,YTGWCADY,1.00E+00,-6.86E-01,1,96,36.50%,10617.1,36.36%
HINFP(Zf)/K562-HINFP.eGFP-ChIP-Seq(Encode)/Homer,TWVGGTCCGC,1.00E+00,-6.85E-01,1,28,10.65%,3073.1,10.52%
Sox15(HMG)/CPA-Sox15-ChIP-Seq(GSE62909)/Homer,RAACAATGGN,1.00E+00,-6.83E-01,1,30,11.41%,3297,11.29%
PBX2(Homeobox)/K562-PBX2-ChIP-Seq(Encode)/Homer,RTGATTKATRGN,1.00E+00,-6.79E-01,1,19,7.22%,2078.3,7.12%
JunB(bZIP)/DendriticCells-Junb-ChIP-Seq(GSE36099)/Homer,RATGASTCAT,1.00E+00,-6.76E-01,1,15,5.70%,1635.8,5.60%
Nr5a2(NR)/Pancreas-LRH1-ChIP-Seq(GSE34295)/Homer,BTCAAGGTCA,1.00E+00,-6.55E-01,1,25,9.51%,2761.9,9.46%
Nkx2.2(Homeobox)/NPC-Nkx2.2-ChIP-Seq(GSE61673)/Homer,BTBRAGTGSN,1.00E+00,-6.54E-01,1,76,28.90%,8432.6,28.88%
Tbx6(T-box)/ESC-Tbx6-ChIP-Seq(GSE93524)/Homer,DAGGTGTBAA,1.00E+00,-6.52E-01,1,37,14.07%,4099.7,14.04%
PBX1(Homeobox)/MCF7-PBX1-ChIP-Seq(GSE28007)/Homer,GSCTGTCACTCA,1.00E+00,-6.49E-01,1,5,1.90%,531.2,1.82%
Egr2(Zf)/Thymocytes-Egr2-ChIP-Seq(GSE34254)/Homer,NGCGTGGGCGGR,1.00E+00,-6.48E-01,1,20,7.60%,2208.8,7.56%
SCRT1(Zf)/HEK293-SCRT1.eGFP-ChIP-Seq(Encode)/Homer,GCAACAGGTG,1.00E+00,-6.40E-01,1,11,4.18%,1207.6,4.14%
"TR4(NR),DR1/Hela-TR4-ChIP-Seq(GSE24685)/Homer",GAGGTCAAAGGTCA,1.00E+00,-6.39E-01,1,5,1.90%,534.7,1.83%
IRF4(IRF)/GM12878-IRF4-ChIP-Seq(GSE32465)/Homer,ACTGAAACCA,1.00E+00,-6.36E-01,1,13,4.94%,1433.8,4.91%
Lhx1(Homeobox)/EmbryoCarcinoma-Lhx1-ChIP-Seq(GSE70957)/Homer,NNYTAATTAR,1.00E+00,-6.30E-01,1,22,8.37%,2443.3,8.37%
PU.1:IRF8(ETS:IRF)/pDC-Irf8-ChIP-Seq(GSE66899)/Homer,GGAAGTGAAAST,1.00E+00,-6.20E-01,1,8,3.04%,879.5,3.01%
MNT(bHLH)/HepG2-MNT-ChIP-Seq(Encode)/Homer,DGCACACGTG,1.00E+00,-6.18E-01,1,34,12.93%,3792.7,12.99%
Foxa2(Forkhead)/Liver-Foxa2-ChIP-Seq(GSE25694)/Homer,CYTGTTTACWYW,1.00E+00,-6.15E-01,1,18,6.84%,2006,6.87%
Tgif2(Homeobox)/mES-Tgif2-ChIP-Seq(GSE55404)/Homer,TGTCANYT,1.00E+00,-6.10E-01,1,104,39.54%,11592.9,39.70%
PRDM15(Zf)/ESC-Prdm15-ChIP-Seq(GSE73694)/Homer,YCCDNTCCAGGTTTT,1.00E+00,-6.08E-01,1,42,15.97%,4694.1,16.07%
GRHL2(CP2)/HBE-GRHL2-ChIP-Seq(GSE46194)/Homer,AAACYKGTTWDACMRGTTTB,1.00E+00,-6.07E-01,1,11,4.18%,1223.5,4.19%
GATA3(Zf)/iTreg-Gata3-ChIP-Seq(GSE20898)/Homer,AGATAASR,1.00E+00,-6.04E-01,1,33,12.55%,3692.6,12.64%
Foxo1(Forkhead)/RAW-Foxo1-ChIP-Seq(Fan_et_al.)/Homer,CTGTTTAC,1.00E+00,-5.94E-01,1,61,23.19%,6827.1,23.38%
AP-2gamma(AP2)/MCF7-TFAP2C-ChIP-Seq(GSE21234)/Homer,SCCTSAGGSCAW,1.00E+00,-5.92E-01,1,68,25.86%,7609.3,26.06%
WT1(Zf)/Kidney-WT1-ChIP-Seq(GSE90016)/Homer,MCTCCCMCRCAB,1.00E+00,-5.92E-01,1,47,17.87%,5267.1,18.04%
ZNF165(Zf)/WHIM12-ZNF165-ChIP-Seq(GSE65937)/Homer,AAGGKGRCGCAGGCA,1.00E+00,-5.83E-01,1,8,3.04%,895.8,3.07%
Barx1(Homeobox)/Stomach-Barx1.3xFlag-ChIP-Seq(GSE69483)/Homer,AAACMATTAN,1.00E+00,-5.72E-01,1,8,3.04%,900.9,3.08%
ZNF317(Zf)/HEK293-ZNF317.GFP-ChIP-Seq(GSE58341)/Homer,GTCWGCTGTYYCTCT,1.00E+00,-5.64E-01,1,3,1.14%,328.1,1.12%
Bcl11a(Zf)/HSPC-BCL11A-ChIP-Seq(GSE104676)/Homer,TYTGACCASWRG,1.00E+00,-5.62E-01,1,27,10.27%,3054.5,10.46%
NFAT(RHD)/Jurkat-NFATC1-ChIP-Seq(Jolma_et_al.)/Homer,ATTTTCCATT,1.00E+00,-5.62E-01,1,22,8.37%,2491.3,8.53%
Nkx2.5(Homeobox)/HL1-Nkx2.5.biotin-ChIP-Seq(GSE21529)/Homer,RRSCACTYAA,1.00E+00,-5.53E-01,1,78,29.66%,8769,30.03%
MafA(bZIP)/Islet-MafA-ChIP-Seq(GSE30298)/Homer,TGCTGACTCA,1.00E+00,-5.49E-01,1,31,11.79%,3515.5,12.04%
Npas4(bHLH)/Neuron-Npas4-ChIP-Seq(GSE127793)/Homer,NHRTCACGACDN,1.00E+00,-5.48E-01,1,34,12.93%,3853.6,13.20%
Foxo3(Forkhead)/U2OS-Foxo3-ChIP-Seq(E-MTAB-2701)/Homer,DGTAAACA,1.00E+00,-5.47E-01,1,16,6.08%,1823.1,6.24%
E2F6(E2F)/Hela-E2F6-ChIP-Seq(GSE31477)/Homer,GGCGGGAARN,1.00E+00,-5.39E-01,1,47,17.87%,5321.2,18.22%
ZEB1(Zf)/PDAC-ZEB1-ChIP-Seq(GSE64557)/Homer,VCAGGTRDRY,1.00E+00,-5.35E-01,1,66,25.10%,7452.5,25.52%
ZSCAN22(Zf)/HEK293-ZSCAN22.GFP-ChIP-Seq(GSE58341)/Homer,SMCAGTCWGAKGGAGGAGGC,1.00E+00,-5.33E-01,1,5,1.90%,571.6,1.96%
E2F(E2F)/Hela-CellCycle-Expression/Homer,TTSGCGCGAAAA,1.00E+00,-5.20E-01,1,5,1.90%,576.2,1.97%
"E2A(bHLH),near_PU.1/Bcell-PU.1-ChIP-Seq(GSE21512)/Homer",NVCACCTGBN,1.00E+00,-5.15E-01,1,58,22.05%,6580.8,22.53%
Pitx1(Homeobox)/Chicken-Pitx1-ChIP-Seq(GSE38910)/Homer,TAATCCCN,1.00E+00,-5.09E-01,1,118,44.87%,13279.5,45.47%
"Fox:Ebox(Forkhead,bHLH)/Panc1-Foxa2-ChIP-Seq(GSE47459)/Homer",NNNVCTGWGYAAACASN,1.00E+00,-5.06E-01,1,25,9.51%,2874.4,9.84%
Bapx1(Homeobox)/VertebralCol-Bapx1-ChIP-Seq(GSE36672)/Homer,TTRAGTGSYK,1.00E+00,-5.03E-01,1,71,27.00%,8050.4,27.57%
"GATA3(Zf),DR4/iTreg-Gata3-ChIP-Seq(GSE20898)/Homer",AGATGKDGAGATAAG,1.00E+00,-5.01E-01,1,2,0.76%,226.7,0.78%
PU.1-IRF(ETS:IRF)/Bcell-PU.1-ChIP-Seq(GSE21512)/Homer,MGGAAGTGAAAC,1.00E+00,-5.01E-01,1,53,20.15%,6036.2,20.67%
"GRE(NR),IR3/A549-GR-ChIP-Seq(GSE32465)/Homer",NRGVACABNVTGTYCY,1.00E+00,-4.92E-01,1,4,1.52%,469.5,1.61%
Mef2c(MADS)/GM12878-Mef2c-ChIP-Seq(GSE32465)/Homer,DCYAAAAATAGM,1.00E+00,-4.91E-01,1,8,3.04%,939.5,3.22%
IRF1(IRF)/PBMC-IRF1-ChIP-Seq(GSE43036)/Homer,GAAAGTGAAAGT,1.00E+00,-4.90E-01,1,5,1.90%,588.8,2.02%
RORg(NR)/Liver-Rorc-ChIP-Seq(GSE101115)/Homer,WAABTAGGTCAV,1.00E+00,-4.86E-01,1,2,0.76%,230.8,0.79%
FoxL2(Forkhead)/Ovary-FoxL2-ChIP-Seq(GSE60858)/Homer,WWTRTAAACAVG,1.00E+00,-4.84E-01,1,15,5.70%,1751.4,6.00%
Hoxc9(Homeobox)/Ainv15-Hoxc9-ChIP-Seq(GSE21812)/Homer,GGCCATAAATCA,1.00E+00,-4.84E-01,1,10,3.80%,1175.4,4.02%
Zic(Zf)/Cerebellum-ZIC1.2-ChIP-Seq(GSE60731)/Homer,CCTGCTGAGH,1.00E+00,-4.83E-01,1,41,15.59%,4706.7,16.12%
FOXM1(Forkhead)/MCF7-FOXM1-ChIP-Seq(GSE72977)/Homer,TRTTTACTTW,1.00E+00,-4.69E-01,1,21,7.98%,2450,8.39%
NFE2L2(bZIP)/HepG2-NFE2L2-ChIP-Seq(Encode)/Homer,AWWWTGCTGAGTCAT,1.00E+00,-4.66E-01,1,1,0.38%,109.9,0.38%
Fra2(bZIP)/Striatum-Fra2-ChIP-Seq(GSE43429)/Homer,GGATGACTCATC,1.00E+00,-4.64E-01,1,12,4.56%,1419,4.86%
"FOXA1:AR(Forkhead,NR)/LNCAP-AR-ChIP-Seq(GSE27824)/Homer",AGTAAACAAAAAAGAACAND,1.00E+00,-4.60E-01,1,1,0.38%,110.6,0.38%
"FXR(NR),IR1/Liver-FXR-ChIP-Seq(Chong_et_al.)/Homer",AGGTCANTGACCTB,1.00E+00,-4.59E-01,1,14,5.32%,1654.2,5.66%
PGR(NR)/EndoStromal-PGR-ChIP-Seq(GSE69539)/Homer,AAGAACATWHTGTTC,1.00E+00,-4.58E-01,1,5,1.90%,602.9,2.06%
"Pax7(Paired,Homeobox)/Myoblast-Pax7-ChIP-Seq(GSE25064)/Homer",TAATCAATTA,1.00E+00,-4.55E-01,1,1,0.38%,111.1,0.38%
"ETS:E-box(ETS,bHLH)/HPC7-Scl-ChIP-Seq(GSE22178)/Homer",AGGAARCAGCTG,1.00E+00,-4.55E-01,1,3,1.14%,362.7,1.24%
Gata4(Zf)/Heart-Gata4-ChIP-Seq(GSE35151)/Homer,NBWGATAAGR,1.00E+00,-4.39E-01,1,22,8.37%,2592,8.88%
Fra1(bZIP)/BT549-Fra1-ChIP-Seq(GSE46166)/Homer,NNATGASTCATH,1.00E+00,-4.38E-01,1,13,4.94%,1553.3,5.32%
Prop1(Homeobox)/GHFT1-PROP1.biotin-ChIP-Seq(GSE77302)/Homer,NTAATBNAATTA,1.00E+00,-4.26E-01,1,7,2.66%,856.2,2.93%
Sp2(Zf)/HEK293-Sp2.eGFP-ChIP-Seq(Encode)/Homer,YGGCCCCGCCCC,1.00E+00,-4.25E-01,1,155,58.94%,17502.3,59.93%
p63(p53)/Keratinocyte-p63-ChIP-Seq(GSE17611)/Homer,NNDRCATGYCYNRRCATGYH,1.00E+00,-4.24E-01,1,12,4.56%,1446.9,4.95%
Nkx2.1(Homeobox)/LungAC-Nkx2.1-ChIP-Seq(GSE43252)/Homer,RSCACTYRAG,1.00E+00,-4.23E-01,1,100,38.02%,11404.3,39.05%
p53(p53)/Saos-p53-ChIP-Seq(GSE15780)/Homer,RRCATGYCYRGRCATGYYYN,1.00E+00,-4.19E-01,1,2,0.76%,249.6,0.85%
p53(p53)/Saos-p53-ChIP-Seq/Homer,RRCATGYCYRGRCATGYYYN,1.00E+00,-4.19E-01,1,2,0.76%,249.6,0.85%
NFIL3(bZIP)/HepG2-NFIL3-ChIP-Seq(Encode)/Homer,VTTACGTAAYNNNNN,1.00E+00,-4.18E-01,1,19,7.22%,2264.2,7.75%
IRF3(IRF)/BMDM-Irf3-ChIP-Seq(GSE67343)/Homer,AGTTTCAKTTTC,1.00E+00,-4.14E-01,1,9,3.42%,1100.5,3.77%
"Pitx1:Ebox(Homeobox,bHLH)/Hindlimb-Pitx1-ChIP-Seq(GSE41591)/Homer",YTAATTRAWWCCAGATGT,1.00E+00,-4.13E-01,1,3,1.14%,377.6,1.29%
Atf7(bZIP)/3T3L1-Atf7-ChIP-Seq(GSE56872)/Homer,NGRTGACGTCAY,1.00E+00,-4.05E-01,1,23,8.75%,2737.8,9.37%
Smad2(MAD)/ES-SMAD2-ChIP-Seq(GSE29422)/Homer,CTGTCTGG,1.00E+00,-4.02E-01,1,67,25.48%,7740.9,26.51%
ZNF519(Zf)/HEK293-ZNF519.GFP-ChIP-Seq(GSE58341)/Homer,GAGSCCGAGC,1.00E+00,-3.99E-01,1,16,6.08%,1932.3,6.62%
Snail1(Zf)/LS174T-SNAIL1.HA-ChIP-Seq(GSE127183)/Homer,TRCACCTGCY,1.00E+00,-3.94E-01,1,35,13.31%,4125.2,14.13%
FOXP1(Forkhead)/H9-FOXP1-ChIP-Seq(GSE31006)/Homer,NYYTGTTTACHN,1.00E+00,-3.94E-01,1,9,3.42%,1113.7,3.81%
CREB5(bZIP)/LNCaP-CREB5.V5-ChIP-Seq(GSE137775)/Homer,VVATGACGTCAT,1.00E+00,-3.93E-01,1,15,5.70%,1821.4,6.24%
Hnf1(Homeobox)/Liver-Foxa2-Chip-Seq(GSE25694)/Homer,GGTTAAWCATTAA,1.00E+00,-3.82E-01,1,2,0.76%,261.3,0.89%
"RAR:RXR(NR),DR5/ES-RAR-ChIP-Seq(GSE56893)/Homer",RGGTCADNNAGAGGTCAV,1.00E+00,-3.81E-01,1,1,0.38%,127.2,0.44%
Atf3(bZIP)/GBM-ATF3-ChIP-Seq(GSE33912)/Homer,DATGASTCATHN,1.00E+00,-3.73E-01,1,15,5.70%,1838.3,6.29%
NF1(CTF)/LNCAP-NF1-ChIP-Seq(Unpublished)/Homer,CYTGGCABNSTGCCAR,1.00E+00,-3.69E-01,1,19,7.22%,2309.1,7.91%
TEAD(TEA)/Fibroblast-PU.1-ChIP-Seq(Unpublished)/Homer,YCWGGAATGY,1.00E+00,-3.67E-01,1,16,6.08%,1960.6,6.71%
AMYB(HTH)/Testes-AMYB-ChIP-Seq(GSE44588)/Homer,TGGCAGTTGG,1.00E+00,-3.66E-01,1,54,20.53%,6325.7,21.66%
IRF8(IRF)/BMDM-IRF8-ChIP-Seq(GSE77884)/Homer,GRAASTGAAAST,1.00E+00,-3.65E-01,1,13,4.94%,1609.2,5.51%
Rbpj1(?)/Panc1-Rbpj1-ChIP-Seq(GSE47459)/Homer,HTTTCCCASG,1.00E+00,-3.45E-01,1,54,20.53%,6357.2,21.77%
Isl1(Homeobox)/Neuron-Isl1-ChIP-Seq(GSE31456)/Homer,CTAATKGV,1.00E+00,-3.44E-01,1,50,19.01%,5903.2,20.21%
Tbet(T-box)/CD8-Tbet-ChIP-Seq(GSE33802)/Homer,AGGTGTGAAM,1.00E+00,-3.42E-01,1,26,9.89%,3152.5,10.80%
MYB(HTH)/ERMYB-Myb-ChIPSeq(GSE22095)/Homer,GGCVGTTR,1.00E+00,-3.34E-01,1,66,25.10%,7734.7,26.49%
Rfx6(HTH)/Min6b1-Rfx6.HA-ChIP-Seq(GSE62844)/Homer,TGTTKCCTAGCAACM,1.00E+00,-3.32E-01,1,51,19.39%,6035.7,20.67%
Sox7(HMG)/ESC-Sox7-ChIP-Seq(GSE133899)/Homer,VVRRAACAATGG,1.00E+00,-3.31E-01,1,7,2.66%,914,3.13%
Gata1(Zf)/K562-GATA1-ChIP-Seq(GSE18829)/Homer,SAGATAAGRV,1.00E+00,-3.31E-01,1,12,4.56%,1519.9,5.20%
"PAX5(Paired,Homeobox)/GM12878-PAX5-ChIP-Seq(GSE32465)/Homer",GCAGCCAAGCRTGACH,1.00E+00,-3.23E-01,1,16,6.08%,2002.4,6.86%
ERG(ETS)/VCaP-ERG-ChIP-Seq(GSE14097)/Homer,ACAGGAAGTG,1.00E+00,-3.23E-01,1,82,31.18%,9559,32.73%
ELF3(ETS)/PDAC-ELF3-ChIP-Seq(GSE64557)/Homer,ANCAGGAAGT,1.00E+00,-3.22E-01,1,33,12.55%,3988.7,13.66%
"Brn2(POU,Homeobox)/NPC-Brn2-ChIP-Seq(GSE35496)/Homer",ATGAATATTC,1.00E+00,-3.20E-01,1,1,0.38%,143.8,0.49%
c-Myc(bHLH)/mES-cMyc-ChIP-Seq(GSE11431)/Homer,VVCCACGTGG,1.00E+00,-3.12E-01,1,17,6.46%,2132.8,7.30%
CDX4(Homeobox)/ZebrafishEmbryos-Cdx4.Myc-ChIP-Seq(GSE48254)/Homer,NGYCATAAAWCH,1.00E+00,-2.97E-01,1,17,6.46%,2148.9,7.36%
Srebp1a(bHLH)/HepG2-Srebp1a-ChIP-Seq(GSE31477)/Homer,RTCACSCCAY,1.00E+00,-2.97E-01,1,6,2.28%,814.2,2.79%
HNF1b(Homeobox)/PDAC-HNF1B-ChIP-Seq(GSE64557)/Homer,GTTAATNATTAA,1.00E+00,-2.96E-01,1,2,0.76%,294.6,1.01%
Gata2(Zf)/K562-GATA2-ChIP-Seq(GSE18829)/Homer,BBCTTATCTS,1.00E+00,-2.95E-01,1,13,4.94%,1673.9,5.73%
Duxbl(Homeobox)/NIH3T3-Duxbl.HA-ChIP-Seq(GSE119782)/Homer,TAAYCYAATCAA,1.00E+00,-2.85E-01,1,1,0.38%,155,0.53%
IRF2(IRF)/Erythroblas-IRF2-ChIP-Seq(GSE36985)/Homer,GAAASYGAAASY,1.00E+00,-2.80E-01,1,4,1.52%,570.9,1.95%
FOXA1(Forkhead)/MCF7-FOXA1-ChIP-Seq(GSE26831)/Homer,WAAGTAAACA,1.00E+00,-2.80E-01,1,17,6.46%,2168.1,7.42%
JunD(bZIP)/K562-JunD-ChIP-Seq/Homer,ATGACGTCATCN,1.00E+00,-2.76E-01,1,7,2.66%,955.1,3.27%
"PAX5(Paired,Homeobox),condensed/GM12878-PAX5-ChIP-Seq(GSE32465)/Homer",GTCACGCTCSCTGM,1.00E+00,-2.67E-01,1,4,1.52%,578.9,1.98%
KLF3(Zf)/MEF-Klf3-ChIP-Seq(GSE44748)/Homer,NRGCCCCRCCCHBNN,1.00E+00,-2.52E-01,1,76,28.90%,9024.9,30.90%
X-box(HTH)/NPC-H3K4me1-ChIP-Seq(GSE16256)/Homer,GGTTGCCATGGCAA,1.00E+00,-2.45E-01,1,6,2.28%,854.5,2.93%
Sp5(Zf)/mES-Sp5.Flag-ChIP-Seq(GSE72989)/Homer,RGKGGGCGGAGC,1.00E+00,-2.45E-01,1,128,48.67%,14864.8,50.90%
Hnf6b(Homeobox)/LNCaP-Hnf6b-ChIP-Seq(GSE106305)/Homer,TATTGAYY,1.00E+00,-2.43E-01,1,14,5.32%,1851.6,6.34%
Foxf1(Forkhead)/Lung-Foxf1-ChIP-Seq(GSE77951)/Homer,WWATRTAAACAN,1.00E+00,-2.40E-01,1,15,5.70%,1977,6.77%
Gata6(Zf)/HUG1N-GATA6-ChIP-Seq(GSE51936)/Homer,YCTTATCTBN,1.00E+00,-2.40E-01,1,17,6.46%,2218.6,7.60%
KLF5(Zf)/LoVo-KLF5-ChIP-Seq(GSE49402)/Homer,DGGGYGKGGC,1.00E+00,-2.39E-01,1,130,49.43%,15099.3,51.70%
Klf9(Zf)/GBM-Klf9-ChIP-Seq(GSE62211)/Homer,GCCACRCCCACY,1.00E+00,-2.38E-01,1,57,21.67%,6891.4,23.60%
ZNF322(Zf)/HEK293-ZNF322.GFP-ChIP-Seq(GSE58341)/Homer,GAGCCTGGTACTGWGCCTGR,1.00E+00,-2.31E-01,1,11,4.18%,1497.6,5.13%
DMRT1(DM)/Testis-DMRT1-ChIP-Seq(GSE64892)/Homer,TWGHWACAWTGTWDC,1.00E+00,-2.31E-01,1,3,1.14%,469,1.61%
"OCT:OCT(POU,Homeobox)/NPC-OCT6-ChIP-Seq(GSE43916)/Homer",YATGCATATRCATRT,1.00E+00,-2.30E-01,1,1,0.38%,175.9,0.60%
MafB(bZIP)/BMM-Mafb-ChIP-Seq(GSE75722)/Homer,WNTGCTGASTCAGCANWTTY,1.00E+00,-2.30E-01,1,9,3.42%,1249.3,4.28%
Pdx1(Homeobox)/Islet-Pdx1-ChIP-Seq(SRA008281)/Homer,YCATYAATCA,1.00E+00,-2.21E-01,1,15,5.70%,2001.8,6.85%
ZNF416(Zf)/HEK293-ZNF416.GFP-ChIP-Seq(GSE58341)/Homer,WDNCTGGGCA,1.00E+00,-2.20E-01,1,58,22.05%,7046.7,24.13%
Rfx5(HTH)/GM12878-Rfx5-ChIP-Seq(GSE31477)/Homer,SCCTAGCAACAG,1.00E+00,-2.06E-01,1,14,5.32%,1899.5,6.50%
c-Jun-CRE(bZIP)/K562-cJun-ChIP-Seq(GSE31477)/Homer,ATGACGTCATCY,1.00E+00,-2.06E-01,1,13,4.94%,1776.8,6.08%
ZNF136(Zf)/HEK293-ZNF136.GFP-ChIP-Seq(GSE58341)/Homer,YTKGATAHAGTATTCTWGGTNGGCA,1.00E+00,-2.04E-01,1,1,0.38%,187.3,0.64%
KLF1(Zf)/HUDEP2-KLF1-CutnRun(GSE136251)/Homer,VDGGGYGGGGCY,1.00E+00,-1.86E-01,1,113,42.97%,13352.3,45.72%
"ERE(NR),IR3/MCF7-ERa-ChIP-Seq(Unpublished)/Homer",VAGGTCACNSTGACC,1.00E+00,-1.79E-01,1,7,2.66%,1051,3.60%
TEAD3(TEA)/HepG2-TEAD3-ChIP-Seq(Encode)/Homer,TRCATTCCAG,1.00E+00,-1.79E-01,1,28,10.65%,3638.5,12.46%
AP-2alpha(AP2)/Hela-AP2alpha-ChIP-Seq(GSE31477)/Homer,ATGCCCTGAGGC,1.00E+00,-1.78E-01,1,47,17.87%,5874.1,20.11%
EWS:FLI1-fusion(ETS)/SK_N_MC-EWS:FLI1-ChIP-Seq(SRA014231)/Homer,VACAGGAAAT,1.00E+00,-1.77E-01,1,32,12.17%,4118.8,14.10%
Atf1(bZIP)/K562-ATF1-ChIP-Seq(GSE31477)/Homer,GATGACGTCA,1.00E+00,-1.75E-01,1,27,10.27%,3526,12.07%
Smad4(MAD)/ESC-SMAD4-ChIP-Seq(GSE29422)/Homer,VBSYGTCTGG,1.00E+00,-1.73E-01,1,66,25.10%,8081.2,27.67%
GFY(?)/Promoter/Homer,ACTACAATTCCC,1.00E+00,-1.72E-01,1,7,2.66%,1059,3.63%
E2F3(E2F)/MEF-E2F3-ChIP-Seq(GSE71376)/Homer,BTKGGCGGGAAA,1.00E+00,-1.71E-01,1,50,19.01%,6241.8,21.37%
Sox9(HMG)/Limb-SOX9-ChIP-Seq(GSE73225)/Homer,AGGVNCCTTTGT,1.00E+00,-1.69E-01,1,24,9.13%,3179.5,10.89%
CRX(Homeobox)/Retina-Crx-ChIP-Seq(GSE20012)/Homer,GCTAATCC,1.00E+00,-1.66E-01,1,61,23.19%,7527.8,25.78%
Lhx2(Homeobox)/HFSC-Lhx2-ChIP-Seq(GSE48068)/Homer,TAATTAGN,1.00E+00,-1.64E-01,1,17,6.46%,2336.5,8.00%
KLF10(Zf)/HEK293-KLF10.GFP-ChIP-Seq(GSE58341)/Homer,GGGGGTGTGTCC,1.00E+00,-1.63E-01,1,45,17.11%,5681.3,19.45%
Phox2a(Homeobox)/Neuron-Phox2a-ChIP-Seq(GSE31456)/Homer,YTAATYNRATTA,1.00E+00,-1.63E-01,1,3,1.14%,522.3,1.79%
Atf2(bZIP)/3T3L1-Atf2-ChIP-Seq(GSE56872)/Homer,NRRTGACGTCAT,1.00E+00,-1.61E-01,1,15,5.70%,2093.6,7.17%
"bZIP:IRF(bZIP,IRF)/Th17-BatF-ChIP-Seq(GSE39756)/Homer",NAGTTTCABTHTGACTNW,1.00E+00,-1.61E-01,1,7,2.66%,1074,3.68%
E2F7(E2F)/Hela-E2F7-ChIP-Seq(GSE32673)/Homer,VDTTTCCCGCCA,1.00E+00,-1.58E-01,1,9,3.42%,1338.5,4.58%
"PAX6(Paired,Homeobox)/Forebrain-Pax6-ChIP-Seq(GSE66961)/Homer",NGTGTTCAVTSAAGCGKAAA,1.00E+00,-1.51E-01,1,2,0.76%,383.5,1.31%
Lhx3(Homeobox)/Neuron-Lhx3-ChIP-Seq(GSE31456)/Homer,ADBTAATTAR,1.00E+00,-1.48E-01,1,34,12.93%,4425.5,15.15%
FOXA1(Forkhead)/LNCAP-FOXA1-ChIP-Seq(GSE27824)/Homer,WAAGTAAACA,1.00E+00,-1.42E-01,1,20,7.60%,2750.9,9.42%
MYNN(Zf)/HEK293-MYNN.eGFP-ChIP-Seq(Encode)/Homer,TTCAAAWTAAAAGTC,1.00E+00,-1.39E-01,1,3,1.14%,546.3,1.87%
Phox2b(Homeobox)/CLBGA-PHOX2B-ChIP-Seq(GSE90683)/Homer,TTAATTNAATTA,1.00E+00,-1.38E-01,1,1,0.38%,228,0.78%
Etv2(ETS)/ES-ER71-ChIP-Seq(GSE59402)/Homer,NNAYTTCCTGHN,1.00E+00,-1.37E-01,1,49,18.63%,6222.5,21.31%
Stat3+il21(Stat)/CD4-Stat3-ChIP-Seq(GSE19198)/Homer,SVYTTCCNGGAARB,1.00E+00,-1.33E-01,1,24,9.13%,3260.5,11.16%
RFX(HTH)/K562-RFX3-ChIP-Seq(SRA012198)/Homer,CGGTTGCCATGGCAAC,1.00E+00,-1.33E-01,1,6,2.28%,978.3,3.35%
Tcf3(HMG)/mES-Tcf3-ChIP-Seq(GSE11724)/Homer,ASWTCAAAGG,1.00E+00,-1.30E-01,1,4,1.52%,703.2,2.41%
En1(Homeobox)/SUM149-EN1-ChIP-Seq(GSE120957)/Homer,NDCTAATTAS,1.00E+00,-1.29E-01,1,46,17.49%,5898.1,20.20%
Zfp809(Zf)/ES-Zfp809-ChIP-Seq(GSE70799)/Homer,GGGGCTYGKCTGGGA,1.00E+00,-1.24E-01,1,10,3.80%,1526.2,5.23%
ZNF264(Zf)/HEK293-ZNF264.GFP-ChIP-Seq(GSE58341)/Homer,RGGGCACTAACY,1.00E+00,-1.21E-01,1,21,7.98%,2922.8,10.01%
Rfx2(HTH)/LoVo-RFX2-ChIP-Seq(GSE49402)/Homer,GTTGCCATGGCAACM,1.00E+00,-1.15E-01,1,6,2.28%,1005.9,3.44%
AR-halfsite(NR)/LNCaP-AR-ChIP-Seq(GSE27824)/Homer,CCAGGAACAG,1.00E+00,-1.15E-01,1,125,47.53%,14940.4,51.16%
Klf4(Zf)/mES-Klf4-ChIP-Seq(GSE11431)/Homer,GCCACACCCA,1.00E+00,-1.14E-01,1,41,15.59%,5358.7,18.35%
"Oct4:Sox17(POU,Homeobox,HMG)/F9-Sox17-ChIP-Seq(GSE44553)/Homer",CCATTGTATGCAAAT,1.00E+00,-1.11E-01,1,1,0.38%,249.5,0.85%
ZNF189(Zf)/HEK293-ZNF189.GFP-ChIP-Seq(GSE58341)/Homer,TGGAACAGMA,1.00E+00,-1.10E-01,1,26,9.89%,3568.9,12.22%
EKLF(Zf)/Erythrocyte-Klf1-ChIP-Seq(GSE20478)/Homer,NWGGGTGTGGCY,1.00E+00,-1.06E-01,1,13,4.94%,1954.5,6.69%
Zac1(Zf)/Neuro2A-Plagl1-ChIP-Seq(GSE75942)/Homer,HAWGRGGCCM,1.00E+00,-1.02E-01,1,113,42.97%,13663.7,46.79%
ZNF711(Zf)/SHSY5Y-ZNF711-ChIP-Seq(GSE20673)/Homer,AGGCCTAG,1.00E+00,-9.86E-02,1,90,34.22%,11090.7,37.98%
"RAR:RXR(NR),DR0/ES-RAR-ChIP-Seq(GSE56893)/Homer",AGGTCAAGGTCA,1.00E+00,-9.76E-02,1,2,0.76%,440.8,1.51%
LEF1(HMG)/H1-LEF1-ChIP-Seq(GSE64758)/Homer,CCTTTGATST,1.00E+00,-9.64E-02,1,12,4.56%,1847.8,6.33%
Nr5a2(NR)/mES-Nr5a2-ChIP-Seq(GSE19019)/Homer,BTCAAGGTCA,1.00E+00,-9.61E-02,1,14,5.32%,2107.1,7.22%
GSC(Homeobox)/FrogEmbryos-GSC-ChIP-Seq(DRA000576)/Homer,RGGATTAR,1.00E+00,-9.61E-02,1,20,7.60%,2868.7,9.82%
"GRE(NR),IR3/RAW264.7-GRE-ChIP-Seq(Unpublished)/Homer",VAGRACAKWCTGTYC,1.00E+00,-9.59E-02,1,4,1.52%,753.8,2.58%
SPDEF(ETS)/VCaP-SPDEF-ChIP-Seq(SRA014231)/Homer,ASWTCCTGBT,1.00E+00,-9.51E-02,1,44,16.73%,5783.5,19.80%
NFkB-p65-Rel(RHD)/ThioMac-LPS-Expression(GSE23622)/Homer,GGAAATTCCC,1.00E+00,-9.37E-02,1,1,0.38%,267.9,0.92%
ARE(NR)/LNCAP-AR-ChIP-Seq(GSE27824)/Homer,RGRACASNSTGTYCYB,1.00E+00,-8.80E-02,1,5,1.90%,914.1,3.13%
Nkx6.1(Homeobox)/Islet-Nkx6.1-ChIP-Seq(GSE40975)/Homer,GKTAATGR,1.00E+00,-7.94E-02,1,43,16.35%,5733.2,19.63%
MafF(bZIP)/HepG2-MafF-ChIP-Seq(GSE31477)/Homer,HWWGTCAGCAWWTTT,1.00E+00,-7.82E-02,1,2,0.76%,469.3,1.61%
ZNF143|STAF(Zf)/CUTLL-ZNF143-ChIP-Seq(GSE29600)/Homer,ATTTCCCAGVAKSCY,1.00E+00,-7.72E-02,1,16,6.08%,2422.6,8.30%
KLF6(Zf)/PDAC-KLF6-ChIP-Seq(GSE64557)/Homer,MKGGGYGTGGCC,1.00E+00,-7.23E-02,1,104,39.54%,12815.4,43.88%
"OCT:OCT-short(POU,Homeobox)/NPC-OCT6-ChIP-Seq(GSE43916)/Homer",ATGCATWATGCATRW,1.00E+00,-7.15E-02,1,6,2.28%,1096.5,3.75%
Ronin(THAP)/ES-Thap11-ChIP-Seq(GSE51522)/Homer,RACTACAACTCCCAGVAKGC,1.00E+00,-7.05E-02,1,5,1.90%,953.1,3.26%
EHF(ETS)/LoVo-EHF-ChIP-Seq(GSE49402)/Homer,AVCAGGAAGT,1.00E+00,-6.77E-02,1,56,21.29%,7335,25.12%
Elf4(ETS)/BMDM-Elf4-ChIP-Seq(GSE88699)/Homer,ACTTCCKGKT,1.00E+00,-6.10E-02,1,55,20.91%,7257,24.85%
E2F1(E2F)/Hela-E2F1-ChIP-Seq(GSE22478)/Homer,CWGGCGGGAA,1.00E+00,-5.81E-02,1,17,6.46%,2626.6,8.99%
Nur77(NR)/K562-NR4A1-ChIP-Seq(GSE31363)/Homer,TGACCTTTNCNT,1.00E+00,-5.80E-02,1,2,0.76%,508.8,1.74%
Rfx1(HTH)/NPC-H3K4me1-ChIP-Seq(GSE16256)/Homer,KGTTGCCATGGCAA,1.00E+00,-5.55E-02,1,8,3.04%,1429.2,4.89%
TEAD4(TEA)/Tropoblast-Tead4-ChIP-Seq(GSE37350)/Homer,CCWGGAATGY,1.00E+00,-5.32E-02,1,21,7.98%,3164.7,10.84%
Pit1(Homeobox)/GCrat-Pit1-ChIP-Seq(GSE58009)/Homer,ATGMATATDC,1.00E+00,-5.20E-02,1,11,4.18%,1858.1,6.36%
Pit1+1bp(Homeobox)/GCrat-Pit1-ChIP-Seq(GSE58009)/Homer,ATGCATAATTCA,1.00E+00,-4.97E-02,1,2,0.76%,528.8,1.81%
Dlx3(Homeobox)/Kerainocytes-Dlx3-ChIP-Seq(GSE89884)/Homer,NDGTAATTAC,1.00E+00,-4.82E-02,1,7,2.66%,1314.3,4.50%
Nanog(Homeobox)/mES-Nanog-ChIP-Seq(GSE11724)/Homer,RGCCATTAAC,1.00E+00,-4.78E-02,1,115,43.73%,14229.2,48.72%
Otx2(Homeobox)/EpiLC-Otx2-ChIP-Seq(GSE56098)/Homer,NYTAATCCYB,1.00E+00,-4.37E-02,1,12,4.56%,2033,6.96%
TEAD2(TEA)/Py2T-Tead2-ChIP-Seq(GSE55709)/Homer,CCWGGAATGY,1.00E+00,-4.18E-02,1,11,4.18%,1906.7,6.53%
"GFY-Staf(?,Zf)/Promoter/Homer",RACTACAATTCCCAGAAKGC,1.00E+00,-4.12E-02,1,5,1.90%,1046,3.58%
ELF5(ETS)/T47D-ELF5-ChIP-Seq(GSE30407)/Homer,ACVAGGAAGT,1.00E+00,-4.00E-02,1,31,11.79%,4507.8,15.44%
DLX2(Homeobox)/BasalGanglia-Dlx2-ChIP-seq(GSE124936)/Homer,NNNTAATTAS,1.00E+00,-3.67E-02,1,23,8.75%,3523.3,12.06%
Tbx20(T-box)/Heart-Tbx20-ChIP-Seq(GSE29636)/Homer,GGTGYTGACAGS,1.00E+00,-3.32E-02,1,4,1.52%,923,3.16%
HNF6(Homeobox)/Liver-Hnf6-ChIP-Seq(ERP000394)/Homer,NTATYGATCH,1.00E+00,-3.31E-02,1,6,2.28%,1235.3,4.23%
NFkB-p65(RHD)/GM12787-p65-ChIP-Seq(GSE19485)/Homer,WGGGGATTTCCC,1.00E+00,-3.26E-02,1,13,4.94%,2235.4,7.65%
TEAD1(TEAD)/HepG2-TEAD1-ChIP-Seq(Encode)/Homer,CYRCATTCCA,1.00E+00,-3.18E-02,1,22,8.37%,3433.5,11.76%
Stat3(Stat)/mES-Stat3-ChIP-Seq(GSE11431)/Homer,CTTCCGGGAA,1.00E+00,-3.09E-02,1,17,6.46%,2786.3,9.54%
Fli1(ETS)/CD8-FLI-ChIP-Seq(GSE20898)/Homer,NRYTTCCGGH,1.00E+00,-3.00E-02,1,65,24.71%,8701.3,29.80%
Cux2(Homeobox)/Liver-Cux2-ChIP-Seq(GSE35985)/Homer,HNRAATCAAT,1.00E+00,-2.86E-02,1,4,1.52%,946.4,3.24%
DLX5(Homeobox)/BasalGanglia-Dlx5-ChIP-seq(GSE124936)/Homer,SSTAATTA,1.00E+00,-2.80E-02,1,9,3.42%,1708.1,5.85%
Zfp281(Zf)/ES-Zfp281-ChIP-Seq(GSE81042)/Homer,CCCCTCCCCCAC,1.00E+00,-2.73E-02,1,15,5.70%,2548,8.72%
E2F4(E2F)/K562-E2F4-ChIP-Seq(GSE31477)/Homer,GGCGGGAAAH,1.00E+00,-2.68E-02,1,35,13.31%,5126.9,17.56%
ETV1(ETS)/GIST48-ETV1-ChIP-Seq(GSE22441)/Homer,AACCGGAAGT,1.00E+00,-2.45E-02,1,70,26.62%,9362.5,32.06%
"GATA:SCL(Zf,bHLH)/Ter119-SCL-ChIP-Seq(GSE18720)/Homer",CRGCTGBNGNSNNSAGATAA,1.00E+00,-2.28E-02,1,1,0.38%,419.5,1.44%
"PAX3:FKHR-fusion(Paired,Homeobox)/Rh4-PAX3:FKHR-ChIP-Seq(GSE19063)/Homer",ACCRTGACTAATTNN,1.00E+00,-2.16E-02,1,1,0.38%,425.3,1.46%
Chop(bZIP)/MEF-Chop-ChIP-Seq(GSE35681)/Homer,ATTGCATCAT,1.00E+00,-2.04E-02,1,2,0.76%,642.5,2.20%
STAT1(Stat)/HelaS3-STAT1-ChIP-Seq(GSE12782)/Homer,NATTTCCNGGAAAT,1.00E+00,-2.03E-02,1,5,1.90%,1162.4,3.98%
DLX1(Homeobox)/BasalGanglia-Dlx1-ChIP-seq(GSE124936)/Homer,NSNNTAATTA,1.00E+00,-1.98E-02,1,20,7.60%,3293.9,11.28%
PR(NR)/T47D-PR-ChIP-Seq(GSE31130)/Homer,VAGRACAKNCTGTBC,1.00E+00,-1.95E-02,1,55,20.91%,7665.7,26.25%
CRE(bZIP)/Promoter/Homer,CSGTGACGTCAC,1.00E+00,-1.48E-02,1,13,4.94%,2406.9,8.24%
Tcf7(HMG)/GM12878-TCF7-ChIP-Seq(Encode)/Homer,CTTTGATGTGSB,1.00E+00,-1.36E-02,1,3,1.14%,883.7,3.03%
CUX1(Homeobox)/K562-CUX1-ChIP-Seq(GSE92882)/Homer,TATCGATNAN,1.00E+00,-1.19E-02,1,6,2.28%,1409.2,4.83%
NRF1(NRF)/MCF7-NRF1-ChIP-Seq(Unpublished)/Homer,CTGCGCATGCGC,1.00E+00,-1.07E-02,1,17,6.46%,3033.8,10.39%
ZNF341(Zf)/EBV-ZNF341-ChIP-Seq(GSE113194)/Homer,GGAACAGCCG,1.00E+00,-6.93E-03,1,22,8.37%,3810.9,13.05%
Brachyury(T-box)/Mesoendoderm-Brachyury-ChIP-exo(GSE54963)/Homer,ANTTMRCASBNNNGTGYKAAN,1.00E+00,-6.05E-03,1,2,0.76%,794.4,2.72%
Atf4(bZIP)/MEF-Atf4-ChIP-Seq(GSE35681)/Homer,MTGATGCAAT,1.00E+00,-5.58E-03,1,2,0.76%,804.3,2.75%
GABPA(ETS)/Jurkat-GABPa-ChIP-Seq(GSE17954)/Homer,RACCGGAAGT,1.00E+00,-5.23E-03,1,47,17.87%,7090.8,24.28%
ZBTB33(Zf)/GM12878-ZBTB33-ChIP-Seq(GSE32465)/Homer,GGVTCTCGCGAGAAC,1.00E+00,-2.95E-03,1,1,0.38%,642.2,2.20%
STAT4(Stat)/CD4-Stat4-ChIP-Seq(GSE22104)/Homer,NYTTCCWGGAAR,1.00E+00,-2.14E-03,1,18,6.84%,3511.6,12.02%
STAT5(Stat)/mCD4+-Stat5-ChIP-Seq(GSE12346)/Homer,RTTTCTNAGAAA,1.00E+00,-1.76E-03,1,4,1.52%,1350.4,4.62%
ETS(ETS)/Promoter/Homer,AACCGGAAGT,1.00E+00,-1.30E-03,1,21,7.98%,4034.8,13.82%
Elk1(ETS)/Hela-Elk1-ChIP-Seq(GSE31477)/Homer,HACTTCCGGY,1.00E+00,-7.70E-04,1,36,13.69%,6171.2,21.13%
ELF1(ETS)/Jurkat-ELF1-ChIP-Seq(SRA014231)/Homer,AVCCGGAAGT,1.00E+00,-7.24E-04,1,33,12.55%,5790.4,19.83%
NRF(NRF)/Promoter/Homer,STGCGCATGCGC,1.00E+00,-5.80E-04,1,14,5.32%,3170.3,10.86%
YY1(Zf)/Promoter/Homer,CAAGATGGCGGC,1.00E+00,-4.59E-04,1,1,0.38%,844.8,2.89%
ETV4(ETS)/HepG2-ETV4-ChIP-Seq(ENCODE)/Homer,ACCGGAAGTG,1.00E+00,-2.77E-04,1,56,21.29%,8950.8,30.65%
Elk4(ETS)/Hela-Elk4-ChIP-Seq(GSE31477)/Homer,NRYTTCCGGY,1.00E+00,-6.30E-05,1,32,12.17%,6158.3,21.09%
ZNF41(Zf)/HEK293-ZNF41.GFP-ChIP-Seq(GSE58341)/Homer,CCTCATGGTGYCYTWYTCCCTTGTG,1.00E+00,0.00E+00,1,0,0.00%,88.2,0.30%
"OCT:OCT(POU,Homeobox)/NPC-Brn1-ChIP-Seq(GSE35496)/Homer",ATGAATATTCATGAG,1.00E+00,0.00E+00,1,0,0.00%,25.9,0.09%
CTCF-SatelliteElement(Zf?)/CD4+-CTCF-ChIP-Seq(Barski_et_al.)/Homer,TGCAGTTCCMVNWRTGGCCA,1.00E+00,0.00E+00,1,0,0.00%,61.3,0.21%
ZKSCAN1(Zf)/HepG2-ZKSCAN1-ChIP-Seq(Encode)/Homer,GCACAYAGTAGGKCY,1.00E+00,0.00E+00,1,0,0.00%,108.3,0.37%
Bach1(bZIP)/K562-Bach1-ChIP-Seq(GSE31477)/Homer,AWWNTGCTGAGTCAT,1.00E+00,0.00E+00,1,0,0.00%,167.3,0.57%
"GATA3(Zf),DR8/iTreg-Gata3-ChIP-Seq(GSE20898)/Homer",AGATSTNDNNDSAGATAASN,1.00E+00,0.00E+00,1,0,0.00%,121.6,0.42%
RARg(NR)/ES-RARg-ChIP-Seq(GSE30538)/Homer,AGGTCAAGGTCA,1.00E+00,0.00E+00,1,0,0.00%,121.3,0.42%
ZFP3(Zf)/HEK293-ZFP3.GFP-ChIP-Seq(GSE58341)/Homer,GGGTTTTGAAGGATGARTAGGAGTT,1.00E+00,0.00E+00,1,0,0.00%,1.1,0.00%
"GATA(Zf),IR4/iTreg-Gata3-ChIP-Seq(GSE20898)/Homer",NAGATWNBNATCTNN,1.00E+00,0.00E+00,1,0,0.00%,136.1,0.47%
TCFL2(HMG)/K562-TCF7L2-ChIP-Seq(GSE29196)/Homer,ACWTCAAAGG,1.00E+00,0.00E+00,1,0,0.00%,239.3,0.82%
ZNF16(Zf)/HEK293-ZNF16.GFP-ChIP-Seq(GSE58341)/Homer,MACCTTCYATGGCTCCCTAKTGCCY,1.00E+00,0.00E+00,1,0,0.00%,37.1,0.13%
ZNF768(Zf)/Rajj-ZNF768-ChIP-Seq(GSE111879)/Homer,RHHCAGAGAGGB,1.00E+00,0.00E+00,1,0,0.00%,178.8,0.61%
T1ISRE(IRF)/ThioMac-Ifnb-Expression/Homer,ACTTTCGTTTCT,1.00E+00,0.00E+00,1,0,0.00%,49.7,0.17%
DUX4(Homeobox)/Myoblasts-DUX4.V5-ChIP-Seq(GSE75791)/Homer,NWTAAYCYAATCAWN,1.00E+00,0.00E+00,1,0,0.00%,71.5,0.24%
EBNA1(EBV-virus)/Raji-EBNA1-ChIP-Seq(GSE30709)/Homer,GGYAGCAYDTGCTDCCCNNN,1.00E+00,0.00E+00,1,0,0.00%,72,0.25%
NF-E2(bZIP)/K562-NFE2-ChIP-Seq(GSE31477)/Homer,GATGACTCAGCA,1.00E+00,0.00E+00,1,0,0.00%,184.1,0.63%
"OCT:OCT(POU,Homeobox,IR1)/NPC-Brn2-ChIP-Seq(GSE35496)/Homer",ATGAATWATTCATGA,1.00E+00,0.00E+00,1,0,0.00%,42.7,0.15%
DUX(Homeobox)/C2C12-Dux-ChIP-Seq(GSE87279)/Homer,BCWGATTCAATCAAN,1.00E+00,0.00E+00,1,0,0.00%,9.6,0.03%
p73(p53)/Trachea-p73-ChIP-Seq(PRJNA310161)/Homer,NRRRCAWGTCCDGRCATGYY,1.00E+00,0.00E+00,1,0,0.00%,164.2,0.56%
Nrf2(bZIP)/Lymphoblast-Nrf2-ChIP-Seq(GSE37589)/Homer,HTGCTGAGTCAT,1.00E+00,0.00E+00,1,0,0.00%,144.2,0.49%
"Pax7(Paired,Homeobox),longest/Myoblast-Pax7-ChIP-Seq(GSE25064)/Homer",NTAATTDGCYAATTANNWWD,1.00E+00,0.00E+00,1,0,0.00%,21.8,0.07%
ZNF528(Zf)/HEK293-ZNF528.GFP-ChIP-Seq(GSE58341)/Homer,AGAAATGACTTCCCT,1.00E+00,0.00E+00,1,0,0.00%,21.9,0.08%
ISRE(IRF)/ThioMac-LPS-Expression(GSE23622)/Homer,AGTTTCASTTTC,1.00E+00,0.00E+00,1,0,0.00%,284.8,0.98%
Mouse_Recombination_Hotspot(Zf)/Testis-DMC1-ChIP-Seq(GSE24438)/Homer,ACTYKNATTCGTGNTACTTC,1.00E+00,0.00E+00,1,0,0.00%,137.6,0.47%
GFX(?)/Promoter/Homer,ATTCTCGCGAGA,1.00E+00,0.00E+00,1,0,0.00%,347.3,1.19%