Motif Name,Consensus,P-value,Log P-value,q-value (Benjamini),# of Target Sequences with Motif(of 266),% of Target Sequences with Motif,# of Background Sequences with Motif(of 28832),% of Background Sequences with Motif
PU.1(ETS)/ThioMac-PU.1-ChIP-Seq(GSE21512)/Homer,AGAGGAAGTG,1.00E-02,-5.17E+00,1,37,13.91%,2594.9,9.00%
RUNX(Runt)/HPC7-Runx1-ChIP-Seq(GSE22178)/Homer,SAAACCACAG,1.00E-02,-4.78E+00,1,36,13.53%,2571.9,8.92%
MITF(bHLH)/MastCells-MITF-ChIP-Seq(GSE48085)/Homer,RTCATGTGAC,1.00E-02,-4.68E+00,1,54,20.30%,4260.4,14.77%
Usf2(bHLH)/C2C12-Usf2-ChIP-Seq(GSE36030)/Homer,GTCACGTGGT,1.00E-01,-4.58E+00,1,28,10.53%,1897.5,6.58%
HIF-1b(HLH)/T47D-HIF1b-ChIP-Seq(GSE59937)/Homer,RTACGTGC,1.00E-01,-4.35E+00,1,72,27.07%,6095.5,21.13%
Hoxa10(Homeobox)/ChickenMSG-Hoxa10.Flag-ChIP-Seq(GSE86088)/Homer,GGYAATGAAA,1.00E-01,-4.12E+00,1,19,7.14%,1194,4.14%
Sp1(Zf)/Promoter/Homer,GGCCCCGCCCCC,1.00E-01,-4.09E+00,1,97,36.47%,8704.9,30.18%
RUNX-AML(Runt)/CD4+-PolII-ChIP-Seq(Barski_et_al.)/Homer,GCTGTGGTTW,1.00E-01,-3.58E+00,1,31,11.65%,2340.6,8.12%
RUNX1(Runt)/Jurkat-RUNX1-ChIP-Seq(GSE29180)/Homer,AAACCACARM,1.00E-01,-3.57E+00,1,42,15.79%,3374.1,11.70%
Twist2(bHLH)/Myoblast-Twist2.Ty1-ChIP-Seq(GSE127998)/Homer,MCAGCTGBYH,1.00E-01,-3.53E+00,1,79,29.70%,7046.8,24.43%
Ptf1a(bHLH)/Panc1-Ptf1a-ChIP-Seq(GSE47459)/Homer,ACAGCTGTTN,1.00E-01,-3.43E+00,1,124,46.62%,11771.4,40.81%
Ets1-distal(ETS)/CD4+-PolII-ChIP-Seq(Barski_et_al.)/Homer,MACAGGAAGT,1.00E-01,-3.27E+00,1,21,7.89%,1491.2,5.17%
E-box(bHLH)/Promoter/Homer,SSGGTCACGTGA,1.00E-01,-3.26E+00,1,15,5.64%,971.3,3.37%
KLF3(Zf)/MEF-Klf3-ChIP-Seq(GSE44748)/Homer,NRGCCCCRCCCHBNN,1.00E-01,-3.25E+00,1,102,38.35%,9519.4,33.01%
ZNF669(Zf)/HEK293-ZNF669.GFP-ChIP-Seq(GSE58341)/Homer,GARTGGTCATCGCCC,1.00E-01,-3.23E+00,1,8,3.01%,412,1.43%
Tcf21(bHLH)/ArterySmoothMuscle-Tcf21-ChIP-Seq(GSE61369)/Homer,NAACAGCTGG,1.00E-01,-3.06E+00,1,53,19.92%,4583.5,15.89%
Tcfcp2l1(CP2)/mES-Tcfcp2l1-ChIP-Seq(GSE11431)/Homer,NRAACCRGTTYRAACCRGYT,1.00E-01,-2.91E+00,1,12,4.51%,764.9,2.65%
"Oct6(POU,Homeobox)/NPC-Pou3f1-ChIP-Seq(GSE35496)/Homer",WATGCAAATGAG,1.00E-01,-2.89E+00,1,14,5.26%,937.3,3.25%
Tbx21(T-box)/GM12878-TBX21-ChIP-Seq(Encode)/Homer,AGGTGTGAAA,1.00E-01,-2.87E+00,1,34,12.78%,2781.9,9.65%
Atoh1(bHLH)/Cerebellum-Atoh1-ChIP-Seq(GSE22111)/Homer,VNRVCAGCTGGY,1.00E-01,-2.84E+00,1,54,20.30%,4750.8,16.47%
EWS:ERG-fusion(ETS)/CADO_ES1-EWS:ERG-ChIP-Seq(SRA014231)/Homer,ATTTCCTGTN,1.00E-01,-2.82E+00,1,34,12.78%,2793.8,9.69%
PRDM9(Zf)/Testis-DMC1-ChIP-Seq(GSE35498)/Homer,ADGGYAGYAGCATCT,1.00E-01,-2.76E+00,1,23,8.65%,1769.1,6.13%
ZBTB18(Zf)/HEK293-ZBTB18.GFP-ChIP-Seq(GSE58341)/Homer,AACATCTGGA,1.00E-01,-2.75E+00,1,25,9.40%,1957.6,6.79%
bHLHE40(bHLH)/HepG2-BHLHE40-ChIP-Seq(GSE31477)/Homer,KCACGTGMCN,1.00E-01,-2.72E+00,1,27,10.15%,2150.6,7.46%
Atf3(bZIP)/GBM-ATF3-ChIP-Seq(GSE33912)/Homer,DATGASTCATHN,1.00E-01,-2.71E+00,1,22,8.27%,1685.8,5.84%
"FOXA1:AR(Forkhead,NR)/LNCAP-AR-ChIP-Seq(GSE27824)/Homer",AGTAAACAAAAAAGAACAND,1.00E-01,-2.70E+00,1,3,1.13%,99.8,0.35%
Gata4(Zf)/Heart-Gata4-ChIP-Seq(GSE35151)/Homer,NBWGATAAGR,1.00E-01,-2.70E+00,1,29,10.90%,2345.9,8.13%
"HNF4a(NR),DR1/HepG2-HNF4a-ChIP-Seq(GSE25021)/Homer",CARRGKBCAAAGTYCA,1.00E-01,-2.69E+00,1,24,9.02%,1876.7,6.51%
Gata2(Zf)/K562-GATA2-ChIP-Seq(GSE18829)/Homer,BBCTTATCTS,1.00E-01,-2.68E+00,1,20,7.52%,1508.6,5.23%
PRDM14(Zf)/H1-PRDM14-ChIP-Seq(GSE22767)/Homer,RGGTCTCTAACY,1.00E-01,-2.66E+00,1,17,6.39%,1238.9,4.30%
USF1(bHLH)/GM12878-Usf1-ChIP-Seq(GSE32465)/Homer,SGTCACGTGR,1.00E-01,-2.66E+00,1,34,12.78%,2834.3,9.83%
HEB(bHLH)/mES-Heb-ChIP-Seq(GSE53233)/Homer,VCAGCTGBNN,1.00E-01,-2.63E+00,1,99,37.22%,9454.7,32.78%
KLF1(Zf)/HUDEP2-KLF1-CutnRun(GSE136251)/Homer,VDGGGYGGGGCY,1.00E-01,-2.62E+00,1,141,53.01%,13940,48.33%
Gata6(Zf)/HUG1N-GATA6-ChIP-Seq(GSE51936)/Homer,YCTTATCTBN,1.00E-01,-2.57E+00,1,25,9.40%,1996.6,6.92%
FOXK2(Forkhead)/U2OS-FOXK2-ChIP-Seq(E-MTAB-2204)/Homer,SCHTGTTTACAT,1.00E-01,-2.57E+00,1,20,7.52%,1530.7,5.31%
NeuroG2(bHLH)/Fibroblast-NeuroG2-ChIP-Seq(GSE75910)/Homer,ACCATCTGTT,1.00E-01,-2.55E+00,1,63,23.68%,5758.9,19.97%
GATA3(Zf)/iTreg-Gata3-ChIP-Seq(GSE20898)/Homer,AGATAASR,1.00E-01,-2.54E+00,1,39,14.66%,3357.9,11.64%
Klf9(Zf)/GBM-Klf9-ChIP-Seq(GSE62211)/Homer,GCCACRCCCACY,1.00E-01,-2.51E+00,1,78,29.32%,7313.5,25.36%
NPAS2(bHLH)/Liver-NPAS2-ChIP-Seq(GSE39860)/Homer,KCCACGTGAC,1.00E-01,-2.50E+00,1,51,19.17%,4561.5,15.82%
RUNX2(Runt)/PCa-RUNX2-ChIP-Seq(GSE33889)/Homer,NWAACCACADNN,1.00E-01,-2.50E+00,1,32,12.03%,2685.3,9.31%
Max(bHLH)/K562-Max-ChIP-Seq(GSE31477)/Homer,RCCACGTGGYYN,1.00E-01,-2.48E+00,1,36,13.53%,3079.1,10.68%
"PPARE(NR),DR1/3T3L1-Pparg-ChIP-Seq(GSE13511)/Homer",TGACCTTTGCCCCA,1.00E-01,-2.44E+00,1,46,17.29%,4080.8,14.15%
Gata1(Zf)/K562-GATA1-ChIP-Seq(GSE18829)/Homer,SAGATAAGRV,1.00E-01,-2.41E+00,1,18,6.77%,1376.8,4.77%
KLF14(Zf)/HEK293-KLF14.GFP-ChIP-Seq(GSE58341)/Homer,RGKGGGCGKGGC,1.00E-01,-2.36E+00,1,184,69.17%,18789.3,65.15%
NFY(CCAAT)/Promoter/Homer,RGCCAATSRG,1.00E-01,-2.35E+00,1,68,25.56%,6349.8,22.02%
Olig2(bHLH)/Neuron-Olig2-ChIP-Seq(GSE30882)/Homer,RCCATMTGTT,1.00E-01,-2.31E+00,1,71,26.69%,6673.4,23.14%
ZNF692(Zf)/HEK293-ZNF692.GFP-ChIP-Seq(GSE58341)/Homer,GTGGGCCCCA,1.00E+00,-2.30E+00,1,13,4.89%,942.8,3.27%
Nr5a2(NR)/Pancreas-LRH1-ChIP-Seq(GSE34295)/Homer,BTCAAGGTCA,1.00E+00,-2.28E+00,1,31,11.65%,2646.4,9.18%
"OCT4-SOX2-TCF-NANOG(POU,Homeobox,HMG)/mES-Oct4-ChIP-Seq(GSE11431)/Homer",ATTTGCATAACAATG,1.00E+00,-2.23E+00,1,5,1.88%,269.7,0.94%
BORIS(Zf)/K562-CTCFL-ChIP-Seq(GSE32465)/Homer,CNNBRGCGCCCCCTGSTGGC,1.00E+00,-2.21E+00,1,27,10.15%,2276.3,7.89%
AP-1(bZIP)/ThioMac-PU.1-ChIP-Seq(GSE21512)/Homer,VTGACTCATC,1.00E+00,-2.21E+00,1,24,9.02%,1987,6.89%
TRPS1(Zf)/MCF7-TRPS1-ChIP-Seq(GSE107013)/Homer,AGATAAGANN,1.00E+00,-2.20E+00,1,48,18.05%,4366.8,15.14%
PBX1(Homeobox)/MCF7-PBX1-ChIP-Seq(GSE28007)/Homer,GSCTGTCACTCA,1.00E+00,-2.20E+00,1,8,3.01%,518,1.80%
Tcf12(bHLH)/GM12878-Tcf12-ChIP-Seq(GSE32465)/Homer,VCAGCTGYTG,1.00E+00,-2.19E+00,1,57,21.43%,5284.1,18.32%
Srebp2(bHLH)/HepG2-Srebp2-ChIP-Seq(GSE31477)/Homer,CGGTCACSCCAC,1.00E+00,-2.13E+00,1,9,3.38%,614.3,2.13%
ZEB2(Zf)/SNU398-ZEB2-ChIP-Seq(GSE103048)/Homer,GNMCAGGTGTGC,1.00E+00,-2.12E+00,1,50,18.80%,4598,15.94%
E2A(bHLH)/proBcell-E2A-ChIP-Seq(GSE21978)/Homer,DNRCAGCTGY,1.00E+00,-2.10E+00,1,79,29.70%,7596.1,26.34%
MNT(bHLH)/HepG2-MNT-ChIP-Seq(Encode)/Homer,DGCACACGTG,1.00E+00,-2.10E+00,1,43,16.17%,3897.4,13.51%
HINFP(Zf)/K562-HINFP.eGFP-ChIP-Seq(Encode)/Homer,TWVGGTCCGC,1.00E+00,-2.10E+00,1,39,14.66%,3496,12.12%
Bapx1(Homeobox)/VertebralCol-Bapx1-ChIP-Seq(GSE36672)/Homer,TTRAGTGSYK,1.00E+00,-2.09E+00,1,80,30.08%,7706.5,26.72%
Ascl1(bHLH)/NeuralTubes-Ascl1-ChIP-Seq(GSE55840)/Homer,NNVVCAGCTGBN,1.00E+00,-2.06E+00,1,81,30.45%,7824.3,27.13%
BHLHA15(bHLH)/NIH3T3-BHLHB8.HA-ChIP-Seq(GSE119782)/Homer,NAMCAGCTGK,1.00E+00,-2.06E+00,1,60,22.56%,5644.4,19.57%
Foxh1(Forkhead)/hESC-FOXH1-ChIP-Seq(GSE29422)/Homer,NNTGTGGATTSS,1.00E+00,-2.03E+00,1,18,6.77%,1457.4,5.05%
TFE3(bHLH)/MEF-TFE3-ChIP-Seq(GSE75757)/Homer,GTCACGTGACYV,1.00E+00,-2.02E+00,1,11,4.14%,808.7,2.80%
Hoxd12(Homeobox)/ChickenMSG-Hoxd12.Flag-ChIP-Seq(GSE86088)/Homer,HDGYAATGAAAN,1.00E+00,-2.02E+00,1,42,15.79%,3825.1,13.26%
Myf5(bHLH)/GM-Myf5-ChIP-Seq(GSE24852)/Homer,BAACAGCTGT,1.00E+00,-2.02E+00,1,38,14.29%,3423.5,11.87%
CArG(MADS)/PUER-Srf-ChIP-Seq(Sullivan_et_al.)/Homer,CCATATATGGNM,1.00E+00,-2.01E+00,1,14,5.26%,1085.2,3.76%
Pitx1(Homeobox)/Chicken-Pitx1-ChIP-Seq(GSE38910)/Homer,TAATCCCN,1.00E+00,-2.01E+00,1,124,46.62%,12414.8,43.04%
p53(p53)/mES-cMyc-ChIP-Seq(GSE11431)/Homer,ACATGCCCGGGCAT,1.00E+00,-2.01E+00,1,2,0.75%,68.9,0.24%
THRb(NR)/Liver-NR1A2-ChIP-Seq(GSE52613)/Homer,TRAGGTCA,1.00E+00,-1.97E+00,1,146,54.89%,14812.8,51.36%
TCF4(bHLH)/SHSY5Y-TCF4-ChIP-Seq(GSE96915)/Homer,SMCATCTGKH,1.00E+00,-1.97E+00,1,61,22.93%,5787.9,20.07%
Zic(Zf)/Cerebellum-ZIC1.2-ChIP-Seq(GSE60731)/Homer,CCTGCTGAGH,1.00E+00,-1.96E+00,1,51,19.17%,4763.3,16.52%
COUP-TFII(NR)/Artia-Nr2f2-ChIP-Seq(GSE46497)/Homer,AGRGGTCA,1.00E+00,-1.96E+00,1,72,27.07%,6935.2,24.05%
Cdx2(Homeobox)/mES-Cdx2-ChIP-Seq(GSE14586)/Homer,GYMATAAAAH,1.00E+00,-1.94E+00,1,15,5.64%,1193.6,4.14%
Pbx3(Homeobox)/GM12878-PBX3-ChIP-Seq(GSE32465)/Homer,SCTGTCAMTCAN,1.00E+00,-1.94E+00,1,16,6.02%,1288.5,4.47%
IRF4(IRF)/GM12878-IRF4-ChIP-Seq(GSE32465)/Homer,ACTGAAACCA,1.00E+00,-1.94E+00,1,16,6.02%,1289.6,4.47%
Fos(bZIP)/TSC-Fos-ChIP-Seq(GSE110950)/Homer,NDATGASTCAYN,1.00E+00,-1.92E+00,1,18,6.77%,1485,5.15%
ZNF189(Zf)/HEK293-ZNF189.GFP-ChIP-Seq(GSE58341)/Homer,TGGAACAGMA,1.00E+00,-1.90E+00,1,37,13.91%,3364.2,11.66%
MYNN(Zf)/HEK293-MYNN.eGFP-ChIP-Seq(Encode)/Homer,TTCAAAWTAAAAGTC,1.00E+00,-1.89E+00,1,7,2.63%,472.1,1.64%
ZNF528(Zf)/HEK293-ZNF528.GFP-ChIP-Seq(GSE58341)/Homer,AGAAATGACTTCCCT,1.00E+00,-1.88E+00,1,1,0.38%,17.8,0.06%
Npas4(bHLH)/Neuron-Npas4-ChIP-Seq(GSE127793)/Homer,NHRTCACGACDN,1.00E+00,-1.86E+00,1,44,16.54%,4090.7,14.18%
Tbx20(T-box)/Heart-Tbx20-ChIP-Seq(GSE29636)/Homer,GGTGYTGACAGS,1.00E+00,-1.85E+00,1,11,4.14%,839.6,2.91%
FoxL2(Forkhead)/Ovary-FoxL2-ChIP-Seq(GSE60858)/Homer,WWTRTAAACAVG,1.00E+00,-1.85E+00,1,19,7.14%,1598.2,5.54%
Hoxa11(Homeobox)/ChickenMSG-Hoxa11.Flag-ChIP-Seq(GSE86088)/Homer,TTTTATGGCM,1.00E+00,-1.84E+00,1,60,22.56%,5740.9,19.91%
"PPARa(NR),DR1/Liver-Ppara-ChIP-Seq(GSE47954)/Homer",VNAGGKCAAAGGTCA,1.00E+00,-1.84E+00,1,46,17.29%,4299.4,14.91%
Fra2(bZIP)/Striatum-Fra2-ChIP-Seq(GSE43429)/Homer,GGATGACTCATC,1.00E+00,-1.83E+00,1,16,6.02%,1313.2,4.55%
PRDM15(Zf)/ESC-Prdm15-ChIP-Seq(GSE73694)/Homer,YCCDNTCCAGGTTTT,1.00E+00,-1.83E+00,1,47,17.67%,4407.8,15.28%
JunB(bZIP)/DendriticCells-Junb-ChIP-Seq(GSE36099)/Homer,RATGASTCAT,1.00E+00,-1.83E+00,1,18,6.77%,1506.6,5.22%
MafA(bZIP)/Islet-MafA-ChIP-Seq(GSE30298)/Homer,TGCTGACTCA,1.00E+00,-1.80E+00,1,36,13.53%,3299.6,11.44%
Mef2a(MADS)/HL1-Mef2a.biotin-ChIP-Seq(GSE21529)/Homer,CYAAAAATAG,1.00E+00,-1.80E+00,1,12,4.51%,941.9,3.27%
"RXR(NR),DR1/3T3L1-RXR-ChIP-Seq(GSE13511)/Homer",TAGGGCAAAGGTCA,1.00E+00,-1.79E+00,1,54,20.30%,5146.7,17.84%
Mef2b(MADS)/HEK293-Mef2b.V5-ChIP-Seq(GSE67450)/Homer,GCTATTTTTGGM,1.00E+00,-1.78E+00,1,22,8.27%,1909.6,6.62%
p63(p53)/Keratinocyte-p63-ChIP-Seq(GSE17611)/Homer,NNDRCATGYCYNRRCATGYH,1.00E+00,-1.77E+00,1,17,6.39%,1423.1,4.93%
KLF10(Zf)/HEK293-KLF10.GFP-ChIP-Seq(GSE58341)/Homer,GGGGGTGTGTCC,1.00E+00,-1.73E+00,1,62,23.31%,6003,20.81%
CLOCK(bHLH)/Liver-Clock-ChIP-Seq(GSE39860)/Homer,GHCACGTG,1.00E+00,-1.71E+00,1,34,12.78%,3129.7,10.85%
RARa(NR)/K562-RARa-ChIP-Seq(Encode)/Homer,TTGAMCTTTG,1.00E+00,-1.70E+00,1,98,36.84%,9808.5,34.01%
BMAL1(bHLH)/Liver-Bmal1-ChIP-Seq(GSE39860)/Homer,GNCACGTG,1.00E+00,-1.70E+00,1,68,25.56%,6642.4,23.03%
c-Myc(bHLH)/LNCAP-cMyc-ChIP-Seq(Unpublished)/Homer,VCCACGTG,1.00E+00,-1.68E+00,1,39,14.66%,3652.4,12.66%
ZNF136(Zf)/HEK293-ZNF136.GFP-ChIP-Seq(GSE58341)/Homer,YTKGATAHAGTATTCTWGGTNGGCA,1.00E+00,-1.65E+00,1,3,1.13%,162.7,0.56%
EBF(EBF)/proBcell-EBF-ChIP-Seq(GSE21978)/Homer,DGTCCCYRGGGA,1.00E+00,-1.65E+00,1,14,5.26%,1164.3,4.04%
Egr1(Zf)/K562-Egr1-ChIP-Seq(GSE32465)/Homer,TGCGTGGGYG,1.00E+00,-1.64E+00,1,70,26.32%,6884.1,23.87%
Egr2(Zf)/Thymocytes-Egr2-ChIP-Seq(GSE34254)/Homer,NGCGTGGGCGGR,1.00E+00,-1.64E+00,1,27,10.15%,2451.2,8.50%
"RBPJ:Ebox(?,bHLH)/Panc1-Rbpj1-ChIP-Seq(GSE47459)/Homer",GGGRAARRGRMCAGMTG,1.00E+00,-1.59E+00,1,16,6.02%,1372.9,4.76%
ZEB1(Zf)/PDAC-ZEB1-ChIP-Seq(GSE64557)/Homer,VCAGGTRDRY,1.00E+00,-1.58E+00,1,75,28.20%,7441.7,25.80%
"PAX5(Paired,Homeobox)/GM12878-PAX5-ChIP-Seq(GSE32465)/Homer",GCAGCCAAGCRTGACH,1.00E+00,-1.56E+00,1,23,8.65%,2075.6,7.20%
TATA-Box(TBP)/Promoter/Homer,CCTTTTAWAGSC,1.00E+00,-1.56E+00,1,49,18.42%,4733,16.41%
KLF5(Zf)/LoVo-KLF5-ChIP-Seq(GSE49402)/Homer,DGGGYGKGGC,1.00E+00,-1.55E+00,1,152,57.14%,15716.5,54.49%
Sp2(Zf)/HEK293-Sp2.eGFP-ChIP-Seq(Encode)/Homer,YGGCCCCGCCCC,1.00E+00,-1.53E+00,1,173,65.04%,18029.5,62.51%
Tbr1(T-box)/Cortex-Tbr1-ChIP-Seq(GSE71384)/Homer,AAGGTGTKAA,1.00E+00,-1.52E+00,1,40,15.04%,3821.6,13.25%
COUP-TFII(NR)/K562-NR2F1-ChIP-Seq(Encode)/Homer,GKBCARAGGTCA,1.00E+00,-1.52E+00,1,58,21.80%,5692.7,19.74%
E2F6(E2F)/Hela-E2F6-ChIP-Seq(GSE31477)/Homer,GGCGGGAARN,1.00E+00,-1.52E+00,1,58,21.80%,5692.4,19.74%
SPDEF(ETS)/VCaP-SPDEF-ChIP-Seq(SRA014231)/Homer,ASWTCCTGBT,1.00E+00,-1.50E+00,1,57,21.43%,5594.8,19.40%
SpiB(ETS)/OCILY3-SPIB-ChIP-Seq(GSE56857)/Homer,AAAGRGGAAGTG,1.00E+00,-1.49E+00,1,14,5.26%,1202.6,4.17%
Hoxd11(Homeobox)/ChickenMSG-Hoxd11.Flag-ChIP-Seq(GSE86088)/Homer,VGCCATAAAA,1.00E+00,-1.47E+00,1,62,23.31%,6133.4,21.27%
GLIS3(Zf)/Thyroid-Glis3.GFP-ChIP-Seq(GSE103297)/Homer,CTCCCTGGGAGGCCN,1.00E+00,-1.47E+00,1,100,37.59%,10166.9,35.25%
CHR(?)/Hela-CellCycle-Expression/Homer,SRGTTTCAAA,1.00E+00,-1.46E+00,1,16,6.02%,1407.1,4.88%
Slug(Zf)/Mesoderm-Snai2-ChIP-Seq(GSE61475)/Homer,SNGCACCTGCHS,1.00E+00,-1.45E+00,1,31,11.65%,2924.4,10.14%
BATF(bZIP)/Th17-BATF-ChIP-Seq(GSE39756)/Homer,DATGASTCAT,1.00E+00,-1.44E+00,1,19,7.14%,1712.2,5.94%
ZNF652/HepG2-ZNF652.Flag-ChIP-Seq(Encode)/Homer,TTAACCCTTTVNKKN,1.00E+00,-1.43E+00,1,9,3.38%,734,2.54%
STAT6(Stat)/CD4-Stat6-ChIP-Seq(GSE22104)/Homer,ABTTCYYRRGAA,1.00E+00,-1.43E+00,1,16,6.02%,1418.7,4.92%
MyoD(bHLH)/Myotube-MyoD-ChIP-Seq(GSE21614)/Homer,RRCAGCTGYTSY,1.00E+00,-1.42E+00,1,43,16.17%,4174.6,14.47%
ELF3(ETS)/PDAC-ELF3-ChIP-Seq(GSE64557)/Homer,ANCAGGAAGT,1.00E+00,-1.42E+00,1,39,14.66%,3760.4,13.04%
Klf4(Zf)/mES-Klf4-ChIP-Seq(GSE11431)/Homer,GCCACACCCA,1.00E+00,-1.41E+00,1,57,21.43%,5642,19.56%
Maz(Zf)/HepG2-Maz-ChIP-Seq(GSE31477)/Homer,GGGGGGGG,1.00E+00,-1.40E+00,1,147,55.26%,15277.9,52.97%
EAR2(NR)/K562-NR2F6-ChIP-Seq(Encode)/Homer,NRBCARRGGTCA,1.00E+00,-1.40E+00,1,53,19.92%,5230.8,18.14%
Tgif2(Homeobox)/mES-Tgif2-ChIP-Seq(GSE55404)/Homer,TGTCANYT,1.00E+00,-1.39E+00,1,108,40.60%,11075.8,38.40%
Tbx5(T-box)/HL1-Tbx5.biotin-ChIP-Seq(GSE21529)/Homer,AGGTGTCA,1.00E+00,-1.38E+00,1,122,45.86%,12583.1,43.63%
Unknown-ESC-element(?)/mES-Nanog-ChIP-Seq(GSE11724)/Homer,CACAGCAGGGGG,1.00E+00,-1.37E+00,1,32,12.03%,3060.6,10.61%
Otx2(Homeobox)/EpiLC-Otx2-ChIP-Seq(GSE56098)/Homer,NYTAATCCYB,1.00E+00,-1.35E+00,1,20,7.52%,1843.6,6.39%
SCL(bHLH)/HPC7-Scl-ChIP-Seq(GSE13511)/Homer,AVCAGCTG,1.00E+00,-1.33E+00,1,172,64.66%,18052.3,62.59%
MyoG(bHLH)/C2C12-MyoG-ChIP-Seq(GSE36024)/Homer,AACAGCTG,1.00E+00,-1.32E+00,1,54,20.30%,5378.6,18.65%
"NFAT:AP1(RHD,bZIP)/Jurkat-NFATC1-ChIP-Seq(Jolma_et_al.)/Homer",SARTGGAAAAWRTGAGTCAB,1.00E+00,-1.31E+00,1,5,1.88%,376.6,1.31%
TEAD1(TEAD)/HepG2-TEAD1-ChIP-Seq(Encode)/Homer,CYRCATTCCA,1.00E+00,-1.31E+00,1,32,12.03%,3088.3,10.71%
Erra(NR)/HepG2-Erra-ChIP-Seq(GSE31477)/Homer,CAAAGGTCAG,1.00E+00,-1.30E+00,1,89,33.46%,9103.8,31.56%
IRF:BATF(IRF:bZIP)/pDC-Irf8-ChIP-Seq(GSE66899)/Homer,CTTTCANTATGACTV,1.00E+00,-1.29E+00,1,3,1.13%,197,0.68%
HIF2a(bHLH)/785_O-HIF2a-ChIP-Seq(GSE34871)/Homer,GCACGTACCC,1.00E+00,-1.26E+00,1,19,7.14%,1773,6.15%
ZFX(Zf)/mES-Zfx-ChIP-Seq(GSE11431)/Homer,AGGCCTRG,1.00E+00,-1.25E+00,1,68,25.56%,6896.2,23.91%
"E2A(bHLH),near_PU.1/Bcell-PU.1-ChIP-Seq(GSE21512)/Homer",NVCACCTGBN,1.00E+00,-1.24E+00,1,65,24.44%,6587.8,22.84%
n-Myc(bHLH)/mES-nMyc-ChIP-Seq(GSE11431)/Homer,VRCCACGTGG,1.00E+00,-1.24E+00,1,38,14.29%,3745.9,12.99%
Srebp1a(bHLH)/HepG2-Srebp1a-ChIP-Seq(GSE31477)/Homer,RTCACSCCAY,1.00E+00,-1.23E+00,1,9,3.38%,777.3,2.70%
ZKSCAN1(Zf)/HepG2-ZKSCAN1-ChIP-Seq(Encode)/Homer,GCACAYAGTAGGKCY,1.00E+00,-1.23E+00,1,2,0.75%,116.7,0.40%
Foxo3(Forkhead)/U2OS-Foxo3-ChIP-Seq(E-MTAB-2701)/Homer,DGTAAACA,1.00E+00,-1.23E+00,1,18,6.77%,1682.7,5.83%
Ascl2(bHLH)/ESC-Ascl2-ChIP-Seq(GSE97712)/Homer,SSRGCAGCTGCH,1.00E+00,-1.20E+00,1,61,22.93%,6190.9,21.47%
Zac1(Zf)/Neuro2A-Plagl1-ChIP-Seq(GSE75942)/Homer,HAWGRGGCCM,1.00E+00,-1.17E+00,1,130,48.87%,13599.5,47.15%
Twist(bHLH)/HMLE-TWIST1-ChIP-Seq(Chang_et_al)/Homer,VCAKCTGGNNNCCAGMTGBN,1.00E+00,-1.14E+00,1,6,2.26%,501.1,1.74%
EHF(ETS)/LoVo-EHF-ChIP-Seq(GSE49402)/Homer,AVCAGGAAGT,1.00E+00,-1.12E+00,1,68,25.56%,6986.3,24.22%
PSE(SNAPc)/K562-mStart-Seq/Homer,WAVTCACCMTAASYDAAAAG,1.00E+00,-1.12E+00,1,12,4.51%,1108.8,3.84%
Ap4(bHLH)/AML-Tfap4-ChIP-Seq(GSE45738)/Homer,NAHCAGCTGD,1.00E+00,-1.11E+00,1,56,21.05%,5716.8,19.82%
Eomes(T-box)/H9-Eomes-ChIP-Seq(GSE26097)/Homer,ATTAACACCT,1.00E+00,-1.09E+00,1,58,21.80%,5940,20.60%
TEAD4(TEA)/Tropoblast-Tead4-ChIP-Seq(GSE37350)/Homer,CCWGGAATGY,1.00E+00,-1.09E+00,1,29,10.90%,2878.2,9.98%
Nanog(Homeobox)/mES-Nanog-ChIP-Seq(GSE11724)/Homer,RGCCATTAAC,1.00E+00,-1.09E+00,1,129,48.50%,13561,47.02%
HIF-1a(bHLH)/MCF7-HIF1a-ChIP-Seq(GSE28352)/Homer,TACGTGCV,1.00E+00,-1.09E+00,1,15,5.64%,1424.7,4.94%
Hoxd10(Homeobox)/ChickenMSG-Hoxd10.Flag-ChIP-Seq(GSE86088)/Homer,GGCMATGAAA,1.00E+00,-1.08E+00,1,28,10.53%,2776.2,9.63%
Cux2(Homeobox)/Liver-Cux2-ChIP-Seq(GSE35985)/Homer,HNRAATCAAT,1.00E+00,-1.08E+00,1,9,3.38%,815.8,2.83%
Rbpj1(?)/Panc1-Rbpj1-ChIP-Seq(GSE47459)/Homer,HTTTCCCASG,1.00E+00,-1.07E+00,1,58,21.80%,5954.1,20.64%
Fra1(bZIP)/BT549-Fra1-ChIP-Seq(GSE46166)/Homer,NNATGASTCATH,1.00E+00,-1.07E+00,1,15,5.64%,1431.4,4.96%
Sp5(Zf)/mES-Sp5.Flag-ChIP-Seq(GSE72989)/Homer,RGKGGGCGGAGC,1.00E+00,-1.06E+00,1,146,54.89%,15426.5,53.49%
LHX9(Homeobox)/Hct116-LHX9.V5-ChIP-Seq(GSE116822)/Homer,NGCTAATTAG,1.00E+00,-1.05E+00,1,35,13.16%,3527.4,12.23%
Pknox1(Homeobox)/ES-Prep1-ChIP-Seq(GSE63282)/Homer,SCTGTCAVTCAV,1.00E+00,-1.04E+00,1,14,5.26%,1338.8,4.64%
ZNF7(Zf)/HepG2-ZNF7.Flag-ChIP-Seq(Encode)/Homer,CTGCCWVCTTTTRTA,1.00E+00,-1.03E+00,1,17,6.39%,1652,5.73%
FOXK1(Forkhead)/HEK293-FOXK1-ChIP-Seq(GSE51673)/Homer,NVWTGTTTAC,1.00E+00,-1.03E+00,1,24,9.02%,2383.4,8.26%
"Pitx1:Ebox(Homeobox,bHLH)/Hindlimb-Pitx1-ChIP-Seq(GSE41591)/Homer",YTAATTRAWWCCAGATGT,1.00E+00,-1.02E+00,1,4,1.50%,328.8,1.14%
ZNF467(Zf)/HEK293-ZNF467.GFP-ChIP-Seq(GSE58341)/Homer,TGGGGAAGGGCM,1.00E+00,-1.01E+00,1,66,24.81%,6849,23.75%
TEAD3(TEA)/HepG2-TEAD3-ChIP-Seq(Encode)/Homer,TRCATTCCAG,1.00E+00,-1.00E+00,1,33,12.41%,3342.6,11.59%
NF1(CTF)/LNCAP-NF1-ChIP-Seq(Unpublished)/Homer,CYTGGCABNSTGCCAR,1.00E+00,-9.45E-01,1,22,8.27%,2211.1,7.67%
Smad2(MAD)/ES-SMAD2-ChIP-Seq(GSE29422)/Homer,CTGTCTGG,1.00E+00,-9.42E-01,1,73,27.44%,7649.3,26.52%
Arnt:Ahr(bHLH)/MCF7-Arnt-ChIP-Seq(Lo_et_al.)/Homer,TBGCACGCAA,1.00E+00,-9.35E-01,1,39,14.66%,4018.8,13.93%
HNF1b(Homeobox)/PDAC-HNF1B-ChIP-Seq(GSE64557)/Homer,GTTAATNATTAA,1.00E+00,-9.34E-01,1,3,1.13%,244.9,0.85%
RORa(NR)/Liver-Rora-ChIP-Seq(GSE101115)/Homer,AAWCTAGGTCARDNN,1.00E+00,-9.28E-01,1,4,1.50%,345.3,1.20%
bHLHE41(bHLH)/proB-Bhlhe41-ChIP-Seq(GSE93764)/Homer,KCACGTGMCN,1.00E+00,-9.21E-01,1,71,26.69%,7451.9,25.84%
ZSCAN22(Zf)/HEK293-ZSCAN22.GFP-ChIP-Seq(GSE58341)/Homer,SMCAGTCWGAKGGAGGAGGC,1.00E+00,-9.12E-01,1,6,2.26%,552.5,1.92%
Foxf1(Forkhead)/Lung-Foxf1-ChIP-Seq(GSE77951)/Homer,WWATRTAAACAN,1.00E+00,-9.11E-01,1,18,6.77%,1805.9,6.26%
Tgif1(Homeobox)/mES-Tgif1-ChIP-Seq(GSE55404)/Homer,YTGWCADY,1.00E+00,-8.97E-01,1,95,35.71%,10053.9,34.86%
p73(p53)/Trachea-p73-ChIP-Seq(PRJNA310161)/Homer,NRRRCAWGTCCDGRCATGYY,1.00E+00,-8.95E-01,1,2,0.75%,151.6,0.53%
KLF6(Zf)/PDAC-KLF6-ChIP-Seq(GSE64557)/Homer,MKGGGYGTGGCC,1.00E+00,-8.87E-01,1,126,47.37%,13411.1,46.50%
THRa(NR)/C17.2-THRa-ChIP-Seq(GSE38347)/Homer,GGTCANYTGAGGWCA,1.00E+00,-8.84E-01,1,19,7.14%,1923.1,6.67%
HOXB13(Homeobox)/ProstateTumor-HOXB13-ChIP-Seq(GSE56288)/Homer,TTTTATKRGG,1.00E+00,-8.82E-01,1,25,9.40%,2560.8,8.88%
PRDM1(Zf)/Hela-PRDM1-ChIP-Seq(GSE31477)/Homer,ACTTTCACTTTC,1.00E+00,-8.77E-01,1,16,6.02%,1609.2,5.58%
SCRT1(Zf)/HEK293-SCRT1.eGFP-ChIP-Seq(Encode)/Homer,GCAACAGGTG,1.00E+00,-8.73E-01,1,12,4.51%,1189.2,4.12%
"Pax8(Paired,Homeobox)/Thyroid-Pax8-ChIP-Seq(GSE26938)/Homer",GTCATGCHTGRCTGS,1.00E+00,-8.72E-01,1,16,6.02%,1611.2,5.59%
TEAD(TEA)/Fibroblast-PU.1-ChIP-Seq(Unpublished)/Homer,YCWGGAATGY,1.00E+00,-8.67E-01,1,17,6.39%,1719.8,5.96%
HNF6(Homeobox)/Liver-Hnf6-ChIP-Seq(ERP000394)/Homer,NTATYGATCH,1.00E+00,-8.56E-01,1,11,4.14%,1090.6,3.78%
PU.1:IRF8(ETS:IRF)/pDC-Irf8-ChIP-Seq(GSE66899)/Homer,GGAAGTGAAAST,1.00E+00,-8.56E-01,1,8,3.01%,775.1,2.69%
Foxa3(Forkhead)/Liver-Foxa3-ChIP-Seq(GSE77670)/Homer,BSNTGTTTACWYWGN,1.00E+00,-8.54E-01,1,7,2.63%,671.3,2.33%
Hoxa9(Homeobox)/ChickenMSG-Hoxa9.Flag-ChIP-Seq(GSE86088)/Homer,RGCAATNAAA,1.00E+00,-8.54E-01,1,77,28.95%,8153,28.27%
NPAS(bHLH)/Liver-NPAS-ChIP-Seq(GSE39860)/Homer,NVCACGTG,1.00E+00,-8.53E-01,1,56,21.05%,5894.3,20.44%
HIC1(Zf)/Treg-ZBTB29-ChIP-Seq(GSE99889)/Homer,TGCCAGCB,1.00E+00,-8.48E-01,1,103,38.72%,10961.4,38.01%
AMYB(HTH)/Testes-AMYB-ChIP-Seq(GSE44588)/Homer,TGGCAGTTGG,1.00E+00,-8.48E-01,1,59,22.18%,6220.1,21.57%
Znf263(Zf)/K562-Znf263-ChIP-Seq(GSE31477)/Homer,CVGTSCTCCC,1.00E+00,-8.47E-01,1,109,40.98%,11610.3,40.26%
Meis1(Homeobox)/MastCells-Meis1-ChIP-Seq(GSE48085)/Homer,VGCTGWCAVB,1.00E+00,-8.45E-01,1,66,24.81%,6975.6,24.19%
Foxo1(Forkhead)/RAW-Foxo1-ChIP-Seq(Fan_et_al.)/Homer,CTGTTTAC,1.00E+00,-8.41E-01,1,60,22.56%,6333.9,21.96%
CTCF-SatelliteElement(Zf?)/CD4+-CTCF-ChIP-Seq(Barski_et_al.)/Homer,TGCAGTTCCMVNWRTGGCCA,1.00E+00,-8.34E-01,1,1,0.38%,61.7,0.21%
Ronin(THAP)/ES-Thap11-ChIP-Seq(GSE51522)/Homer,RACTACAACTCCCAGVAKGC,1.00E+00,-8.27E-01,1,10,3.76%,995.6,3.45%
BMYB(HTH)/Hela-BMYB-ChIP-Seq(GSE27030)/Homer,NHAACBGYYV,1.00E+00,-8.21E-01,1,57,21.43%,6027.3,20.90%
Nkx3.1(Homeobox)/LNCaP-Nkx3.1-ChIP-Seq(GSE28264)/Homer,AAGCACTTAA,1.00E+00,-8.15E-01,1,76,28.57%,8078.1,28.01%
"FXR(NR),IR1/Liver-FXR-ChIP-Seq(Chong_et_al.)/Homer",AGGTCANTGACCTB,1.00E+00,-8.10E-01,1,16,6.02%,1639.6,5.68%
Zic3(Zf)/mES-Zic3-ChIP-Seq(GSE37889)/Homer,GGCCYCCTGCTGDGH,1.00E+00,-7.95E-01,1,39,14.66%,4111.8,14.26%
Isl1(Homeobox)/Neuron-Isl1-ChIP-Seq(GSE31456)/Homer,CTAATKGV,1.00E+00,-7.85E-01,1,53,19.92%,5625.3,19.50%
Tbet(T-box)/CD8-Tbet-ChIP-Seq(GSE33802)/Homer,AGGTGTGAAM,1.00E+00,-7.82E-01,1,28,10.53%,2938.7,10.19%
GRHL2(CP2)/HBE-GRHL2-ChIP-Seq(GSE46194)/Homer,AAACYKGTTWDACMRGTTTB,1.00E+00,-7.79E-01,1,11,4.14%,1119.4,3.88%
MafB(bZIP)/BMM-Mafb-ChIP-Seq(GSE75722)/Homer,WNTGCTGASTCAGCANWTTY,1.00E+00,-7.69E-01,1,11,4.14%,1123.5,3.90%
NF1-halfsite(CTF)/LNCaP-NF1-ChIP-Seq(Unpublished)/Homer,YTGCCAAG,1.00E+00,-7.51E-01,1,76,28.57%,8137.2,28.21%
CEBP:CEBP(bZIP)/MEF-Chop-ChIP-Seq(GSE35681)/Homer,NTNATGCAAYMNNHTGMAAY,1.00E+00,-7.45E-01,1,3,1.13%,278.3,0.96%
Fosl2(bZIP)/3T3L1-Fosl2-ChIP-Seq(GSE56872)/Homer,NATGASTCABNN,1.00E+00,-7.44E-01,1,10,3.76%,1026.4,3.56%
"Brn1(POU,Homeobox)/NPC-Brn1-ChIP-Seq(GSE35496)/Homer",TATGCWAATBAV,1.00E+00,-7.40E-01,1,7,2.63%,706.6,2.45%
ZNF711(Zf)/SHSY5Y-ZNF711-ChIP-Seq(GSE20673)/Homer,AGGCCTAG,1.00E+00,-7.34E-01,1,106,39.85%,11399,39.52%
"VDR(NR),DR3/GM10855-VDR+vitD-ChIP-Seq(GSE22484)/Homer",ARAGGTCANWGAGTTCANNN,1.00E+00,-7.27E-01,1,7,2.63%,710.6,2.46%
MafK(bZIP)/C2C12-MafK-ChIP-Seq(GSE36030)/Homer,GCTGASTCAGCA,1.00E+00,-7.17E-01,1,8,3.01%,821.2,2.85%
Esrrb(NR)/mES-Esrrb-ChIP-Seq(GSE11431)/Homer,KTGACCTTGA,1.00E+00,-7.09E-01,1,20,7.52%,2120.2,7.35%
Smad3(MAD)/NPC-Smad3-ChIP-Seq(GSE36673)/Homer,TWGTCTGV,1.00E+00,-7.00E-01,1,120,45.11%,12951.7,44.91%
Zfp809(Zf)/ES-Zfp809-ChIP-Seq(GSE70799)/Homer,GGGGCTYGKCTGGGA,1.00E+00,-6.97E-01,1,15,5.64%,1586.9,5.50%
NeuroD1(bHLH)/Islet-NeuroD1-ChIP-Seq(GSE30298)/Homer,GCCATCTGTT,1.00E+00,-6.89E-01,1,31,11.65%,3323.7,11.52%
EBF1(EBF)/Near-E2A-ChIP-Seq(GSE21512)/Homer,GTCCCCWGGGGA,1.00E+00,-6.74E-01,1,60,22.56%,6479.2,22.46%
"TR4(NR),DR1/Hela-TR4-ChIP-Seq(GSE24685)/Homer",GAGGTCAAAGGTCA,1.00E+00,-6.73E-01,1,5,1.88%,511.2,1.77%
Mef2c(MADS)/GM12878-Mef2c-ChIP-Seq(GSE32465)/Homer,DCYAAAAATAGM,1.00E+00,-6.71E-01,1,8,3.01%,838.8,2.91%
Gfi1b(Zf)/HPC7-Gfi1b-ChIP-Seq(GSE22178)/Homer,MAATCACTGC,1.00E+00,-6.70E-01,1,22,8.27%,2360.8,8.19%
GLI3(Zf)/Limb-GLI3-ChIP-Chip(GSE11077)/Homer,CGTGGGTGGTCC,1.00E+00,-6.70E-01,1,6,2.26%,621.2,2.15%
CEBP(bZIP)/ThioMac-CEBPb-ChIP-Seq(GSE21512)/Homer,ATTGCGCAAC,1.00E+00,-6.45E-01,1,15,5.64%,1613.1,5.59%
Bcl11a(Zf)/HSPC-BCL11A-ChIP-Seq(GSE104676)/Homer,TYTGACCASWRG,1.00E+00,-6.44E-01,1,27,10.15%,2921.5,10.13%
"Oct4(POU,Homeobox)/mES-Oct4-ChIP-Seq(GSE11431)/Homer",ATTTGCATAW,1.00E+00,-6.42E-01,1,9,3.38%,959.5,3.33%
Sox4(HMG)/proB-Sox4-ChIP-Seq(GSE50066)/Homer,YCTTTGTTCC,1.00E+00,-6.33E-01,1,24,9.02%,2602,9.02%
Hoxa13(Homeobox)/ChickenMSG-Hoxa13.Flag-ChIP-Seq(GSE86088)/Homer,CYHATAAAAN,1.00E+00,-6.32E-01,1,53,19.92%,5759.9,19.97%
Foxa2(Forkhead)/Liver-Foxa2-ChIP-Seq(GSE25694)/Homer,CYTGTTTACWYW,1.00E+00,-6.31E-01,1,17,6.39%,1839.4,6.38%
c-Myc(bHLH)/mES-cMyc-ChIP-Seq(GSE11431)/Homer,VVCCACGTGG,1.00E+00,-6.29E-01,1,21,7.89%,2277.8,7.90%
Six2(Homeobox)/NephronProgenitor-Six2-ChIP-Seq(GSE39837)/Homer,GWAAYHTGAKMC,1.00E+00,-6.26E-01,1,28,10.53%,3043.3,10.55%
Hoxd13(Homeobox)/ChickenMSG-Hoxd13.Flag-ChIP-Seq(GSE86088)/Homer,NCYAATAAAA,1.00E+00,-6.23E-01,1,33,12.41%,3590.6,12.45%
Gli2(Zf)/GM2-Gli2-ChIP-Chip(GSE112702)/Homer,YSTGGGTGGTCT,1.00E+00,-6.23E-01,1,13,4.89%,1406.5,4.88%
"GFY-Staf(?,Zf)/Promoter/Homer",RACTACAATTCCCAGAAKGC,1.00E+00,-6.12E-01,1,10,3.76%,1082.3,3.75%
EBF2(EBF)/BrownAdipose-EBF2-ChIP-Seq(GSE97114)/Homer,NABTCCCWDGGGAVH,1.00E+00,-5.96E-01,1,44,16.54%,4813.4,16.69%
ZBTB12(Zf)/HEK293-ZBTB12.GFP-ChIP-Seq(GSE58341)/Homer,NGNTCTAGAACCNGV,1.00E+00,-5.89E-01,1,17,6.39%,1864.5,6.46%
Sox2(HMG)/mES-Sox2-ChIP-Seq(GSE11431)/Homer,BCCATTGTTC,1.00E+00,-5.88E-01,1,24,9.02%,2633.8,9.13%
"Oct11(POU,Homeobox)/NCIH1048-POU2F3-ChIP-seq(GSE115123)/Homer",GATTTGCATA,1.00E+00,-5.85E-01,1,7,2.63%,762.2,2.64%
Hoxb4(Homeobox)/ES-Hoxb4-ChIP-Seq(GSE34014)/Homer,TGATTRATGGCY,1.00E+00,-5.82E-01,1,4,1.50%,428.6,1.49%
Etv2(ETS)/ES-ER71-ChIP-Seq(GSE59402)/Homer,NNAYTTCCTGHN,1.00E+00,-5.79E-01,1,55,20.68%,6029.3,20.90%
FOXA1(Forkhead)/LNCAP-FOXA1-ChIP-Seq(GSE27824)/Homer,WAAGTAAACA,1.00E+00,-5.76E-01,1,22,8.27%,2423,8.40%
Hand2(bHLH)/Mesoderm-Hand2-ChIP-Seq(GSE61475)/Homer,TGACANARRCCAGRC,1.00E+00,-5.63E-01,1,16,6.02%,1770.5,6.14%
Hnf6b(Homeobox)/LNCaP-Hnf6b-ChIP-Seq(GSE106305)/Homer,TATTGAYY,1.00E+00,-5.52E-01,1,15,5.64%,1666.4,5.78%
Nkx2.5(Homeobox)/HL1-Nkx2.5.biotin-ChIP-Seq(GSE21529)/Homer,RRSCACTYAA,1.00E+00,-5.39E-01,1,76,28.57%,8362.7,29.00%
HOXA2(Homeobox)/mES-Hoxa2-ChIP-Seq(Donaldson_et_al.)/Homer,GYCATCMATCAT,1.00E+00,-5.38E-01,1,2,0.75%,212.8,0.74%
THRb(NR)/HepG2-THRb.Flag-ChIP-Seq(Encode)/Homer,GGTCACCTGAGGTCA,1.00E+00,-5.32E-01,1,27,10.15%,3006.3,10.42%
FoxD3(forkhead)/ZebrafishEmbryo-Foxd3.biotin-ChIP-seq(GSE106676)/Homer,TGTTTAYTTAGC,1.00E+00,-5.32E-01,1,16,6.02%,1790.8,6.21%
ZNF415(Zf)/HEK293-ZNF415.GFP-ChIP-Seq(GSE58341)/Homer,GRTGMTRGAGCC,1.00E+00,-5.30E-01,1,29,10.90%,3229,11.20%
Smad4(MAD)/ESC-SMAD4-ChIP-Seq(GSE29422)/Homer,VBSYGTCTGG,1.00E+00,-5.29E-01,1,73,27.44%,8048.9,27.91%
"GRE(NR),IR3/A549-GR-ChIP-Seq(GSE32465)/Homer",NRGVACABNVTGTYCY,1.00E+00,-5.26E-01,1,4,1.50%,446.3,1.55%
Nur77(NR)/K562-NR4A1-ChIP-Seq(GSE31363)/Homer,TGACCTTTNCNT,1.00E+00,-5.26E-01,1,4,1.50%,447,1.55%
Tlx?(NR)/NPC-H3K4me1-ChIP-Seq(GSE16256)/Homer,CTGGCAGSCTGCCA,1.00E+00,-5.24E-01,1,18,6.77%,2017.8,7.00%
Sox6(HMG)/Myotubes-Sox6-ChIP-Seq(GSE32627)/Homer,CCATTGTTNY,1.00E+00,-5.16E-01,1,39,14.66%,4343,15.06%
"ERE(NR),IR3/MCF7-ERa-ChIP-Seq(Unpublished)/Homer",VAGGTCACNSTGACC,1.00E+00,-5.14E-01,1,9,3.38%,1018.5,3.53%
SF1(NR)/H295R-Nr5a1-ChIP-Seq(GSE44220)/Homer,CAAGGHCANV,1.00E+00,-5.13E-01,1,14,5.26%,1579.8,5.48%
STAT6(Stat)/Macrophage-Stat6-ChIP-Seq(GSE38377)/Homer,TTCCKNAGAA,1.00E+00,-5.13E-01,1,14,5.26%,1580,5.48%
TEAD2(TEA)/Py2T-Tead2-ChIP-Seq(GSE55709)/Homer,CCWGGAATGY,1.00E+00,-5.10E-01,1,15,5.64%,1693.7,5.87%
"ETS:E-box(ETS,bHLH)/HPC7-Scl-ChIP-Seq(GSE22178)/Homer",AGGAARCAGCTG,1.00E+00,-5.03E-01,1,3,1.13%,338.6,1.17%
Zic2(Zf)/ESC-Zic2-ChIP-Seq(SRP197560)/Homer,CHCAGCRGGRGG,1.00E+00,-5.02E-01,1,30,11.28%,3363,11.66%
Nkx2.2(Homeobox)/NPC-Nkx2.2-ChIP-Seq(GSE61673)/Homer,BTBRAGTGSN,1.00E+00,-4.99E-01,1,73,27.44%,8085.1,28.03%
Snail1(Zf)/LS174T-SNAIL1.HA-ChIP-Seq(GSE127183)/Homer,TRCACCTGCY,1.00E+00,-4.98E-01,1,37,13.91%,4139.2,14.35%
ZNF416(Zf)/HEK293-ZNF416.GFP-ChIP-Seq(GSE58341)/Homer,WDNCTGGGCA,1.00E+00,-4.94E-01,1,61,22.93%,6779,23.50%
WT1(Zf)/Kidney-WT1-ChIP-Seq(GSE90016)/Homer,MCTCCCMCRCAB,1.00E+00,-4.76E-01,1,48,18.05%,5374,18.63%
"Fox:Ebox(Forkhead,bHLH)/Panc1-Foxa2-ChIP-Seq(GSE47459)/Homer",NNNVCTGWGYAAACASN,1.00E+00,-4.65E-01,1,23,8.65%,2619.9,9.08%
PRDM10(Zf)/HEK293-PRDM10.eGFP-ChIP-Seq(Encode)/Homer,TGGTACATTCCA,1.00E+00,-4.62E-01,1,21,7.89%,2398.9,8.32%
CRX(Homeobox)/Retina-Crx-ChIP-Seq(GSE20012)/Homer,GCTAATCC,1.00E+00,-4.59E-01,1,63,23.68%,7041.4,24.41%
"ETS:RUNX(ETS,Runt)/Jurkat-RUNX1-ChIP-Seq(GSE17954)/Homer",RCAGGATGTGGT,1.00E+00,-4.56E-01,1,7,2.63%,821,2.85%
"GRE(NR),IR3/RAW264.7-GRE-ChIP-Seq(Unpublished)/Homer",VAGRACAKWCTGTYC,1.00E+00,-4.55E-01,1,6,2.26%,706,2.45%
PU.1-IRF(ETS:IRF)/Bcell-PU.1-ChIP-Seq(GSE21512)/Homer,MGGAAGTGAAAC,1.00E+00,-4.48E-01,1,49,18.42%,5516.5,19.13%
Lhx1(Homeobox)/EmbryoCarcinoma-Lhx1-ChIP-Seq(GSE70957)/Homer,NNYTAATTAR,1.00E+00,-4.43E-01,1,19,7.14%,2191,7.60%
"Tbox:Smad(T-box,MAD)/ESCd5-Smad2_3-ChIP-Seq(GSE29422)/Homer",AGGTGHCAGACA,1.00E+00,-4.41E-01,1,6,2.26%,712.4,2.47%
Zfp57(Zf)/H1-ZFP57.HA-ChIP-Seq(GSE115387)/Homer,NANTGCSGCA,1.00E+00,-4.39E-01,1,32,12.03%,3645,12.64%
Unknown(Homeobox)/Limb-p300-ChIP-Seq/Homer,SSCMATWAAA,1.00E+00,-4.36E-01,1,12,4.51%,1404.5,4.87%
Mef2d(MADS)/Retina-Mef2d-ChIP-Seq(GSE61391)/Homer,GCTATTTTTAGC,1.00E+00,-4.29E-01,1,4,1.50%,482.5,1.67%
ZNF675(Zf)/HEK293-ZNF675.GFP-ChIP-Seq(GSE58341)/Homer,ARGAGGMCAAAATGW,1.00E+00,-4.22E-01,1,3,1.13%,365.8,1.27%
IRF1(IRF)/PBMC-IRF1-ChIP-Seq(GSE43036)/Homer,GAAAGTGAAAGT,1.00E+00,-4.13E-01,1,4,1.50%,489.3,1.70%
MYB(HTH)/ERMYB-Myb-ChIPSeq(GSE22095)/Homer,GGCVGTTR,1.00E+00,-4.12E-01,1,68,25.56%,7654.4,26.54%
Tbx6(T-box)/ESC-Tbx6-ChIP-Seq(GSE93524)/Homer,DAGGTGTBAA,1.00E+00,-4.11E-01,1,34,12.78%,3898.9,13.52%
E2F(E2F)/Hela-CellCycle-Expression/Homer,TTSGCGCGAAAA,1.00E+00,-4.11E-01,1,5,1.88%,609.4,2.11%
Prop1(Homeobox)/GHFT1-PROP1.biotin-ChIP-Seq(GSE77302)/Homer,NTAATBNAATTA,1.00E+00,-4.07E-01,1,6,2.26%,730,2.53%
Sox17(HMG)/Endoderm-Sox17-ChIP-Seq(GSE61475)/Homer,CCATTGTTYB,1.00E+00,-4.05E-01,1,16,6.02%,1882.2,6.53%
Bach2(bZIP)/OCILy7-Bach2-ChIP-Seq(GSE44420)/Homer,TGCTGAGTCA,1.00E+00,-4.04E-01,1,5,1.88%,612.6,2.12%
"GATA(Zf),IR3/iTreg-Gata3-ChIP-Seq(GSE20898)/Homer",NNNNNBAGATAWYATCTVHN,1.00E+00,-4.03E-01,1,2,0.75%,248.3,0.86%
Sox9(HMG)/Limb-SOX9-ChIP-Seq(GSE73225)/Homer,AGGVNCCTTTGT,1.00E+00,-4.01E-01,1,25,9.40%,2902.9,10.07%
"Reverb(NR),DR2/RAW-Reverba.biotin-ChIP-Seq(GSE45914)/Homer",GTRGGTCASTGGGTCA,1.00E+00,-3.97E-01,1,4,1.50%,496.1,1.72%
NFIL3(bZIP)/HepG2-NFIL3-ChIP-Seq(Encode)/Homer,VTTACGTAAYNNNNN,1.00E+00,-3.87E-01,1,19,7.14%,2238.2,7.76%
Sox10(HMG)/SciaticNerve-Sox3-ChIP-Seq(GSE35132)/Homer,CCWTTGTYYB,1.00E+00,-3.85E-01,1,45,16.92%,5152.7,17.87%
Jun-AP1(bZIP)/K562-cJun-ChIP-Seq(GSE31477)/Homer,GATGASTCATCN,1.00E+00,-3.83E-01,1,6,2.26%,742.1,2.57%
X-box(HTH)/NPC-H3K4me1-ChIP-Seq(GSE16256)/Homer,GGTTGCCATGGCAA,1.00E+00,-3.78E-01,1,7,2.63%,863,2.99%
CUX1(Homeobox)/K562-CUX1-ChIP-Seq(GSE92882)/Homer,TATCGATNAN,1.00E+00,-3.72E-01,1,10,3.76%,1218.1,4.22%
Nr5a2(NR)/mES-Nr5a2-ChIP-Seq(GSE19019)/Homer,BTCAAGGTCA,1.00E+00,-3.67E-01,1,17,6.39%,2029.3,7.04%
LEF1(HMG)/H1-LEF1-ChIP-Seq(GSE64758)/Homer,CCTTTGATST,1.00E+00,-3.58E-01,1,13,4.89%,1577.5,5.47%
ZNF341(Zf)/EBV-ZNF341-ChIP-Seq(GSE113194)/Homer,GGAACAGCCG,1.00E+00,-3.52E-01,1,32,12.03%,3743.7,12.98%
"Brn2(POU,Homeobox)/NPC-Brn2-ChIP-Seq(GSE35496)/Homer",ATGAATATTC,1.00E+00,-3.48E-01,1,1,0.38%,132.5,0.46%
Tcf7(HMG)/GM12878-TCF7-ChIP-Seq(Encode)/Homer,CTTTGATGTGSB,1.00E+00,-3.43E-01,1,6,2.26%,765.8,2.66%
HOXA1(Homeobox)/mES-Hoxa1-ChIP-Seq(SRP084292)/Homer,TGATKGATGR,1.00E+00,-3.38E-01,1,4,1.50%,524.4,1.82%
"NF1:FOXA1(CTF,Forkhead)/LNCAP-FOXA1-ChIP-Seq(GSE27824)/Homer",WNTGTTTRYTTTGGCA,1.00E+00,-3.26E-01,1,1,0.38%,138.4,0.48%
RFX(HTH)/K562-RFX3-ChIP-Seq(SRA012198)/Homer,CGGTTGCCATGGCAAC,1.00E+00,-3.26E-01,1,8,3.01%,1016.2,3.52%
Nkx6.1(Homeobox)/Islet-Nkx6.1-ChIP-Seq(GSE40975)/Homer,GKTAATGR,1.00E+00,-3.21E-01,1,45,16.92%,5242.3,18.18%
PGR(NR)/EndoStromal-PGR-ChIP-Seq(GSE69539)/Homer,AAGAACATWHTGTTC,1.00E+00,-3.21E-01,1,4,1.50%,533.5,1.85%
FOXP1(Forkhead)/H9-FOXP1-ChIP-Seq(GSE31006)/Homer,NYYTGTTTACHN,1.00E+00,-3.07E-01,1,8,3.01%,1030,3.57%
LRF(Zf)/Erythroblasts-ZBTB7A-ChIP-Seq(GSE74977)/Homer,AAGACCCYYN,1.00E+00,-3.06E-01,1,93,34.96%,10573.5,36.66%
ERG(ETS)/VCaP-ERG-ChIP-Seq(GSE14097)/Homer,ACAGGAAGTG,1.00E+00,-3.01E-01,1,81,30.45%,9266.7,32.13%
DMRT1(DM)/Testis-DMRT1-ChIP-Seq(GSE64892)/Homer,TWGHWACAWTGTWDC,1.00E+00,-3.00E-01,1,3,1.13%,417.9,1.45%
Sox15(HMG)/CPA-Sox15-ChIP-Seq(GSE62909)/Homer,RAACAATGGN,1.00E+00,-2.96E-01,1,25,9.40%,3020.8,10.47%
En1(Homeobox)/SUM149-EN1-ChIP-Seq(GSE120957)/Homer,NDCTAATTAS,1.00E+00,-2.96E-01,1,47,17.67%,5505.4,19.09%
RORgt(NR)/EL4-RORgt.Flag-ChIP-Seq(GSE56019)/Homer,AAYTAGGTCA,1.00E+00,-2.85E-01,1,2,0.75%,292.2,1.01%
RORgt(NR)/EL4-RORgt.Flag-ChIP-Seq(GSE56019)/Homer,AAYTAGGTCA,1.00E+00,-2.85E-01,1,2,0.75%,292.2,1.01%
PR(NR)/T47D-PR-ChIP-Seq(GSE31130)/Homer,VAGRACAKNCTGTBC,1.00E+00,-2.85E-01,1,61,22.93%,7085.2,24.57%
Pit1(Homeobox)/GCrat-Pit1-ChIP-Seq(GSE58009)/Homer,ATGMATATDC,1.00E+00,-2.78E-01,1,13,4.89%,1650.5,5.72%
Lhx2(Homeobox)/HFSC-Lhx2-ChIP-Seq(GSE48068)/Homer,TAATTAGN,1.00E+00,-2.77E-01,1,17,6.39%,2121.4,7.36%
CEBP:AP1(bZIP)/ThioMac-CEBPb-ChIP-Seq(GSE21512)/Homer,DRTGTTGCAA,1.00E+00,-2.64E-01,1,15,5.64%,1901.3,6.59%
"LXRE(NR),DR4/RAW-LXRb.biotin-ChIP-Seq(GSE21512)/Homer",RGGTTACTANAGGTCA,1.00E+00,-2.63E-01,1,1,0.38%,158.6,0.55%
Sox3(HMG)/NPC-Sox3-ChIP-Seq(GSE33059)/Homer,CCWTTGTY,1.00E+00,-2.61E-01,1,44,16.54%,5228,18.13%
Rfx5(HTH)/GM12878-Rfx5-ChIP-Seq(GSE31477)/Homer,SCCTAGCAACAG,1.00E+00,-2.59E-01,1,15,5.64%,1907.9,6.62%
Phox2a(Homeobox)/Neuron-Phox2a-ChIP-Seq(GSE31456)/Homer,YTAATYNRATTA,1.00E+00,-2.50E-01,1,3,1.13%,445.6,1.54%
"OCT:OCT(POU,Homeobox)/NPC-OCT6-ChIP-Seq(GSE43916)/Homer",YATGCATATRCATRT,1.00E+00,-2.47E-01,1,1,0.38%,164.8,0.57%
ZNF768(Zf)/Rajj-ZNF768-ChIP-Seq(GSE111879)/Homer,RHHCAGAGAGGB,1.00E+00,-2.45E-01,1,1,0.38%,165,0.57%
Pit1+1bp(Homeobox)/GCrat-Pit1-ChIP-Seq(GSE58009)/Homer,ATGCATAATTCA,1.00E+00,-2.35E-01,1,3,1.13%,454.9,1.58%
DLX2(Homeobox)/BasalGanglia-Dlx2-ChIP-seq(GSE124936)/Homer,NNNTAATTAS,1.00E+00,-2.34E-01,1,26,9.77%,3222,11.17%
ELF5(ETS)/T47D-ELF5-ChIP-Seq(GSE30407)/Homer,ACVAGGAAGT,1.00E+00,-2.31E-01,1,36,13.53%,4375.2,15.17%
ARE(NR)/LNCAP-AR-ChIP-Seq(GSE27824)/Homer,RGRACASNSTGTYCYB,1.00E+00,-2.29E-01,1,6,2.26%,848.8,2.94%
CTCF(Zf)/CD4+-CTCF-ChIP-Seq(Barski_et_al.)/Homer,AYAGTGCCMYCTRGTGGCCA,1.00E+00,-2.25E-01,1,8,3.01%,1101.3,3.82%
Six1(Homeobox)/Myoblast-Six1-ChIP-Chip(GSE20150)/Homer,GKVTCADRTTWC,1.00E+00,-2.25E-01,1,5,1.88%,724.5,2.51%
ZNF322(Zf)/HEK293-ZNF322.GFP-ChIP-Seq(GSE58341)/Homer,GAGCCTGGTACTGWGCCTGR,1.00E+00,-2.25E-01,1,11,4.14%,1469.4,5.09%
Rfx6(HTH)/Min6b1-Rfx6.HA-ChIP-Seq(GSE62844)/Homer,TGTTKCCTAGCAACM,1.00E+00,-2.20E-01,1,50,18.80%,5982.1,20.74%
ETV1(ETS)/GIST48-ETV1-ChIP-Seq(GSE22441)/Homer,AACCGGAAGT,1.00E+00,-2.13E-01,1,79,29.70%,9235.6,32.02%
E2F3(E2F)/MEF-E2F3-ChIP-Seq(GSE71376)/Homer,BTKGGCGGGAAA,1.00E+00,-2.12E-01,1,56,21.05%,6673.6,23.14%
CDX4(Homeobox)/ZebrafishEmbryos-Cdx4.Myc-ChIP-Seq(GSE48254)/Homer,NGYCATAAAWCH,1.00E+00,-2.10E-01,1,15,5.64%,1969.5,6.83%
Sox7(HMG)/ESC-Sox7-ChIP-Seq(GSE133899)/Homer,VVRRAACAATGG,1.00E+00,-2.07E-01,1,6,2.26%,868.4,3.01%
Six4(Homeobox)/MCF7-SIX4-ChIP-Seq(Encode)/Homer,TGWAAYCTGABACCB,1.00E+00,-1.99E-01,1,1,0.38%,185.6,0.64%
Sox21(HMG)/ESC-SOX21-ChIP-Seq(GSE110505)/Homer,BCCWTTGTBYKV,1.00E+00,-1.95E-01,1,45,16.92%,5470.6,18.97%
EWS:FLI1-fusion(ETS)/SK_N_MC-EWS:FLI1-ChIP-Seq(SRA014231)/Homer,VACAGGAAAT,1.00E+00,-1.92E-01,1,33,12.41%,4105.3,14.23%
ETS1(ETS)/Jurkat-ETS1-ChIP-Seq(GSE17954)/Homer,ACAGGAAGTG,1.00E+00,-1.91E-01,1,60,22.56%,7172.4,24.87%
IRF2(IRF)/Erythroblas-IRF2-ChIP-Seq(GSE36985)/Homer,GAAASYGAAASY,1.00E+00,-1.87E-01,1,3,1.13%,489.4,1.70%
"Oct2(POU,Homeobox)/Bcell-Oct2-ChIP-Seq(GSE21512)/Homer",ATATGCAAAT,1.00E+00,-1.82E-01,1,4,1.50%,630.9,2.19%
HLF(bZIP)/HSC-HLF.Flag-ChIP-Seq(GSE69817)/Homer,RTTATGYAAB,1.00E+00,-1.81E-01,1,14,5.26%,1890.7,6.56%
FOXA1(Forkhead)/MCF7-FOXA1-ChIP-Seq(GSE26831)/Homer,WAAGTAAACA,1.00E+00,-1.81E-01,1,14,5.26%,1891.1,6.56%
Phox2b(Homeobox)/CLBGA-PHOX2B-ChIP-Seq(GSE90683)/Homer,TTAATTNAATTA,1.00E+00,-1.78E-01,1,1,0.38%,196.7,0.68%
GSC(Homeobox)/FrogEmbryos-GSC-ChIP-Seq(DRA000576)/Homer,RGGATTAR,1.00E+00,-1.72E-01,1,20,7.52%,2625.8,9.10%
DLX5(Homeobox)/BasalGanglia-Dlx5-ChIP-seq(GSE124936)/Homer,SSTAATTA,1.00E+00,-1.69E-01,1,11,4.14%,1541.9,5.35%
ZNF165(Zf)/WHIM12-ZNF165-ChIP-Seq(GSE65937)/Homer,AAGGKGRCGCAGGCA,1.00E+00,-1.67E-01,1,6,2.26%,911.5,3.16%
Elf4(ETS)/BMDM-Elf4-ChIP-Seq(GSE88699)/Homer,ACTTCCKGKT,1.00E+00,-1.66E-01,1,59,22.18%,7125.9,24.71%
Rfx2(HTH)/LoVo-RFX2-ChIP-Seq(GSE49402)/Homer,GTTGCCATGGCAACM,1.00E+00,-1.65E-01,1,7,2.63%,1042.3,3.61%
ZNF264(Zf)/HEK293-ZNF264.GFP-ChIP-Seq(GSE58341)/Homer,RGGGCACTAACY,1.00E+00,-1.65E-01,1,23,8.65%,2994.5,10.38%
ZNF519(Zf)/HEK293-ZNF519.GFP-ChIP-Seq(GSE58341)/Homer,GAGSCCGAGC,1.00E+00,-1.62E-01,1,15,5.64%,2044,7.09%
AP-2alpha(AP2)/Hela-AP2alpha-ChIP-Seq(GSE31477)/Homer,ATGCCCTGAGGC,1.00E+00,-1.60E-01,1,49,18.42%,6012.3,20.85%
"GATA3(Zf),DR4/iTreg-Gata3-ChIP-Seq(GSE20898)/Homer",AGATGKDGAGATAAG,1.00E+00,-1.53E-01,1,1,0.38%,211.2,0.73%
Rfx1(HTH)/NPC-H3K4me1-ChIP-Seq(GSE16256)/Homer,KGTTGCCATGGCAA,1.00E+00,-1.52E-01,1,10,3.76%,1442.7,5.00%
"PAX6(Paired,Homeobox)/Forebrain-Pax6-ChIP-Seq(GSE66961)/Homer",NGTGTTCAVTSAAGCGKAAA,1.00E+00,-1.47E-01,1,2,0.75%,377,1.31%
RORg(NR)/Liver-Rorc-ChIP-Seq(GSE101115)/Homer,WAABTAGGTCAV,1.00E+00,-1.47E-01,1,1,0.38%,215.1,0.75%
GFY(?)/Promoter/Homer,ACTACAATTCCC,1.00E+00,-1.37E-01,1,7,2.63%,1080.8,3.75%
Nkx2.1(Homeobox)/LungAC-Nkx2.1-ChIP-Seq(GSE43252)/Homer,RSCACTYRAG,1.00E+00,-1.37E-01,1,92,34.59%,10896,37.78%
HRE(HSF)/HepG2-HSF1-ChIP-Seq(GSE31477)/Homer,BSTTCTRGAABVTTCYAGAA,1.00E+00,-1.32E-01,1,4,1.50%,684,2.37%
NFAT(RHD)/Jurkat-NFATC1-ChIP-Seq(Jolma_et_al.)/Homer,ATTTTCCATT,1.00E+00,-1.29E-01,1,16,6.02%,2227.5,7.72%
"OCT:OCT-short(POU,Homeobox)/NPC-OCT6-ChIP-Seq(GSE43916)/Homer",ATGCATWATGCATRW,1.00E+00,-1.27E-01,1,6,2.26%,963.1,3.34%
"PAX3:FKHR-fusion(Paired,Homeobox)/Rh4-PAX3:FKHR-ChIP-Seq(GSE19063)/Homer",ACCRTGACTAATTNN,1.00E+00,-1.26E-01,1,2,0.75%,397.4,1.38%
NFkB-p65-Rel(RHD)/ThioMac-LPS-Expression(GSE23622)/Homer,GGAAATTCCC,1.00E+00,-1.23E-01,1,1,0.38%,233.9,0.81%
E2F4(E2F)/K562-E2F4-ChIP-Seq(GSE31477)/Homer,GGCGGGAAAH,1.00E+00,-1.22E-01,1,44,16.54%,5553.6,19.26%
"GATA:SCL(Zf,bHLH)/Ter119-SCL-ChIP-Seq(GSE18720)/Homer",CRGCTGBNGNSNNSAGATAA,1.00E+00,-1.18E-01,1,2,0.75%,405.5,1.41%
MafF(bZIP)/HepG2-MafF-ChIP-Seq(GSE31477)/Homer,HWWGTCAGCAWWTTT,1.00E+00,-1.17E-01,1,2,0.75%,407.4,1.41%
p53(p53)/Saos-p53-ChIP-Seq(GSE15780)/Homer,RRCATGYCYRGRCATGYYYN,1.00E+00,-1.14E-01,1,1,0.38%,241.7,0.84%
p53(p53)/Saos-p53-ChIP-Seq/Homer,RRCATGYCYRGRCATGYYYN,1.00E+00,-1.14E-01,1,1,0.38%,241.7,0.84%
"NFkB-p50,p52(RHD)/Monocyte-p50-ChIP-Chip(Schreiber_et_al.)/Homer",GGGGGAATCCCC,1.00E+00,-1.13E-01,1,4,1.50%,709.1,2.46%
HRE(HSF)/Striatum-HSF1-ChIP-Seq(GSE38000)/Homer,TTCTAGAABNTTCTA,1.00E+00,-1.12E-01,1,4,1.50%,710.1,2.46%
Pdx1(Homeobox)/Islet-Pdx1-ChIP-Seq(SRA008281)/Homer,YCATYAATCA,1.00E+00,-1.07E-01,1,12,4.51%,1778.8,6.17%
AR-halfsite(NR)/LNCaP-AR-ChIP-Seq(GSE27824)/Homer,CCAGGAACAG,1.00E+00,-1.01E-01,1,123,46.24%,14440.4,50.07%
Atf7(bZIP)/3T3L1-Atf7-ChIP-Seq(GSE56872)/Homer,NGRTGACGTCAY,1.00E+00,-9.64E-02,1,20,7.52%,2800.4,9.71%
Lhx3(Homeobox)/Neuron-Lhx3-ChIP-Seq(GSE31456)/Homer,ADBTAATTAR,1.00E+00,-9.50E-02,1,30,11.28%,4008.2,13.90%
Brachyury(T-box)/Mesoendoderm-Brachyury-ChIP-exo(GSE54963)/Homer,ANTTMRCASBNNNGTGYKAAN,1.00E+00,-9.09E-02,1,4,1.50%,744.7,2.58%
ERRg(NR)/Kidney-ESRRG-ChIP-Seq(GSE104905)/Homer,GTGACCTTGRVN,1.00E+00,-8.50E-02,1,22,8.27%,3081.8,10.69%
"PAX5(Paired,Homeobox),condensed/GM12878-PAX5-ChIP-Seq(GSE32465)/Homer",GTCACGCTCSCTGM,1.00E+00,-8.19E-02,1,3,1.13%,611.7,2.12%
ETV4(ETS)/HepG2-ETV4-ChIP-Seq(ENCODE)/Homer,ACCGGAAGTG,1.00E+00,-7.70E-02,1,73,27.44%,9044.4,31.36%
EKLF(Zf)/Erythrocyte-Klf1-ChIP-Seq(GSE20478)/Homer,NWGGGTGTGGCY,1.00E+00,-7.59E-02,1,13,4.89%,1989.2,6.90%
AP-2gamma(AP2)/MCF7-TFAP2C-ChIP-Seq(GSE21234)/Homer,SCCTSAGGSCAW,1.00E+00,-7.54E-02,1,62,23.31%,7807.3,27.07%
Hoxc9(Homeobox)/Ainv15-Hoxc9-ChIP-Seq(GSE21812)/Homer,GGCCATAAATCA,1.00E+00,-7.40E-02,1,6,2.26%,1064.7,3.69%
Atf2(bZIP)/3T3L1-Atf2-ChIP-Seq(GSE56872)/Homer,NRRTGACGTCAT,1.00E+00,-6.88E-02,1,14,5.26%,2141.6,7.43%
ZNF317(Zf)/HEK293-ZNF317.GFP-ChIP-Seq(GSE58341)/Homer,GTCWGCTGTYYCTCT,1.00E+00,-6.87E-02,1,1,0.38%,293.4,1.02%
ZNF143|STAF(Zf)/CUTLL-ZNF143-ChIP-Seq(GSE29600)/Homer,ATTTCCCAGVAKSCY,1.00E+00,-6.83E-02,1,16,6.02%,2397.7,8.31%
Fli1(ETS)/CD8-FLI-ChIP-Seq(GSE20898)/Homer,NRYTTCCGGH,1.00E+00,-6.75E-02,1,70,26.32%,8760.4,30.37%
IRF3(IRF)/BMDM-Irf3-ChIP-Seq(GSE67343)/Homer,AGTTTCAKTTTC,1.00E+00,-6.68E-02,1,5,1.88%,940,3.26%
PBX2(Homeobox)/K562-PBX2-ChIP-Seq(Encode)/Homer,RTGATTKATRGN,1.00E+00,-6.59E-02,1,12,4.51%,1894,6.57%
Zfp281(Zf)/ES-Zfp281-ChIP-Seq(GSE81042)/Homer,CCCCTCCCCCAC,1.00E+00,-6.18E-02,1,17,6.39%,2549.4,8.84%
c-Jun-CRE(bZIP)/K562-cJun-ChIP-Seq(GSE31477)/Homer,ATGACGTCATCY,1.00E+00,-5.31E-02,1,11,4.14%,1810.4,6.28%
DLX1(Homeobox)/BasalGanglia-Dlx1-ChIP-seq(GSE124936)/Homer,NSNNTAATTA,1.00E+00,-5.14E-02,1,20,7.52%,2975.5,10.32%
ZBTB33(Zf)/GM12878-ZBTB33-ChIP-Seq(GSE32465)/Homer,GGVTCTCGCGAGAAC,1.00E+00,-4.40E-02,1,3,1.13%,700.6,2.43%
E2F1(E2F)/Hela-E2F1-ChIP-Seq(GSE22478)/Homer,CWGGCGGGAA,1.00E+00,-4.39E-02,1,19,7.14%,2890.8,10.02%
GABPA(ETS)/Jurkat-GABPa-ChIP-Seq(GSE17954)/Homer,RACCGGAAGT,1.00E+00,-4.32E-02,1,54,20.30%,7101,24.62%
CRE(bZIP)/Promoter/Homer,CSGTGACGTCAC,1.00E+00,-4.29E-02,1,17,6.39%,2641.2,9.16%
NFkB-p65(RHD)/GM12787-p65-ChIP-Seq(GSE19485)/Homer,WGGGGATTTCCC,1.00E+00,-3.75E-02,1,12,4.51%,2019.5,7.00%
STAT1(Stat)/HelaS3-STAT1-ChIP-Seq(GSE12782)/Homer,NATTTCCNGGAAAT,1.00E+00,-3.55E-02,1,5,1.88%,1046,3.63%
Bcl6(Zf)/Liver-Bcl6-ChIP-Seq(GSE31578)/Homer,NNNCTTTCCAGGAAA,1.00E+00,-3.47E-02,1,34,12.78%,4808.5,16.67%
FOXM1(Forkhead)/MCF7-FOXM1-ChIP-Seq(GSE72977)/Homer,TRTTTACTTW,1.00E+00,-3.47E-02,1,13,4.89%,2169.3,7.52%
DMRT6(DM)/Testis-DMRT6-ChIP-Seq(GSE60440)/Homer,YDGHTACAWTGTADC,1.00E+00,-3.21E-02,1,1,0.38%,374,1.30%
Stat3(Stat)/mES-Stat3-ChIP-Seq(GSE11431)/Homer,CTTCCGGGAA,1.00E+00,-3.17E-02,1,17,6.39%,2715.7,9.42%
Tcf3(HMG)/mES-Tcf3-ChIP-Seq(GSE11724)/Homer,ASWTCAAAGG,1.00E+00,-3.05E-02,1,2,0.75%,577.1,2.00%
CREB5(bZIP)/LNCaP-CREB5.V5-ChIP-Seq(GSE137775)/Homer,VVATGACGTCAT,1.00E+00,-2.42E-02,1,10,3.76%,1836,6.37%
Barx1(Homeobox)/Stomach-Barx1.3xFlag-ChIP-Seq(GSE69483)/Homer,AAACMATTAN,1.00E+00,-2.19E-02,1,3,1.13%,797.1,2.76%
STAT4(Stat)/CD4-Stat4-ChIP-Seq(GSE22104)/Homer,NYTTCCWGGAAR,1.00E+00,-1.92E-02,1,20,7.52%,3224.6,11.18%
IRF8(IRF)/BMDM-IRF8-ChIP-Seq(GSE77884)/Homer,GRAASTGAAAST,1.00E+00,-1.80E-02,1,7,2.63%,1459.4,5.06%
Atf1(bZIP)/K562-ATF1-ChIP-Seq(GSE31477)/Homer,GATGACGTCA,1.00E+00,-1.79E-02,1,23,8.65%,3627,12.58%
"RAR:RXR(NR),DR0/ES-RAR-ChIP-Seq(GSE56893)/Homer",AGGTCAAGGTCA,1.00E+00,-1.77E-02,1,1,0.38%,436.2,1.51%
Dlx3(Homeobox)/Kerainocytes-Dlx3-ChIP-Seq(GSE89884)/Homer,NDGTAATTAC,1.00E+00,-1.66E-02,1,5,1.88%,1166.1,4.04%
Elk4(ETS)/Hela-Elk4-ChIP-Seq(GSE31477)/Homer,NRYTTCCGGY,1.00E+00,-1.64E-02,1,46,17.29%,6478.2,22.46%
JunD(bZIP)/K562-JunD-ChIP-Seq/Homer,ATGACGTCATCN,1.00E+00,-1.57E-02,1,4,1.50%,1013.4,3.51%
ELF1(ETS)/Jurkat-ELF1-ChIP-Seq(SRA014231)/Homer,AVCCGGAAGT,1.00E+00,-1.52E-02,1,42,15.79%,6021.6,20.88%
STAT5(Stat)/mCD4+-Stat5-ChIP-Seq(GSE12346)/Homer,RTTTCTNAGAAA,1.00E+00,-1.27E-02,1,5,1.88%,1208.5,4.19%
"bZIP:IRF(bZIP,IRF)/Th17-BatF-ChIP-Seq(GSE39756)/Homer",NAGTTTCABTHTGACTNW,1.00E+00,-1.15E-02,1,3,1.13%,885.4,3.07%
Stat3+il21(Stat)/CD4-Stat3-ChIP-Seq(GSE19198)/Homer,SVYTTCCNGGAARB,1.00E+00,-1.06E-02,1,18,6.77%,3097,10.74%
Atf4(bZIP)/MEF-Atf4-ChIP-Seq(GSE35681)/Homer,MTGATGCAAT,1.00E+00,-9.80E-03,1,2,0.75%,717.2,2.49%
NRF1(NRF)/MCF7-NRF1-ChIP-Seq(Unpublished)/Homer,CTGCGCATGCGC,1.00E+00,-8.46E-03,1,21,7.89%,3545.7,12.29%
Elk1(ETS)/Hela-Elk1-ChIP-Seq(GSE31477)/Homer,HACTTCCGGY,1.00E+00,-7.54E-03,1,44,16.54%,6463.2,22.41%
E2F7(E2F)/Hela-E2F7-ChIP-Seq(GSE32673)/Homer,VDTTTCCCGCCA,1.00E+00,-7.40E-03,1,6,2.26%,1451.7,5.03%
Chop(bZIP)/MEF-Chop-ChIP-Seq(GSE35681)/Homer,ATTGCATCAT,1.00E+00,-6.30E-03,1,1,0.38%,546.5,1.89%
NRF(NRF)/Promoter/Homer,STGCGCATGCGC,1.00E+00,-5.86E-03,1,21,7.89%,3627.8,12.58%
YY1(Zf)/Promoter/Homer,CAAGATGGCGGC,1.00E+00,-1.63E-03,1,2,0.75%,932.3,3.23%
ETS(ETS)/Promoter/Homer,AACCGGAAGT,1.00E+00,-1.29E-03,1,23,8.65%,4215.1,14.61%
Mouse_Recombination_Hotspot(Zf)/Testis-DMC1-ChIP-Seq(GSE24438)/Homer,ACTYKNATTCGTGNTACTTC,1.00E+00,0.00E+00,1,0,0.00%,127.4,0.44%
T1ISRE(IRF)/ThioMac-Ifnb-Expression/Homer,ACTTTCGTTTCT,1.00E+00,0.00E+00,1,0,0.00%,39.7,0.14%
"Pax7(Paired,Homeobox)/Myoblast-Pax7-ChIP-Seq(GSE25064)/Homer",TAATCAATTA,1.00E+00,0.00E+00,1,0,0.00%,91.1,0.32%
ZNF41(Zf)/HEK293-ZNF41.GFP-ChIP-Seq(GSE58341)/Homer,CCTCATGGTGYCYTWYTCCCTTGTG,1.00E+00,0.00E+00,1,0,0.00%,76.3,0.26%
"OCT:OCT(POU,Homeobox,IR1)/NPC-Brn2-ChIP-Seq(GSE35496)/Homer",ATGAATWATTCATGA,1.00E+00,0.00E+00,1,0,0.00%,38.2,0.13%
ZNF16(Zf)/HEK293-ZNF16.GFP-ChIP-Seq(GSE58341)/Homer,MACCTTCYATGGCTCCCTAKTGCCY,1.00E+00,0.00E+00,1,0,0.00%,34.3,0.12%
NFE2L2(bZIP)/HepG2-NFE2L2-ChIP-Seq(Encode)/Homer,AWWWTGCTGAGTCAT,1.00E+00,0.00E+00,1,0,0.00%,98.3,0.34%
REST-NRSF(Zf)/Jurkat-NRSF-ChIP-Seq/Homer,GGMGCTGTCCATGGTGCTGA,1.00E+00,0.00E+00,1,0,0.00%,70.4,0.24%
ZNF382(Zf)/HEK293-ZNF382.GFP-ChIP-Seq(GSE58341)/Homer,GNCTGTASTRNTGBCTCHTT,1.00E+00,0.00E+00,1,0,0.00%,70.7,0.25%
"OCT:OCT(POU,Homeobox)/NPC-Brn1-ChIP-Seq(GSE35496)/Homer",ATGAATATTCATGAG,1.00E+00,0.00E+00,1,0,0.00%,26.9,0.09%
Hnf1(Homeobox)/Liver-Foxa2-Chip-Seq(GSE25694)/Homer,GGTTAAWCATTAA,1.00E+00,0.00E+00,1,0,0.00%,227.3,0.79%
Nrf2(bZIP)/Lymphoblast-Nrf2-ChIP-Seq(GSE37589)/Homer,HTGCTGAGTCAT,1.00E+00,0.00E+00,1,0,0.00%,126.4,0.44%
ISRE(IRF)/ThioMac-LPS-Expression(GSE23622)/Homer,AGTTTCASTTTC,1.00E+00,0.00E+00,1,0,0.00%,231.1,0.80%
TCFL2(HMG)/K562-TCF7L2-ChIP-Seq(GSE29196)/Homer,ACWTCAAAGG,1.00E+00,0.00E+00,1,0,0.00%,212.3,0.74%
Bach1(bZIP)/K562-Bach1-ChIP-Seq(GSE31477)/Homer,AWWNTGCTGAGTCAT,1.00E+00,0.00E+00,1,0,0.00%,148.6,0.52%
DUX(Homeobox)/C2C12-Dux-ChIP-Seq(GSE87279)/Homer,BCWGATTCAATCAAN,1.00E+00,0.00E+00,1,0,0.00%,4.9,0.02%
ZFP3(Zf)/HEK293-ZFP3.GFP-ChIP-Seq(GSE58341)/Homer,GGGTTTTGAAGGATGARTAGGAGTT,1.00E+00,0.00E+00,1,0,0.00%,1.6,0.01%
Duxbl(Homeobox)/NIH3T3-Duxbl.HA-ChIP-Seq(GSE119782)/Homer,TAAYCYAATCAA,1.00E+00,0.00E+00,1,0,0.00%,139.2,0.48%
GFX(?)/Promoter/Homer,ATTCTCGCGAGA,1.00E+00,0.00E+00,1,0,0.00%,356.8,1.24%
"GATA(Zf),IR4/iTreg-Gata3-ChIP-Seq(GSE20898)/Homer",NAGATWNBNATCTNN,1.00E+00,0.00E+00,1,0,0.00%,116.4,0.40%
"GATA3(Zf),DR8/iTreg-Gata3-ChIP-Seq(GSE20898)/Homer",AGATSTNDNNDSAGATAASN,1.00E+00,0.00E+00,1,0,0.00%,103.9,0.36%
"RAR:RXR(NR),DR5/ES-RAR-ChIP-Seq(GSE56893)/Homer",RGGTCADNNAGAGGTCAV,1.00E+00,0.00E+00,1,0,0.00%,122.7,0.43%
"Pax7(Paired,Homeobox),long/Myoblast-Pax7-ChIP-Seq(GSE25064)/Homer",TAATCHGATTAC,1.00E+00,0.00E+00,1,0,0.00%,17.5,0.06%
RARg(NR)/ES-RARg-ChIP-Seq(GSE30538)/Homer,AGGTCAAGGTCA,1.00E+00,0.00E+00,1,0,0.00%,118.4,0.41%
"Pax7(Paired,Homeobox),longest/Myoblast-Pax7-ChIP-Seq(GSE25064)/Homer",NTAATTDGCYAATTANNWWD,1.00E+00,0.00E+00,1,0,0.00%,18.4,0.06%
EBNA1(EBV-virus)/Raji-EBNA1-ChIP-Seq(GSE30709)/Homer,GGYAGCAYDTGCTDCCCNNN,1.00E+00,0.00E+00,1,0,0.00%,71.6,0.25%
NF-E2(bZIP)/K562-NFE2-ChIP-Seq(GSE31477)/Homer,GATGACTCAGCA,1.00E+00,0.00E+00,1,0,0.00%,167,0.58%
"Oct4:Sox17(POU,Homeobox,HMG)/F9-Sox17-ChIP-Seq(GSE44553)/Homer",CCATTGTATGCAAAT,1.00E+00,0.00E+00,1,0,0.00%,221.8,0.77%
DUX4(Homeobox)/Myoblasts-DUX4.V5-ChIP-Seq(GSE75791)/Homer,NWTAAYCYAATCAWN,1.00E+00,0.00E+00,1,0,0.00%,62.9,0.22%