gene,log2FC,pvalue,adjusted_pvalue
Neurl3,5.22731296299287,5.820909352038e-168,1.0379263465619e-163
Cxcl1,8.33049530096524,1.13572831563015e-121,1.01255857980006e-117
Nos2,6.20087194491155,9.118943060111651e-117,5.419995790161701e-113
Gbp2,4.81682332687437,7.88046412997511e-107,3.5129138975396596e-103
Nfkbia,3.39678384971443,3.51634802827792e-105,1.25400003384447e-101
Zc3h12a,3.76704283053114,5.95689852898876e-95,1.77029096117331e-91
Gm16685,5.20521076741461,1.61536897737733e-89,4.1148063193735896e-86
Cxcl2,7.12472187053495,5.40399159705906e-84,1.2044821770894999e-80
Nfkbie,3.05511017354214,5.98953047923967e-81,1.1866590886147001e-77
Birc3,2.13555761354903,1.22907085816425e-80,2.1915562471926798e-77
Lif,3.28701911133789,1.52928823168306e-80,2.4789762235582396e-77
Ccl5,5.14160808483576,1.85006839076832e-71,2.74904745631583e-68
Steap4,7.02605567739542,3.1000138488686898e-71,4.25202668762904e-68
Sele,6.34455830407676,3.3203823901054e-69,4.22898131414067e-66
Gbp7,2.72340332860779,1.39255751467094e-67,1.65537953627317e-64
Tlr2,4.04494147670032,1.87892054800769e-65,2.09393951822032e-62
Relb,2.37807707571608,2.4739642779087e-61,2.5948974729053e-58
A4galt,2.44810382321449,1.36412107142131e-60,1.35131349025075e-57
Nfkbiz,3.8252883774344,5.32030184678189e-60,4.99296327526147e-57
Bcl3,3.63457445608537,7.0572681010149805e-59,6.2919073754599e-56
Gbp5,5.29574925166541,7.768667583278349e-57,6.596338651306491e-54
Slc7a2,2.06768850717533,2.0092591459031898e-56,1.62850453775454e-53
Nfkb2,1.4214863556489,1.2060639590728699e-55,9.35014193662102e-53
Cxcl10,5.92204418851477,7.14238105045606e-55,5.3064915212784205e-52
Rnd1,3.12102963263328,1.07644972563656e-54,7.67767002313017e-52
C3,4.86146425846219,3.61570711694389e-54,2.47967975393179e-51
Icosl,4.94878695003574,9.76334086917288e-53,6.44778263104525e-50
Cxcl5,7.46361253708611,3.10538017011633e-52,1.9775726361908697e-49
H2-Q4,2.17320107950995,1.64252679567659e-49,1.00992742392101e-46
Parp14,2.72190922962296,5.40313282704049e-43,3.2114420479653e-40
Bid,2.01748044467306,6.968392745594269e-43,4.00817454989327e-40
Gbp6,5.89049484778532,3.30057739529841e-41,1.83914361048644e-38
Gbp3,4.55008666319496,7.56634695305939e-41,4.08834947030309e-38
Tyk2,1.26632933659505,4.26530581976701e-40,2.23690200212546e-37
H2-K1,1.17696946519375,4.76972484492495e-40,2.42997039171019e-37
Cx3cl1,3.72557706838902,8.106088041345431e-38,4.0149904407008403e-35
Slc41a2,0.755093534074085,1.25800598708906e-37,6.06256885291485e-35
Ifi47,2.65078266969897,7.8318483313164e-36,3.6749917788342795e-33
Nfkb1,1.83963008934139,5.62813404876716e-33,2.5732117493222397e-30
Parp9,1.40132058376154,2.6670931156293502e-31,1.1889234336196699e-28
Gm12840,2.03880884573012,3.80431438756344e-31,1.65450560596692e-28
Cd83,3.8615251559101,6.678080997281019e-30,2.8351633872027998e-27
Cxcl16,3.31882795627532,5.54049031152878e-28,2.2974995987179e-25
Vcam1,3.38178426385423,9.09444883831521e-28,3.68552539172724e-25
Tjp2,0.784433670812872,1.31039850654048e-27,5.19238128224964e-25
Ripk2,3.31124392034325,1.99848370724355e-27,7.746731083447781e-25
Micall2,1.69044310724745,9.97095041796318e-27,3.78280887027024e-24
Ube2l6,1.25764783159017,1.2155491544199001e-26,4.51551186926275e-24
Irf1,2.55684272315906,3.23515720514258e-26,1.17726710458974e-23
Pdgfb,3.27635829489853,3.83654523994152e-26,1.3681887634679502e-23
Tnfaip2,2.43020563851658,4.47185408142245e-25,1.563482943644e-22
Irgm2,1.04760423900595,4.870796034938791e-25,1.67021469421142e-22
Sbno2,1.11879959755031,1.56754011692942e-24,5.2737373254657395e-22
Serpina3g,3.48142876222836,2.2716242639937e-24,7.500987453939201e-22
Tnfaip3,3.54199215103021,2.5128767215872602e-24,8.14674633138591e-22
Tnip1,1.63106744021317,3.3957663773786404e-24,1.08124839776855e-21
Sp140,3.75238361196222,1.2850275259536901e-23,4.01988172197899e-21
Pik3r5,2.43738934681239,4.06732509550739e-23,1.25042196168952e-20
Znrf1,1.24787405788388,5.0158145613193105e-23,1.5158811769980502e-20
Pxn,1.01616346430621,6.84408726171242e-23,2.0339486660599e-20
Ptgir,2.50867610580817,1.00936000348013e-22,2.95047511836955e-20
Traf1,3.78806661370094,2.40019101940188e-22,6.902871946283041e-20
Ereg,2.37349076225617,3.01334032587378e-22,8.528709738199251e-20
Tslp,3.76294924401759,4.68180785776629e-22,1.30439556112236e-19
Gbp9,4.63456316585264,1.11204775879387e-21,3.0506036287774704e-19
Dtx3l,1.83519986657271,2.6827385670445603e-21,7.247865361965399e-19
Stx11,3.00059988725712,8.248812685754591e-21,2.19529222387597e-18
Sdc4,1.42779813128794,2.5224756038893503e-20,6.6144503666104495e-18
Rab32,0.971020995587464,2.61746885078172e-20,6.76407059105634e-18
Cxcl9,3.23178094304287,2.9747711010375304e-20,7.57759192894289e-18
Gfpt2,1.08766394336498,3.56963557856301e-20,8.96481295793761e-18
Nrp2,1.05777780190902,4.6101926138388304e-20,1.14172700690778e-17
Ccl2,4.9947266944614,6.41672723792852e-20,1.56735155314388e-17
Pim1,1.09433692792288,9.314864857451501e-20,2.2445048009894302e-17
Psmb8,2.50239708896666,1.1062148336704e-19,2.62998889322359e-17
Lcn2,4.95952409952635,1.93356764254974e-19,4.53650587293479e-17
Parp10,1.60500692147654,2.08320778767707e-19,4.82411403403504e-17
Gvin1,1.17204902426573,4.70973046725717e-19,1.07665646104696e-16
Slc11a2,1.50533167540546,5.03767088851103e-19,1.13704695712709e-16
Traf2,0.855649645850271,8.111176631098131e-19,1.80787988136388e-16
Gm26809,1.39756563218332,1.6293025983289798e-18,3.5866783494819897e-16
Serpina3f,6.76878579344279,2.33650778132022e-18,5.08076466447815e-16
Rhbdf2,1.1338523391605,2.53226160165204e-18,5.44009115892259e-16
Adamts7,1.02255207470063,2.9522657754221002e-18,6.266887028756119e-16
Gm20400,1.7401297283746,3.5829159639723e-18,7.516114653363549e-16
Casp4,1.9827562517139,1.0150832768383501e-17,2.1046453382912303e-15
Psmb10,1.8862334806597,1.2517760951705301e-17,2.56556546586044e-15
Rasgef1a,1.98853331866158,2.11049975348853e-17,4.2764001255061306e-15
AW112010,7.35746738758133,2.2004658733210802e-17,4.4085962906953e-15
Il15,1.94348666025319,2.35296035152627e-17,4.661737336451661e-15
Lbp,3.0463820825249,4.88900791270035e-17,9.579769240808791e-15
Trp53,0.618151444399737,6.69129964495215e-17,1.29687569531676e-14
Camkk2,1.40358911288416,6.80900406831283e-17,1.30549840367835e-14
Znfx1,0.691367890838968,8.94689955450726e-17,1.69715070166403e-14
Ier3,1.82531364375321,1.00027171957608e-16,1.8774573717643302e-14
Iigp1,2.74267783768271,1.37914250086063e-16,2.56161353467144e-14
Csf1,2.39679737486964,1.54277351602656e-16,2.8359994396154303e-14
Usp53,0.768196776550042,1.77315461322489e-16,3.22623672534827e-14
Zeb1,0.81114657249265,1.98652901256285e-16,3.5779594770715303e-14
Hivep2,1.000401222828,4.31584720287001e-16,7.69558714743751e-14
Map3k8,2.01908430059744,9.74338424103545e-16,1.7201414297218099e-13
Herc6,1.58920871401733,1.1187416219432401e-15,1.95571390792842e-13
Adamts4,1.56520036266558,1.4697232767448301e-15,2.5198688218881797e-13
Rrad,1.66096633399018,1.4632760717134e-15,2.5198688218881797e-13
Smox,0.941909386282859,2.8582819715344303e-15,4.8539072223267e-13
Rnf122,0.883938312197175,3.1379303334616e-15,5.27853167697676e-13
Slco5a1,2.5507499318491,3.91964881053063e-15,6.53189326547399e-13
Tgif1,0.654830544867501,7.22656876302381e-15,1.19311988530998e-12
Zmynd15,2.1260298391077,7.72591824663291e-15,1.26386099317166e-12
Fas,1.44786758588791,1.13525440610625e-14,1.84024739229823e-12
Hivep1,1.21669959834976,1.3831563781207601e-14,2.22189742146588e-12
Nfkbid,2.54726435629687,1.52473305785141e-14,2.4274567102275397e-12
Plscr1,1.57815640713401,2.2351685452053602e-14,3.52701684332361e-12
Slco4a1,2.11631568182786,2.84530362611615e-14,4.45040429449799e-12
Slc2a6,2.37428549325665,2.91415405447898e-14,4.5184592126447595e-12
Cyp7b1,2.36475825170598,8.7219403123486e-14,1.3406975664611e-11
Cish,1.77102639254725,1.0212547895027e-13,1.54321984335785e-11
H2-Q5,3.5118943008424,1.01481782724873e-13,1.54321984335785e-11
Gbp4,5.21710427276502,1.28162908610046e-13,1.9203973306098598e-11
Nod2,2.02744901313623,1.53372695539828e-13,2.27899044514223e-11
Mnda,1.1905693281036,1.69478950922762e-13,2.4975034495072498e-11
Gm12505,1.70543544927832,1.9214958234705998e-13,2.8083763957626497e-11
Uba7,1.23891961287251,2.10804383680426e-13,3.0559780206550196e-11
Cd69,4.80948937412663,2.56453723154589e-13,3.68776317545925e-11
Nup188,0.503289121781172,3.2031184891000005e-13,4.555167531758949e-11
Spata13,2.05750072789212,3.21883859010503e-13,4.555167531758949e-11
H2-Q6,2.31936595409224,3.58082525862269e-13,5.02753505405521e-11
Sema4b,1.14240615024399,3.6365555812777597e-13,5.0658923882627894e-11
Dtx4,1.26980138840979,4.28788766284897e-13,5.926924412113169e-11
Stap2,1.57894677569415,4.55103593671666e-13,6.242270906738059e-11
Tapbpl,1.15534786979557,6.11131230211474e-13,8.31838241671817e-11
Psd,1.65708913340106,7.420837277940001e-13,1.00243143562839e-10
Ubd,6.96328958874753,8.99235761783195e-13,1.20558442619219e-10
Traf3,0.826893437658974,1.07822678125157e-12,1.4347658012311e-10
Spire1,0.543858412355563,1.10201845070956e-12,1.45556229589645e-10
Vezf1,0.358558719300277,1.73953675028013e-12,2.28071174957684e-10
Nipal1,1.07234259702803,1.83893520965664e-12,2.39343457834945e-10
Tmem132e,2.91336216495909,2.18155028664959e-12,2.81878428704701e-10
Tapbp,1.26362790792973,2.30645846790262e-12,2.9587381972065903e-10
Psme1,0.597144880692285,2.50824623649733e-12,3.19460990307027e-10
Gch1,1.63110016032215,3.0398466319115798e-12,3.84422023358974e-10
E230013L22Rik,1.93801120926951,3.84514227973844e-12,4.82836140774761e-10
H2-Q7,2.15534379812896,4.13224613095109e-12,5.15259306020901e-10
Dram1,1.62124795044804,6.14619739881071e-12,7.610614292930121e-10
Mtmr14,1.19642904764566,6.24866979820079e-12,7.68414008080816e-10
Rab11fip1,0.897813438272512,1.0230686903867099e-11,1.24947519303324e-09
Tgtp1,3.69584051161783,1.06443092801512e-11,1.2911474746556202e-09
Tnfrsf1b,1.35575314365606,1.35084344997492e-11,1.62749253760154e-09
Trim47,0.987500844863245,1.4546360129573298e-11,1.7407795132243e-09
Chil1,3.5253356036028,1.71835377556903e-11,2.0426644114780903e-09
Orai2,0.937832951256106,2.0881328285276697e-11,2.4549472578615304e-09
S1pr2,0.840062111516072,2.0927148404181e-11,2.4549472578615304e-09
Arhgef3,1.12947671814818,2.42561237788899e-11,2.8268689091593803e-09
Slc25a37,0.876806935265216,2.6409661089964497e-11,3.05786147334518e-09
Ralb,0.826755522062659,3.0705257123369496e-11,3.5322931597858103e-09
Plekha5,-0.529515236636767,3.1436639857813096e-11,3.59324823913247e-09
Fgf7,1.24104986002853,5.356472701714209e-11,6.08352004740548e-09
Cebpd,2.83353911867985,5.48245618595507e-11,6.1871946994787905e-09
Gm11131,1.60961242657251,9.359063335484859e-11,1.04383041974348e-08
Slc31a2,0.664827227363443,9.3664330188412e-11,1.04383041974348e-08
St3gal1,0.846536193104805,1.24093504651758e-10,1.37435483319596e-08
Il13ra1,2.27550677145768,1.41713419951841e-10,1.5598098710872e-08
Icam1,2.59352816223691,1.43955134392994e-10,1.57476319101931e-08
Parp3,0.625057955538326,1.8928026092007402e-10,2.05796117833283e-08
Mettl7a1,-0.696346755966218,2.41681303253656e-10,2.61176928382785e-08
Tgtp2,4.04114548039835,3.62867433561882e-10,3.8977645830373e-08
Rhof,0.939205754914888,3.9695102539985004e-10,4.23834355323637e-08
Gsap,1.87554856837205,4.08175440857603e-10,4.33224778924519e-08
Lilrb4,2.37550993805064,4.52831985109803e-10,4.7777793647887e-08
F830016B08Rik,2.08962743775409,5.91029099457501e-10,6.19919992495688e-08
Klhl25,0.741770792166072,6.29547708818152e-10,6.56459952978741e-08
Pik3r1,0.655572534997236,6.36128478212675e-10,6.59465517151756e-08
Etv3,0.662786178428386,6.68104037405812e-10,6.88610583293817e-08
Ell2,0.608344491009297,6.83597127531353e-10,7.00529906954687e-08
Rbm47,1.73677133006626,6.95319651904139e-10,7.08471126463012e-08
Trim21,1.57932741747705,7.62259915460106e-10,7.7226457685052e-08
Srgap3,-0.60749673446428,8.064906164079051e-10,8.12459558258156e-08
St5,0.974660454336732,8.28910038194149e-10,8.30353645564038e-08
Foxp4,0.920435194335388,9.11135589106156e-10,9.07623390466585e-08
Zeb2,0.482851604144378,1.31054157360231e-09,1.29233176775517e-07
Zfp36l1,1.11872056923804,1.3118279959827502e-09,1.29233176775517e-07
Gp49a,2.98817488863858,1.5156044411146502e-09,1.4848759774459e-07
Rnf213,1.06298951014946,1.5719023482301402e-09,1.5316169820378e-07
Slfn8,1.29754662342684,1.6478470945573602e-09,1.59688921429632e-07
Rhog,0.782035107672972,1.65749098494557e-09,1.59755252716564e-07
Kat6b,-0.352338012305775,1.7831696167839202e-09,1.70944609875667e-07
Ninl,0.626120026583233,1.90694848756061e-09,1.81833146960927e-07
H2-Q10,2.95294472918562,2.2179097549646e-09,2.10359302344541e-07
AU020206,1.98231815604398,2.27965552620972e-09,2.15071627978019e-07
Ablim2,1.80607289894182,2.7515837259657e-09,2.58228891672076e-07
Plxnd1,1.25900470213642,3.0104927950668202e-09,2.81047628423228e-07
Cdc42se2,0.425485956632752,3.5942845539945804e-09,3.33800457720194e-07
Sertad2,0.558669618238502,3.79529636194638e-09,3.50642121398269e-07
Ifi203,2.46642499749233,4.1131294043965e-09,3.78047476339145e-07
Trim24,0.436725524905987,4.14470547301414e-09,3.78996119432385e-07
Ifit1,1.6149094969293,4.6906412763260605e-09,4.26728696929439e-07
Gm16098,2.28171382080314,5.080410720906111e-09,4.59841642459273e-07
Ifngr2,0.558437419272555,5.159851455848231e-09,4.64673289440555e-07
BC023105,3.20035570334233,5.5399898860972805e-09,4.9639979728141e-07
Arid5a,1.19428216323621,6.049824529607021e-09,5.39372105937114e-07
Arrdc4,0.911802894312973,6.923443691948241e-09,6.14188678960841e-07
Trim34a,0.831035405217442,6.97207875405245e-09,6.15441268631234e-07
Parp12,1.08429031749251,7.528714034740011e-09,6.6130295543571e-07
Helz2,0.976450215154071,8.42361402998076e-09,7.3628167533621e-07
Stxbp6,1.76397490347716,9.2408345749391e-09,8.03772299052386e-07
Ampd3,1.26636587070138,1.17875464034818e-08,1.02030941708973e-06
Igsf9,1.88416816243846,1.21016714071532e-08,1.04243914425579e-06
Fbrsl1,1.01801657056864,1.51251272688768e-08,1.29661607851607e-06
Rab8b,0.767208560423598,1.58084688077956e-08,1.34871199670719e-06
Zfp36,1.1753719955004,1.70595204251832e-08,1.44851575572115e-06
Ifngr1,0.639260540748694,1.77329444158258e-08,1.49855986672318e-06
Slitrk5,-0.623502577744481,1.98080198195243e-08,1.66602264812235e-06
Ccl9,1.59417412051939,2.22733463996044e-08,1.86458234578097e-06
Sp110,2.7991061285954,2.26452636884073e-08,1.88685839639248e-06
Gm4841,2.30057348588029,2.29089351462774e-08,1.89994987252685e-06
Rnf19b,0.743975103903875,2.41876007307164e-08,1.99670883624724e-06
Rsad2,1.92164556355903,2.94359059434642e-08,2.41876331280143e-06
Ch25h,2.04600184731613,4.51277238787015e-08,3.691158002207e-06
Arap3,1.55194209505719,4.79745207553131e-08,3.90608986113236e-06
Ankrd33b,2.87454384600811,5.25071528431147e-08,4.25570473793445e-06
Samd9l,0.915348163785764,5.36911622617931e-08,4.33197789271508e-06
Denr,0.58187435439735,5.43143745215613e-08,4.36252077519801e-06
Tsc22d1,0.546074187695237,5.55747262158082e-08,4.44373517109451e-06
Il4ra,0.584032808727229,5.61923118545071e-08,4.4730585387398e-06
Tmem74,1.10477547337025,5.74256996125807e-08,4.55092288796412e-06
Fgfr1op,0.647919025454577,5.82961725814623e-08,4.59946483761086e-06
Parp4,0.4308179638395,7.53957822937776e-08,5.92238852017774e-06
Nek6,0.547926565886168,7.7811692502711e-08,6.08535214480632e-06
Slc43a2,0.889176900381352,8.90093086561328e-08,6.93067678012011e-06
Ikbke,1.39710011059289,9.32644715377661e-08,7.2304295303909e-06
Igtp,1.26086396879789,1.06170141033231e-07,8.1953237435651e-06
Ifi35,0.558266354150257,1.1869977602161e-07,9.12299873379884e-06
Cd82,0.478457013060681,1.23555671644015e-07,9.45545571280869e-06
Rela,0.597012840568944,1.27736305813942e-07,9.73361567935217e-06
Trim12a,0.922247115943829,1.30631748830263e-07,9.91189239741457e-06
Zhx2,0.943515005147188,1.42559211120926e-07,1.07710732775306e-05
H2-M2,4.00338570746818,1.49031016714787e-07,1.12125403335079e-05
Erbb2ip,0.435247256401228,1.53973320638834e-07,1.15357070601304e-05
Pnrc1,0.764714578481602,1.57907372692772e-07,1.17809471233674e-05
Pik3cd,0.813534716181752,1.59447683686707e-07,1.18462985325736e-05
Ptpn9,0.344190747233259,1.63378121353747e-07,1.20879472276293e-05
Tor3a,0.526459316230636,1.6478426312678e-07,1.21416041149323e-05
Fbxl22,1.57264977170031,1.66112355870508e-07,1.21890922531976e-05
Psme2,0.893878259061577,1.71753461965067e-07,1.2551376968439e-05
C77080,0.863341910650084,1.77335870350457e-07,1.29064322621183e-05
Cilp2,1.82492460981779,1.7919887930508e-07,1.29890049467028e-05
Elf3,3.4995627808414,1.88458961048701e-07,1.36049058075279e-05
Utp14b,-1.21402097768456,1.90423969651541e-07,1.36913298502284e-05
Myo1e,-0.429010360613591,1.9166178506883e-07,1.37249850986438e-05
Ninj1,0.583861774501791,1.97776510192538e-07,1.41062118129726e-05
Ifnar2,0.712823689025206,2.0282833899798e-07,1.44088928791752e-05
Hk2,0.881502676166498,2.08959894433634e-07,1.47855709430402e-05
Stx6,1.00863560413719,2.10416273300037e-07,1.48297730008417e-05
ENSMUSG00000085685,0.858567740204529,2.13986234166125e-07,1.50220021315597e-05
Mllt3,-0.492546533196134,2.49240800975133e-07,1.74282851850494e-05
Foxs1,2.85486806016026,2.60178173690106e-07,1.81220195901105e-05
Egln3,1.30333248938069,2.86755495384471e-07,1.9887052383251e-05
Rfx5,0.711758228094602,2.87749397951812e-07,1.9887052383251e-05
Itgb8,0.94099175504318,2.98487435236303e-07,2.05495345857086e-05
Erap1,0.916693090583913,3.07540583778516e-07,2.10486112084376e-05
Gm11874,2.16018091931384,3.08097556244866e-07,2.10486112084376e-05
Gm15698,-1.31121262034033,3.23938205367241e-07,2.19625176422178e-05
Inf2,0.769804756777515,3.23380327892652e-07,2.19625176422178e-05
Heatr9,3.93878931942483,3.27518515680486e-07,2.21211464132528e-05
Pcsk2,2.6332555289404,3.4096494389462e-07,2.29424374135282e-05
Rgs16,1.90117092156969,3.5066410216087e-07,2.35063594196634e-05
Slpi,2.72713687576893,3.81820615599479e-07,2.54990389391547e-05
Jak2,1.03090906367387,3.91106794170512e-07,2.60217359957253e-05
Nub1,0.687929073459182,4.04816710937032e-07,2.67343954545119e-05
Nmi,0.707103097186674,4.03949734848145e-07,2.67343954545119e-05
Mycl,1.02544011615514,4.57138770131378e-07,3.00783815875004e-05
Bahcc1,0.496731882598854,4.78822784307235e-07,3.11601790765778e-05
Slc4a7,0.658093712748848,4.76945011539718e-07,3.11601790765778e-05
Tmcc3,0.560044982847997,4.785668762869e-07,3.11601790765778e-05
Zc3h12c,0.653136958230984,5.05952511488201e-07,3.28059608448949e-05
Cd274,2.1178683313813,5.77769514679384e-07,3.73268413632178e-05
Ptgs2,0.996729502880315,5.89536421862005e-07,3.79495449033264e-05
Stat2,0.435446653915032,5.94844700971553e-07,3.81535102986466e-05
Gm5428,5.01699544362961,6.06562171699071e-07,3.87656275396636e-05
Fam167a,1.776267698091,6.2693927561409e-07,3.99248365124101e-05
Zmiz1,0.271681596033283,6.37370763434313e-07,4.04446906861112e-05
Osmr,1.55121635479666,6.3964159235215e-07,4.044485543699e-05
Ifitm3,0.879213649489509,6.42590253180517e-07,4.04877272242466e-05
H2-D1,0.560015335203339,6.76656586416639e-07,4.24840267337855e-05
Ugcg,0.623367843288846,6.8146949089182e-07,4.26360789196212e-05
Ccrl2,2.4914413263545,7.10238723352786e-07,4.42806527136487e-05
Bmp2,2.07913101783795,7.26188871040928e-07,4.51173301725811e-05
Bmp3,2.9524274824564,7.56539953289441e-07,4.68398052330001e-05
Ddx58,0.723202258421754,7.97001503268385e-07,4.91741654144587e-05
Polr2a,0.307611920636152,8.46613317070358e-07,5.2055041574764e-05
Ep400,0.425304275253887,9.02999240869492e-07,5.53312009070237e-05
Clic4,0.736291671066294,9.45715933229229e-07,5.77502082377068e-05
Gm2260,1.60985093876013,1.06066072121905e-06,6.45482638909793e-05
Socs2,1.00652371870936,1.09977303652932e-06,6.67008605930418e-05
Saa3,2.84852684722038,1.13675125725932e-06,6.87098700616644e-05
Gpr68,1.46824794422704,1.14351223809018e-06,6.88850226938714e-05
Nlrp3,2.84806290721311,1.20581694557484e-06,7.23936766213633e-05
Plscr2,1.03040613255589,1.21460553634169e-06,7.2676615162781e-05
Trafd1,0.318450533851825,1.28483407610574e-06,7.6621660237597e-05
Ifnar1,0.606240937256618,1.35342507338025e-06,8.04430749448108e-05
Zswim4,0.915724681062231,1.36900085534237e-06,8.10985191083383e-05
Prkcd,0.635882293682429,1.38787992742198e-06,8.19446588935805e-05
Oasl2,2.31654638928612,1.55119005474812e-06,9.12847190304083e-05
Irf2,0.549329980627658,1.5706938441428e-06,9.21284274174678e-05
Slc4a4,-0.801870960871956,1.65543922639006e-06,9.67807765434795e-05
Mast4,0.661950963508223,1.66802655482833e-06,9.69670202237136e-05
Szrd1,0.356152685561065,1.66950116138635e-06,9.69670202237136e-05
Myd88,0.684295621928522,1.71496455376802e-06,9.92841979163557e-05
Pigv,0.732497153987264,1.79716795267978e-06,0.0001037064782014
Tap2,0.732131066993393,1.82254580936405e-06,0.0001048316591186
Mndal,1.55883174718654,1.90892320384133e-06,0.0001094469763591
Nrip1,0.382595108424279,2.10869884525264e-06,0.0001205134907362
Crtc2,0.437047265485674,2.13253907475196e-06,0.000121486595022
Rerg,-1.68085583582183,2.25979319888437e-06,0.0001283260271633
Slfn10-ps,2.37528371853846,2.31361264654594e-06,0.0001309651653986
Alpk1,0.726870147752629,2.35714096267214e-06,0.0001330069003335
Mapk11,1.2590051715623,2.36912910864101e-06,0.0001332616439627
H2-T10,1.49538322687607,2.45476898415546e-06,0.000137644609297
Ets2,1.05285944757943,2.61983525022247e-06,0.0001464397565727
Egr3,3.42871817286108,2.74573033181686e-06,0.0001529972423332
Kank1,0.466694546676053,3.05093936557776e-06,0.0001694744542916
Spib,2.27101788370416,3.10153561386811e-06,0.0001717499426424
Ifi204,1.28473367860587,3.38141389480733e-06,0.0001866687032765
Serpina3i,3.40556555254703,3.42862425672815e-06,0.0001886907380299
Coil,-0.398251795536445,3.60170772844243e-06,0.0001976063092487
Mfsd7c,0.965166555562257,3.64444406852377e-06,0.0001993376754167
Gm4070,0.894758240729894,3.86098233729208e-06,0.000210535706594
Usp42,0.361637995464622,3.94605379610501e-06,0.0002145185525559
Ccrn4l,0.618386519172286,4.23566236208197e-06,0.0002295626005418
C1s1,0.525875255783827,4.29065675829228e-06,0.0002318384868397
Mapkapk2,0.642348701700563,4.30456976079633e-06,0.0002318875631563
Gm17334,3.28237628912907,4.39936611965663e-06,0.0002362804134927
Jade1,-0.627166791359042,4.53176152847938e-06,0.0002426601796225
Zbtb40,0.638876675843052,4.56401153881859e-06,0.0002436553585289
Ifitm1,2.78701400270071,4.65619785797086e-06,0.0002478348179268
Mat2a,0.28360290895058,4.77158084683912e-06,0.0002528070550165
Tnfrsf9,2.01211178868039,4.77796968989784e-06,0.0002528070550165
Stat3,0.282065783895909,4.92174906977336e-06,0.0002596441055122
Slc45a4,0.517630944155685,5.02005868273618e-06,0.0002640491633388
Gm15987,1.14449989598057,5.03907608758263e-06,0.0002642698991696
Pdlim4,1.31518808107422,5.0730369188769e-06,0.0002652707369515
Nfkbib,1.06142372365531,5.15094741889132e-06,0.0002685571445212
Bcor,0.778925538036654,5.32956637800667e-06,0.0002770597611843
Ogfr,0.525832263190824,5.62578338321888e-06,0.000291608556704
Sh3kbp1,0.443976299159827,5.91823331604633e-06,0.0003058783137925
Parp8,1.21270310701944,6.01238665623056e-06,0.0003098464348764
4930523C07Rik,0.806365985378042,6.21613938752137e-06,0.000319423577576
Pla2g16,0.764318027004824,6.29949162137362e-06,0.0003227765376457
Il15ra,0.748058556764694,6.425308282575e-06,0.0003282798624257
Csprs,3.70417481990909,6.48559446686651e-06,0.0003304132426819
D10Wsu102e,1.03517769556429,6.65866926631651e-06,0.0003382641928424
Hmgxb3,0.396980917080471,6.84815649659266e-06,0.0003469019275305
AI837181,0.513355119948704,7.19143450945313e-06,0.0003622329625368
Col27a1,0.814792746811583,7.1718829701881e-06,0.0003622329625368
Ptpn2,0.732363365715257,7.2723920289583e-06,0.0003652789359671
B4galt5,0.726001405279971,7.40506796648592e-06,0.0003708982216584
Gm6984,3.48584672179642,7.64535868982354e-06,0.0003818610386505
Igsf3,0.564001820491766,8.0250159617984e-06,0.0003997040771363
Errfi1,1.4730846592079,8.06420880749216e-06,0.0004005373460902
Ccl20,3.81351702300535,8.22667074731786e-06,0.0004074715724872
Efhd2,0.471667126686897,8.3013871949489e-06,0.0004100333381527
Kifap3,-0.21978054249852,8.58327050236982e-06,0.0004227853489717
Prr5l,1.11876097900293,9.05028966468512e-06,0.0004434204912935
Sin3a,0.512001940651463,9.05193532784836e-06,0.0004434204912935
Bcl10,0.828695655503351,9.25719311791714e-06,0.0004509972964086
Pglyrp3,3.02378306603085,9.24324561343226e-06,0.0004509972964086
Ube2z,0.218582251430614,9.67208436161305e-06,0.0004699262568172
Ptpn12,0.577179663024128,9.73244825388522e-06,0.000471574143519
Tacc2,-0.289426914399932,1.00808641689713e-05,0.0004871324905065
Whamm,0.623911841464516,1.03674006287063e-05,0.0004996246502985
Coro1a,1.20132909199072,1.05043243848861e-05,0.0005048587819593
Irgm1,0.989343448312298,1.11333508606474e-05,0.0005336526322478
Acot7,0.422720647585231,1.16133871452879e-05,0.0005547048650459
Osbpl2,-0.293874603481469,1.16347719997291e-05,0.0005547048650459
Ier5,0.626314000389357,1.173445154177e-05,0.0005579653478434
Tfe3,0.449471646046057,1.24882643737134e-05,0.000592229367148
Specc1,0.273607431856536,1.2664663921781e-05,0.0005990016508999
Mterf2,-0.575796570884704,1.27794737353391e-05,0.0006028327941133
Nod1,0.488609701041081,1.30654685422636e-05,0.0006146975450583
Cnst,-0.332179380033097,1.33869062607412e-05,0.00062651424025
Ppm1j,1.13728595812337,1.33763932944711e-05,0.00062651424025
Rgs9bp,-1.82822955809445,1.38784267593179e-05,0.0006478173495952
Mfsd9,-0.549228702971443,1.52016908869772e-05,0.0007077319848712
Arhgap22,0.56096123121338,1.60700905083907e-05,0.0007462129787893
Elmsan1,0.418042257751372,1.63143423089554e-05,0.0007555871109376
Akna,0.9816320278453,1.72131505765989e-05,0.0007951494505993
Sod2,0.790303798813958,1.73219304772764e-05,0.0007981068277527
Stat5a,0.903869795712668,1.79254607894856e-05,0.0008237858024157
Ccdc93,0.336049747088676,1.8160132992029e-05,0.0008304554381109
N4bp3,2.52163742167864,1.81637384814791e-05,0.0008304554381109
Meis2,-0.28657358907855,1.83149046117711e-05,0.0008352252279603
Hivep3,0.685452898943079,1.84891588070006e-05,0.0008410208946112
Zbtb10,0.909923606019232,1.86843154044154e-05,0.0008477354401428
Adar,0.303323523744471,1.93475333233546e-05,0.0008755986464181
Zfp263,0.918608715258905,1.96602215360945e-05,0.0008874972410382
Ifi205,2.00635668186722,2.0147500117264e-05,0.0009071971580579
C130026I21Rik,2.91490999952595,2.08294651926553e-05,0.0009355420500005
Npy1r,-0.673107205665863,2.13560583158188e-05,0.0009567836076114
Cd74,2.47790741741836,2.15340573091628e-05,0.0009623402904252
Gm13889,3.157319376835,2.16987161074244e-05,0.0009672745172787
Gm12250,2.48049404461285,2.21813118926451e-05,0.0009863216268273
Rcor3,-0.326315908943021,2.32040986344193e-05,0.0010292345342048
5830415F09Rik,-1.17796594134467,2.32684450658042e-05,0.0010295276525269
Fmnl1,1.41195439510456,2.37921241978773e-05,0.0010500924915157
Socs3,1.5561782281439,2.41245520442373e-05,0.0010621355246933
Nudt7,-0.533185646919114,2.64145756818481e-05,0.0011600943324705
Chst15,0.916033133850195,2.72286150107258e-05,0.0011929077008753
Arhgap5,-0.431129307521405,2.75462437534311e-05,0.0012037678806571
Gypc,0.56930804874182,2.7611522807962e-05,0.0012037678806571
Ipo5,0.174180640930105,2.80431969662299e-05,0.0012196054758654
Itga5,0.603868775842523,2.83408890454959e-05,0.0012226064859288
Gm10074,-3.79206917293248,2.83864665568144e-05,0.0012226064859288
Csf3,2.88704237842651,2.83732095672544e-05,0.0012226064859288
Ccdc50,0.393451742245769,2.82542685226489e-05,0.0012226064859288
Phc2,0.429576505343478,2.92209622468735e-05,0.0012555156092144
Kif26b,-0.744297794327823,2.99224340589588e-05,0.0012825647156377
Dcp2,0.394053364528235,3.08322641905026e-05,0.0013183935318485
Serpina3h,2.82223459733508,3.09825274287254e-05,0.0013216493937358
Pex11b,-0.395536485933378,3.15625616790165e-05,0.0013431790866313
G3bp1,0.279356394699287,3.31492442863812e-05,0.0014073432735011
Rgs9,0.888164158206721,3.34427093680257e-05,0.0014164298117369
Gm26762,-1.22028737518786,3.38371416990405e-05,0.0014297395109848
Etv6,0.363784453660503,3.49000701196646e-05,0.0014711658399615
Heatr1,0.419828196356896,3.51347010348276e-05,0.0014775633352641
Zhx3,-0.525007155823433,3.53594369384174e-05,0.0014835155765857
Pard6g,0.38250790434914,3.56581071254514e-05,0.0014925345261829
Slfn5,1.59356792729595,3.6423047157045e-05,0.0015209820933425
Mfap3l,-0.420978567152143,3.73514063637644e-05,0.0015561049693277
Mylk2,1.77261312149496,3.80929757237733e-05,0.0015833003499547
Gm6225,2.36957857384181,3.8636069360904e-05,0.0016021389599401
Plcd3,-0.57743313318659,3.9422354820995e-05,0.0016309512965502
Il4i1,0.893386918622536,4.02612140771043e-05,0.0016618002504834
Ankrd10,-0.44760542962932,4.10088609831354e-05,0.0016887505778066
Ido2,1.65272574712665,4.21070604112716e-05,0.0017299792492935
Cacnb3,0.758746067165272,4.29940131796184e-05,0.0017623591931167
Lrp6,-0.454837902064964,4.3679235977351e-05,0.0017863404970462
Rnf144a,1.50208825958468,4.5095932826118e-05,0.0018400585314016
Smurf1,0.477543371691053,4.52137906952174e-05,0.0018406554837589
Dclk1,0.296225299723911,5.02876647136003e-05,0.0020425497710893
Endov,0.331677425048045,5.12443066053471e-05,0.0020766755251816
Rims2,1.83968104363915,5.15914529053281e-05,0.0020860027137299
Bhlhe22,2.21008832692712,5.18642974966123e-05,0.0020918140897072
Fosl1,1.09706697997725,5.19698077359837e-05,0.0020918140897072
Ptgs2os,1.3607722065803,5.26405884262389e-05,0.0021140412888024
Slmapos2,1.16414022272882,5.34140064951725e-05,0.0021402812355402
Ddx60,1.5079056849523,5.40661450878395e-05,0.0021615547826485
Aph1b,-0.38688446061773,5.53291536419693e-05,0.0022071009811855
Clasp1,0.293618284247633,5.57378985145186e-05,0.002218443009849
Gramd1a,0.487915824376106,5.67669451956015e-05,0.002254368373681
Axin1,0.34931676210915,5.72138798215015e-05,0.0022545423032974
Gdnf,1.06138100554427,5.71087365872615e-05,0.0022545423032974
Pde4a,0.933047897990603,5.70510184992665e-05,0.0022545423032974
Ptx3,2.50196913887458,5.72770827992689e-05,0.0022545423032974
Stat1,0.582191199998927,5.76918611279072e-05,0.00226191315801
Mapk6,0.405686333543348,5.77180464861515e-05,0.00226191315801
Atl1,-0.445702424275289,5.915065564832e-05,0.0023129722387394
Ubp1,0.366484103904281,5.96605524790092e-05,0.0023278059327203
Asxl2,-0.292747667502582,6.12822636670641e-05,0.0023858603568721
Gm12216,2.08535446680595,6.32610880426699e-05,0.0024575347731783
Mfhas1,0.872693244465874,6.37031874040623e-05,0.0024693294230474
Hebp1,-0.346475175652091,6.80409933916322e-05,0.0026317547791023
Mbnl1,-0.232310877487199,6.8208058078984e-05,0.0026325062415722
Usp6nl,0.402899127711414,6.86485907573514e-05,0.0026437862241778
Usp43,2.71833068310305,6.88040569244656e-05,0.0026440627996123
Slc15a3,1.25943468692721,6.91252154925141e-05,0.0026506918654774
Nlrc5,0.53347713112745,7.2890343778676e-05,0.0027890723603381
Madcam1,2.98173676418419,7.37046894616617e-05,0.0028141933999804
Fam184a,-1.0557259601615,7.90574981340244e-05,0.0030121244641619
Casp7,0.616599540185304,8.5461406031015e-05,0.003249173413516
Fam83c,1.55068980272807,8.60221510671787e-05,0.003263533990806
Fzd4,-1.10308343590573,8.64832253760394e-05,0.0032740602795757
Slc9a5,0.453097254471518,8.81048890804494e-05,0.0033283861804946
Tmem100,1.18541936497565,8.97173889896838e-05,0.0033821369198204
Ncoa1,-0.430000129802778,9.10199258251151e-05,0.0034240006274
Phf11d,1.02394660810138,9.15335750649982e-05,0.0034360740568083
Efna2,1.30339721073243,9.18612572486714e-05,0.0034411304159686
Il18rap,1.17837487887015,9.28606968608167e-05,0.0034640148236929
Nptx1,1.02197860965517,9.27316302769431e-05,0.0034640148236929
Fam227a,-0.710588544546823,9.45267799819873e-05,0.0035188037867616
Ahr,-0.55469044725119,9.70905990916595e-05,0.0036067134841737
Krt16,3.52416022345811,9.76341078725739e-05,0.0036193633627356
Gm20483,1.94604554176137,0.0001017671489077,0.0037647511040951
Vps37c,0.466581041448198,0.0001026701002659,0.0037902910100234
Mcoln2,1.73168599951153,0.0001037205884643,0.0038211607704702
Ptges,0.890175690431633,0.0001049231457921,0.0038574940466373
Ccm2,0.472511675936456,0.0001059065298678,0.003885636489864
3110043O21Rik,1.04027599114715,0.0001074311879067,0.0039334815432549
Brd4,0.340958701875642,0.0001108886624173,0.0040517535646799
Slc9a3r1,0.478732978102282,0.0001114312344681,0.0040632522327231
Fam208b,0.50918829544521,0.000118735771759,0.0043207705025234
Gm10155,-4.58122945463445,0.0001206637316704,0.0043819857421909
Ccl8,1.02760451771565,0.0001211526820774,0.0043907997441538
Cybb,1.38766487947108,0.0001222074182037,0.004420041529395
Camk2d,0.245273334741022,0.0001270029241878,0.0045841885449269
Cmpk2,0.67429725073293,0.0001275970742779,0.0045963301645462
Pyhin1,1.42065967659968,0.0001294407452844,0.0046533425991273
Irf5,1.19482885115034,0.0001300001759366,0.0046640505777175
Maff,0.436214030432662,0.0001315939706894,0.0047117511874781
Cebpg,0.275290182957539,0.0001319836040435,0.0047162317509024
Gm15596,-3.27694731430255,0.0001351266466924,0.0048092679384682
Was,1.38837130981856,0.0001349666414622,0.0048092679384682
Tenc1,-0.501965304805731,0.0001363304914115,0.0048424481919526
D17H6S56E-5,1.54083040895429,0.0001367466714022,0.0048475743494502
Nrg1,1.13175284586988,0.0001391208881409,0.0049219534850033
Mef2c,-1.32947918059907,0.0001400300865745,0.004934538485596
Spsb1,0.486616934475119,0.0001398354403029,0.004934538485596
Prickle2,-0.585120584553302,0.0001433942872331,0.005043123344484
Fam161a,-1.1138752836713,0.0001441045359829,0.005058125947071
Acpp,1.37554314525894,0.0001447663133872,0.0050713715795833
Tox4,0.400698695003187,0.0001465239557165,0.0050959354940911
Marf1,0.363659561748683,0.0001466106728993,0.0050959354940911
Fam134c,0.418634243113812,0.0001462232440767,0.0050959354940911
Cd47,0.771876775501005,0.0001465662932258,0.0050959354940911
Fpgt,-0.575889642049487,0.0001494676892244,0.0051851330088753
Tbx18,-0.625273432302206,0.0001531488115323,0.0053025173950158
Mov10,0.418210980110918,0.0001553561621956,0.0053685188529286
Efnb2,-0.597877177159729,0.0001612430099181,0.0055508617681685
Irf7,0.822155967969463,0.0001614735768514,0.0055508617681685
Lactb,0.769588215462175,0.0001615667801962,0.0055508617681685
2410002F23Rik,0.299718174006582,0.0001628658886523,0.0055740147035718
Slc30a7,0.265150755869464,0.0001626260636198,0.0055740147035718
Gab2,0.437653934838139,0.0001653630120418,0.0056486357619106
Nr3c2,0.75917882198587,0.0001659515172864,0.0056578996266426
Dcbld2,0.554909662477942,0.0001693978620066,0.0057643764836663
Ern1,0.697820074936975,0.0001717454123214,0.0058331284706733
Map3k4,-0.356122976619205,0.000174963807053,0.0059121835021429
Pxylp1,-0.444603359723088,0.0001745449848159,0.0059121835021429
Stk4,0.511615904934919,0.0001750677409641,0.0059121835021429
Birc2,0.6389399656409,0.0001826856622917,0.0061461661213651
Stip1,0.487912204755041,0.0001824999634475,0.0061461661213651
Klf16,0.615252883639322,0.0001844131049469,0.0061809587862935
Rtp4,1.10776021022095,0.0001841366993607,0.0061809587862935
Mapk1ip1,-0.587132592441997,0.0001930749421135,0.0064591356338199
Epn2,0.627057909658034,0.0001975353880368,0.0065959803447296
Pprc1,0.28487919523025,0.0002003858380628,0.006678653978502
Lmcd1,-0.965292336495788,0.0002016238457562,0.0067073783464179
Gm15910,-0.94073242822481,0.0002043858882109,0.0067866010664614
Otud5,0.29196467660434,0.0002052330950187,0.0068020656454993
Irf9,0.43574799714321,0.0002071336674457,0.0068396304152328
Dact2,1.70556229455085,0.0002067502334894,0.0068396304152328
Gm14403,-1.07094857079923,0.0002081584329215,0.0068607634333162
Angptl4,1.88756781374082,0.0002094244574132,0.0068852434319686
Pdgfc,-0.49056300650187,0.0002097843509316,0.0068852434319686
Zfp598,0.523680173053214,0.0002100595831412,0.0068852434319686
1110038F14Rik,0.595077794024578,0.0002116438581254,0.0068964912079564
Cxcl11,2.34187282234832,0.0002119498167214,0.0068964912079564
Serpina3e-ps,3.25600799837705,0.0002108443064357,0.0068964912079564
Tmem144,-0.564400284327624,0.0002112374943922,0.0068964912079564
Clint1,0.207084521097947,0.0002128189119881,0.0069121566842635
Psmb9,0.960127741967057,0.0002135677391174,0.0069238661021889
Gm4951,2.09878323567761,0.0002142115509454,0.0069321346005586
Mul1,0.354214397034421,0.0002182449768162,0.0070498662710332
Agrn,0.642381470196331,0.0002187231617647,0.0070525365233775
Lpar4,1.01365607320273,0.0002249901396933,0.0072415147669164
Arhgef17,0.492274252778153,0.0002267816314661,0.0072860239111219
Zfp697,0.646506330721397,0.0002286539065763,0.0073329636837475
Mcee,-0.623996649948876,0.0002304109941251,0.0073760474618413
Gm17552,-0.95393717528485,0.000231945870894,0.0074118760285156
Gadd45b,1.10059842411289,0.000235629323425,0.0075161117459608
Tlr3,0.537854210886212,0.0002362493493991,0.0075224324091728
C430014B12Rik,1.57805970451298,0.0002375309861283,0.0075363256470736
Mccc2,-0.466935923145527,0.0002371598635593,0.0075363256470736
Id4,-1.23536945025318,0.0002384160292379,0.0075509701906598
Noxo1,1.11718798905788,0.0002396134345536,0.0075620303566848
Vav3,-0.875586002302568,0.0002394176500673,0.0075620303566848
Gpatch2l,0.262584031052646,0.0002451825051359,0.0077241152810572
Arl4c,0.520856855201519,0.0002517934196932,0.0079183923572309
Gm10425,0.947523977216358,0.000256572234985,0.0080544709894686
Kcnk10,1.85210968907515,0.0002582219382962,0.0080920129732166
Cspp1,-0.317807152643379,0.0002594375683885,0.0081158443542751
Acaa1a,0.50446649380001,0.0002640013642949,0.0082441476825624
Clec2d,0.450856163200044,0.0002660357892031,0.0082894358759257
Rmdn3,0.724914496311657,0.0002663814007574,0.0082894358759257
Adam17,0.667082261775651,0.0002680609892693,0.008327169860039
Gcnt1,-1.55680729878067,0.0002708714669389,0.0083998419599809
Trmt13,-0.392660976338829,0.0002738521717833,0.0084775313803268
Xaf1,0.722597180716911,0.0002746762315269,0.0084883048255745
Gng12,0.297793344887099,0.0002759186238465,0.0085119463353089
Metrnl,-0.389043410091088,0.000278581055315,0.0085792379919215
Rhob,0.917998916726398,0.0002801512743031,0.0086127196070682
Cdc42ep4,0.378980403740985,0.0002833774928143,0.008696908905976
Sik1,0.921069774586687,0.0002854813890621,0.0087314213522593
Nudt12,-0.627475542172588,0.0002854414652189,0.0087314213522593
Gm12286,2.27495002074432,0.0002875758880073,0.0087804206490749
Ciita,2.09528847839096,0.0002903878531483,0.0088495000894487
Uvrag,0.337608767695634,0.0002908309714775,0.0088495000894487
Jak1,0.160837114238002,0.0002949418732287,0.0089592990486231
Egf,-0.975004708894526,0.0003017481794696,0.0091504622246996
Hmgb1-ps3,-2.39534779728216,0.0003039091023682,0.0092003449988609
Zfp30,-0.583539201294988,0.0003074217340194,0.0092909100666128
Upp1,2.3121774550695,0.0003115308262073,0.0093991644028815
Rhou,0.491146842278399,0.0003129258217173,0.0094253046064898
Clec2g,1.48129773786996,0.0003175348446279,0.0095479996872864
Ppfia3,1.35940333542762,0.0003277277041457,0.0098379001559315
Casp1,2.16093998779881,0.0003301880824116,0.0098950986512295
Zfp9,-0.313024870145489,0.0003376092640838,0.0100836026597651
Slc12a7,0.296304817914305,0.0003371580606026,0.0100836026597651
Chn1os3,-1.79427757091326,0.0003410259482132,0.0101686181983113
Tnfsf10,1.9746560586726,0.0003416274335189,0.0101695471904448
Mx1,0.822628301109427,0.0003447043681667,0.0102440393146352
Litaf,0.650282878967591,0.0003491076670207,0.0103576352922585
9430008C03Rik,0.317582754636343,0.0003521746703168,0.0104312733329218
Col18a1,0.673551908598059,0.0003642717788402,0.0107716916890553
Isg15,1.6073368009815,0.0003681554023279,0.0108685082432271
Slc28a2,3.81282709725572,0.0003711101502318,0.0109376282459244
Fam219a,0.507252973700572,0.0003736166454972,0.0109933307027413
Ccdc13,-1.6021710272846,0.0003787656342981,0.0111264745060454
Bambi-ps1,-1.52702888937228,0.0003796584493728,0.0111343582413939
Slc35d1,-0.250276505603826,0.0003813392900764,0.0111652888035365
Zfp40,-0.690750518756224,0.000382642960661,0.0111850928386009
Rab27a,-0.811399807911672,0.0003896022407136,0.0113513031930814
St8sia1,-1.23806628566816,0.0003894597087369,0.0113513031930814
Pik3cb,-0.614857452281526,0.0003951637974516,0.0114945606400657
Vipr1,1.44416712709403,0.000396332872269,0.0115097906277358
Cpox,-0.252744047093723,0.0003975198211166,0.0115254893176112
Acvr1c,-2.37709752132864,0.0004025797655565,0.0116532464279859
Gm12743,-1.02407167095054,0.0004062487337772,0.0117213934821724
Mark2,0.324189472535623,0.0004058601868309,0.0117213934821724
Map3k6,0.546907627484856,0.0004247512899327,0.012235444670099
Ms4a7,1.9837278296164,0.0004286356082505,0.0123274218237338
Tiparp,-0.318888980385,0.0004372577219167,0.0125551408043436
Ttyh2,0.38145972542282,0.0004409288242771,0.012559427900457
Trib1,0.520768860303577,0.0004397392881006,0.012559427900457
Zfp281,0.368974463166572,0.0004394817378381,0.012559427900457
Gm15512,2.79896125203186,0.000440647041559,0.012559427900457
Gm17080,2.21057797081934,0.0004383334496649,0.012559427900457
Plagl2,0.279738793875372,0.0004436985070216,0.0126181628049499
Arap2,-0.273668676438141,0.0004492720169242,0.0127563205951841
Eif4e3,0.402582761618214,0.0004502757108353,0.0127644931636018
Ppp1r14a,1.12848977540512,0.0004532296526607,0.0128075086158371
Ptbp3,0.331452994753117,0.0004530416257987,0.0128075086158371
Lpar3,1.68056417533433,0.0004601815158998,0.0129833807120402
Ccdc28b,-0.729610831817327,0.0004658081139626,0.0131213656873116
Ulk1,0.408937764189814,0.00046658916836,0.0131226363738623
Gm14387,-1.19946547740254,0.0004748672021676,0.0133344206013421
Fam198a,-1.61484577331636,0.000482357864243,0.0135234639580468
Gm14124,-2.22320269965438,0.0004851018604872,0.0135790443867313
Slc43a3,0.901297906326279,0.0004954365920025,0.0138465985454518
Sqstm1,0.822580859699803,0.0005022021169812,0.0140137182283127
Dtwd1,0.727897795555382,0.0005083933001026,0.0141643139595789
Ttll4,0.420518398312804,0.0005121238656831,0.0142459916520993
Cap2,-0.523134757430336,0.0005139294134243,0.0142517501878215
Lrriq3,-0.873910673751128,0.0005134934442664,0.0142517501878215
Trim26,0.460458794283105,0.0005306235830619,0.0146918464434438
Abcc1,0.54118394795395,0.0005395723389509,0.0149032901436867
Lyst,0.30635930311471,0.0005399318845169,0.0149032901436867
Plk2,0.747109838012535,0.0005449899540121,0.0150196535857648
Gm684,-0.865496751479736,0.0005472108190465,0.015034385384314
Spdl1,0.673135639131466,0.0005469773065325,0.015034385384314
Kri1,0.310318801304596,0.0005528653831223,0.0151663733022379
Ednra,-0.650628063031849,0.0005603737080913,0.0153487305514231
Ankrd44,-0.49664015966812,0.000569418640682,0.0155725518128871
Gm5862,3.15571067203679,0.0005723440589291,0.0156285863932083
2610020H08Rik,-0.819725242978701,0.0005738110982276,0.0156446876032077
Ubtd2,1.01721246364854,0.0005785089263288,0.0157486910921672
Gm6169,-3.03520378308156,0.000582121870697,0.015822888835975
Ctss,1.47847194344179,0.0005842098256737,0.0158554724529507
Foxc2,-0.596826968633372,0.0005865110754529,0.0158937370614011
Zbp1,1.74039504963836,0.0005874525981069,0.0158950945020412
U90926,1.70743649627361,0.0005888915832026,0.0159098876061906
Sox13,0.595499026188103,0.0005913369063557,0.0159392487451244
Thap3,-0.607519693065847,0.0005917661751596,0.0159392487451244
Sybu,-1.46383210206836,0.0005944811314891,0.0159882248198836
Met,-0.539671851997721,0.0005991736676235,0.0160901591376451
Snx24,-0.636179016003329,0.0006193418270306,0.0166067430342615
Gpsm1,-0.496888210982016,0.0006255996147172,0.0167493494444798
Rcsd1,0.782873306957657,0.0006322036690113,0.0168754844642836
H2-Q1,2.49879434468033,0.0006315597659508,0.0168754844642836
Ccbl1,-0.501723067463279,0.0006449334732741,0.0171895497189111
Arih2,0.281106601594451,0.000647228493926,0.0172249720525299
Rbm43,0.471673835734573,0.0006563616297245,0.0174420033079274
Zfp710,0.350630975684839,0.0006637335065501,0.0176116549930004
Bcl2l1,0.510779595966153,0.0006689994435461,0.0177250060592442
Dusp9,0.868191521897009,0.0006729226116305,0.0178024971631808
Ifi30,-0.372384893629605,0.0006804786574858,0.0179689878303609
Rps13,-1.38447697985914,0.0006812313259673,0.0179689878303609
Ppat,-0.518405530131013,0.0006885158524313,0.0181343074810987
Sprr1a,1.45321012267263,0.000692583636812,0.0182145410442421
Arl4a,-1.02732679696182,0.0006943609793414,0.0182256458964204
Cacnb2,-1.13608102917401,0.000695050149154,0.0182256458964204
Mlkl,0.345530915748609,0.0007063770270916,0.0184954607490029
Sash1,0.522089092298601,0.0007117094918007,0.0185775232854716
Mab21l2,-0.6616888484742,0.0007126367521318,0.0185775232854716
Plekhf1,0.553747056574872,0.000711170893607,0.0185775232854716
Gm5148,-2.37714700273698,0.0007202498685606,0.0187485772354824
Iqgap1,0.280820911165819,0.0007320426663785,0.0190277737378951
Sh3pxd2b,0.565505133950082,0.0007340526468244,0.0190522456266753
Kif19a,1.94729509884675,0.0007489323698235,0.0194101934394238
Pfkfb2,-0.245288896223784,0.0007644766769487,0.0197843013449537
Dock10,1.37015016646131,0.0007666839605543,0.0198126691313682
Otud4,0.25128246041352,0.0007711865148958,0.0199001834256254
Cntnap1,0.813820789047891,0.0007728780145013,0.0199150113823312
Kcna7,2.90061073165814,0.0007820099145177,0.0201212392291
Map3k1,-0.86988453271164,0.0007857680709349,0.02018880471591
Clvs1,1.21883696956847,0.0008016892341635,0.0205682312724739
Kif21a,-0.444320143958664,0.0008065291054441,0.0206626731022633
Rfx2,-1.2773672148602,0.0008180917457354,0.0209239350121459
1110032A03Rik,-0.596605862684383,0.0008190738959384,0.0209239350121459
Chd3os,-1.19474965354797,0.0008238037064085,0.020984634127102
Sh3rf2,-0.666390160599697,0.0008231748208035,0.020984634127102
Arhgef40,0.498751878931326,0.0008472604509263,0.0215206568382736
Fgfbp3,-0.730621780094271,0.0008466787022114,0.0215206568382736
Ncoa5,0.375037102846812,0.0008514175914112,0.0215954865895513
Arhgef2,0.401101373719265,0.0008565410826,0.0216945796077303
Ccl7,2.69511983584007,0.0008657530316342,0.0218657823046312
Gm13236,1.36853268054106,0.0008652751530122,0.0218657823046312
Heca,0.297447265879292,0.0008729139822703,0.0219854163189121
Ptpre,0.50101754535421,0.0008729557934939,0.0219854163189121
Trak1,0.353425555731598,0.0008778472834526,0.0220774258268596
Smim3,0.511750275005048,0.0008791052322803,0.0220779230940708
Gm21982,3.5439057459599,0.0008913003589029,0.0223527098447235
Sez6,3.27507905107938,0.0008978545544214,0.0224854558425397
Zfp647,-0.651454944186215,0.0009084616562572,0.0227191862450523
Tagln2,0.595049419294789,0.0009238937424583,0.0230727581537453
Katna1,0.976279121307379,0.0009307645538793,0.0232118360282846
Ints9,-0.353391668758604,0.0009351511284018,0.0232886588973941
D2hgdh,-0.32779205958443,0.0009411405630094,0.0233313995817546
Dip2b,-0.279827600522637,0.0009434097413742,0.0233313995817546
Igf2bp2,0.224188182613292,0.0009424267427329,0.0233313995817546
Malt1,0.631142831115119,0.0009398878836623,0.0233313995817546
Stc1,-1.02438694611731,0.0009414404911473,0.0233313995817546
Gm19684,2.25248988381644,0.0009477597780124,0.023374141911121
Slc25a24,-0.357520915576924,0.0009472256819882,0.023374141911121
Alyref2,-0.892077997066008,0.0009499796319959,0.0233965287543089
Rap2b,0.448658404936886,0.0009554200400441,0.0234980617021067
Fzr1,0.360649088540159,0.0009798129082141,0.0240591250978601
Mgat3,-0.716515388721999,0.0009809311842378,0.0240591250978601
Fzd1,0.335295897343418,0.0009946457559939,0.0243619896636374
Abcg1,0.432898071547099,0.0009974907350575,0.0243981581574906
Lace1,-0.443231548125306,0.0010014471158645,0.0244613746890154
Syt7,1.16261315790251,0.0010056558764051,0.0245305744626278
Nudt6,-0.664299123182279,0.0010123773638054,0.0246607934071232
Rassf9,1.10953950112525,0.0010149136045028,0.0246888464964392
Tead4,-0.799055016002671,0.0010165166405931,0.024694152886126
Tfdp2,-0.418280545421779,0.0010219844072386,0.0247932026741115
Plxna2,0.591951260418811,0.0010244342622585,0.0248188686553437
Fscn2,2.76269824856702,0.0010293562179025,0.0249042750629853
Il27ra,1.08208711231771,0.0010318300352774,0.0249302999444879
Lce1f,2.52522687694345,0.0010427306706054,0.0251595813092912
Gm10499,1.08330557552702,0.0010577511117806,0.0254517320867195
Hnmt,-1.37615341047694,0.0010591209247011,0.0254517320867195
Ttc39aos1,-1.46198237075061,0.0010585502639146,0.0254517320867195
Hcar2,3.02426881969473,0.0010648808148985,0.0255213572721173
Zkscan17,0.247186175571769,0.0010647372313188,0.0255213572721173
Rexo4,0.277247733127122,0.0010787862183062,0.0258199155149253
Brsk1,0.48252887889211,0.0010874219038494,0.0259873456328116
Fsbp,-1.96585444942716,0.0010886964941792,0.0259873456328116
Fam105a,-0.764830256319255,0.001093069615474,0.0260326684783662
Tpm3,0.253538923355585,0.0010935151528403,0.0260326684783662
Elk4,0.384814543989109,0.0011094108404581,0.0263758729282778
Zfp652os,-1.48506146964878,0.0011140919104983,0.0264518946153087
Selp,1.47439407001976,0.0011251102242944,0.0266779792678114
Drp2,-0.852440956785726,0.0011359769042128,0.0268998727477019
Pbx1,-0.265163313405738,0.0011380499270897,0.0269132204906334
Tef,-0.347492782485245,0.0011421998855138,0.0269755843160234
AI593442,-1.93235482569953,0.001150290311603,0.0271307229447013
Gm10068,3.77394126561451,0.0011659692064802,0.0274279642753943
Usf1,0.421334125765701,0.0011644671124588,0.0274279642753943
1700084C06Rik,1.15977736785982,0.0011753993928116,0.0275770349647695
Tnfrsf19,-1.21282237496939,0.0011740748217201,0.0275770349647695
Egr2,2.67957758823096,0.0011829502613966,0.027717721564999
D930048N14Rik,1.46080250371657,0.0011886092572865,0.0278137685914399
Frem2,2.37206895335096,0.0011977200694555,0.027990231400343
Exoc3l4,0.832757126395947,0.001213861069595,0.0283230823037408
Tnfaip8,1.25223767176073,0.0012151398105749,0.0283230823037408
2310030G06Rik,-1.26266277906373,0.0012188861180317,0.0283733137997696
Pfkfb3,0.538896124280912,0.0012346700884028,0.0286938590269278
Gm26802,2.69363924351148,0.0012358748097515,0.0286938590269278
Gdpd3,1.62410760201514,0.0012483054138391,0.0289447774176406
Diap1,0.202670000624815,0.0012555242874458,0.0290743552849961
Il23a,2.33668407979187,0.0012573026610481,0.0290777739937086
Rcor2,-0.69452862123448,0.0012628972499959,0.0291315923217052
Synj2,0.310897494375261,0.0012614322385816,0.0291315923217052
Enpp2,1.316707176195,0.0012654220686062,0.0291521200327117
Fam109a,0.60724923224707,0.0012779969698673,0.0294038244770393
Rbfox2,0.325126263044045,0.0012892681504883,0.0296249231847387
Aox1,0.312249609591841,0.0013007123282635,0.0298454053410604
Kcnj14,2.94310279201862,0.0013038848500188,0.0298454053410604
Vasp,0.275103462807376,0.0013032526382585,0.0298454053410604
Lrrc4,-1.45441716934453,0.0013264537230779,0.030323072225901
Armc2,-2.0401482220291,0.0013304386700589,0.0303752265375419
Gm12416,1.75596507901945,0.0013417651874428,0.03059464841086
Vps54,0.254285825845398,0.0013492605159625,0.030726263422897
Arl15,-0.390180917790162,0.0013530798419268,0.0307739370681102
Zfp275,0.169166417654731,0.001362324235337,0.0309447177583372
Pnck,-1.23044666394943,0.0013733071521784,0.0311545036011378
1700009P17Rik,-0.658706135128268,0.0013827123055848,0.0312882526914768
Phactr2,-0.261215826605483,0.0013821648053858,0.0312882526914768
5730596B20Rik,-1.07346796747962,0.0013950783609892,0.0315280636942963
Il18bp,0.853243101267545,0.0013978438308559,0.0315505738582176
Fgfr2,0.363099247355547,0.0014012606312449,0.0315877096279755
Zc3hav1,0.548335557496826,0.001424754171822,0.0320767571183828
Fbxo42,0.348403064661446,0.0014305411881243,0.0321664311796276
Gm6254,3.08640502219507,0.0014324795966943,0.0321694504894921
Ppp4r2,0.51446439838945,0.0014476961043211,0.0324702757687422
Prokr2,1.81516029474496,0.0014510760263306,0.0325051967657052
Ppp6r1,0.381645135519006,0.0014627595755693,0.0327258042559319
P2ry2,0.472540482441023,0.0015151932399299,0.0338564043373328
BC024978,0.438805093263084,0.0015201371688288,0.0338819573217343
Hdac11,-0.358747152917297,0.0015201009074182,0.0338819573217343
Serpinb9,0.51620807376384,0.0015259754549219,0.0339696233916528
Mgat4b,0.6979085569322,0.0015379563966443,0.0341538673279579
Stk17b,1.17309526810889,0.0015380828593096,0.0341538673279579
A230028O05Rik,1.63566995657952,0.0015491580163745,0.0343570106840477
Rac2,0.99632879204388,0.0015620738037863,0.0346004198699565
Gm20470,2.9789484474278,0.0015653013450124,0.0346288936512624
Nr4a3,0.726149833491571,0.0015772390372305,0.0348497512674816
Slfn9,0.85805672127771,0.0015919700599323,0.035131705617145
Hcfc2,-0.33181309320871,0.0015973822713766,0.0352075689504542
Gm12258,-0.661096751603215,0.0016060142151293,0.035310529556069
Plau,2.09088819673237,0.0016053280555173,0.035310529556069
Gna13,0.352195834254499,0.0016094295749712,0.035342042797183
Hist2h2be,-0.701455805799627,0.0016154557232127,0.0354307392381382
H2-T22,0.255426483077697,0.0016205677784213,0.0354573079518116
Proser1,0.412111270878744,0.0016206441579679,0.0354573079518116
Gm4518,1.92612520245567,0.0016366152688608,0.0357628515429625
Ptplb,0.430305751046847,0.0016431783821361,0.0358623179092657
4933427J07Rik,-0.924707349612546,0.0016473737713553,0.0359099287494341
Zfp174,-0.491597483388916,0.0016701359354166,0.0363616530701033
Junb,1.2211345846357,0.0016825195786696,0.0365865934234856
Olfr920,1.38454378764261,0.0016859938844645,0.0366174871545522
Tdg,0.237655822231469,0.0016941101305945,0.0367464415393579
Gm15964,1.52261240011506,0.0016960530192861,0.0367464415393579
Ehf,1.63374771964557,0.0017122201760066,0.0370067854040905
Zfp931,-0.50850254185495,0.0017118760263917,0.0370067854040905
Gm15559,-1.09680975849395,0.0017232295072108,0.0371996432724896
Cmya5,-1.02730762147151,0.0017265186005439,0.0372091602873986
Gm17388,0.819703017129723,0.0017284561416853,0.0372091602873986
Mpeg1,0.893461647963925,0.0017299306756914,0.0372091602873986
Mmp9,1.62996738681075,0.001741402826768,0.0374107877157854
Gm17096,1.35287502142211,0.0017449456239603,0.0374417875100326
Areg,2.42139804320484,0.0017495235431336,0.037494896992326
Oxld1,-0.650534446971861,0.0017527929233013,0.0375198686859388
Net1,-0.629618426548092,0.0017658652379318,0.0377091533623502
Gtf2i,-0.223228233176308,0.0017654436248045,0.0377091533623502
Msrb2,-0.480174149457707,0.0017698179599617,0.0377483541197105
Akr1c19,-2.35525195188947,0.001777327818738,0.0378632405447053
Ier2,0.713295714591905,0.0017877038936741,0.038038840248334
Gm5345,0.921111633791549,0.0017945693823284,0.038048711838643
Stx3,0.239402580463315,0.0017933524280632,0.038048711838643
Usp36,0.25442671502361,0.0017929613787219,0.038048711838643
Gm14321,-2.02086174557765,0.0018105889924966,0.0383320667647019
Papolb,1.25069548395639,0.0018127333841866,0.0383320667647019
Uap1,0.513692896106366,0.0018143830603672,0.0383320667647019
Ntn1,0.693950313176003,0.001822754517583,0.0384633559799093
5730422E09Rik,-2.27399760284046,0.0018274916722806,0.0385177352345573
Pcbp4,0.425951601329701,0.001854866289238,0.039048548764348
Mad2l1bp,-0.407541557043093,0.0018659897531998,0.0392363953883324
Lsm11,0.40395111799237,0.0018683896848812,0.0392405847716342
Helb,-0.362339998515776,0.0018865289663115,0.0395749388215312
Gm3912,0.917743415952894,0.001895812529016,0.0397229532372318
Ppp1r3c,-1.10077446723328,0.0019085477488693,0.0399428578756915
Slc25a25,0.640352004911301,0.0019263727703154,0.0402686434554458
Dnajc19,-0.533823543788268,0.0019317986510423,0.0403347795629236
Cdk9,0.305341058702202,0.0019856792805896,0.0413699988148208
Slc26a9,3.03183415926243,0.0019860197961688,0.0413699988148208
Gm5380,2.00237528744319,0.0019913490996537,0.0414326088633902
Shpk,-0.470597080137064,0.0020080719713002,0.0417318546856113
Aff1,0.603312852940429,0.0020230907163186,0.0419950297586478
B130011K05Rik,-2.74071091231416,0.0020571150159635,0.0426516486623783
Reps2,-0.985698358096662,0.0020603917249091,0.0426699707861264
Lrrc57,-0.452419047903656,0.002065282417163,0.0427216366362344
Sptlc2,0.321302642728221,0.0020681670945507,0.0427317351830061
Gm15975,-1.33430519973661,0.0020723752460735,0.0427691238573339
Gm10600,-3.05068018269665,0.0020947606993947,0.04318113067157
H2-K2,1.57494497485267,0.0020973809660634,0.0431852194063249
Trip10,0.389262189730157,0.0021007260511067,0.0432042055562676
Fbxo33,0.749867522065095,0.0021072977749317,0.0432396163691684
Nfia,-0.611603218436675,0.0021055497640299,0.0432396163691684
Gm14419,-0.537081334432161,0.0021127932224216,0.0432742967329447
Unc5c,-0.520487830922223,0.0021138417617853,0.0432742967329447
Pxdn,0.485811249465707,0.002121607320914,0.0433834634624054
Adhfe1,1.19081015948281,0.0021416132667505,0.0436923411435112
Atm,-0.24380088868988,0.0021411818296491,0.0436923411435112
Cxxc4,-1.06575163888039,0.0021599375114742,0.0440158237338261
Bcl11a,-0.74459167959583,0.0021681934810104,0.0441336278081022
Snx30,-0.180592167072515,0.0021740799879572,0.0441429297213834
Pja2,-0.242587396768308,0.0021771352862666,0.0441429297213834
1810021B22Rik,-0.577875938986354,0.0021785529782299,0.0441429297213834
F630040L22Rik,-2.38656093923754,0.0021720208077723,0.0441429297213834
Gm14137,0.728171168102563,0.0021827061232082,0.0441768818194389
AK129341,-0.482088947221919,0.0021892103161879,0.0442147309222592
Gm22642,1.71239706979643,0.0021920151497547,0.0442147309222592
Trp53cor1,-0.577407734085674,0.0021911706106667,0.0442147309222592
4933426M11Rik,0.212880820051351,0.0022008190834356,0.0443421526290852
Cenpt,0.349858025241138,0.0022087128706204,0.0444509697472156
Hes1,-0.674453573232235,0.0022277907272516,0.044778994975139
Mta3,-0.345123192903604,0.0022300346328261,0.044778994975139
Casp12,0.641992913750192,0.0022431709636808,0.0449921051219266
2410114N07Rik,-1.62592300433567,0.0022461775878146,0.0450017894026102
Bdnf,-0.369142484529201,0.0022502614254684,0.0450330095146207
Mllt6,0.381381411444378,0.0022560167269563,0.0450975720385188
Gm53,-0.234033166590504,0.0023172499473794,0.0462179908408539
Zbtb46,1.01018177770824,0.0023160591965694,0.0462179908408539
Olfml2a,1.05715179513315,0.0023467372117711,0.0467538225956337
Scd2,-0.277700988876444,0.002358260795338,0.0469309690197231
Cldn15,1.41301969556387,0.0024005772934908,0.04771983692334
Mcc,1.09311388414383,0.0024042938707175,0.0477404944418318
Smyd3,-0.333887309355625,0.0024260520848812,0.0481189485267156
Zfp36l2,0.423127090376366,0.00245111303441,0.0485619961295167
Atr,0.280611156523134,0.0024563143872543,0.0486110342276715
Amotl1,0.430466911899536,0.0024655988675474,0.048740680052371
Irs3,-1.66273658898145,0.0024723423067147,0.0488198623156487
Zfp467,-0.736418211373207,0.0024792680498517,0.0488829574728729
4933421O10Rik,-0.425747955725742,0.0024810204987353,0.0488829574728729
Snord104,-1.94881214237968,0.0025210859038215,0.0496175306302893
Cd36,1.15433277997828,0.0025338138843559,0.0498130489216655
Rmnd1,-0.307136830260244,0.0025435124622141,0.0499486461605069
