"","Motif Name","Consensus","Log P-value","q-value (Benjamini)","% of Target Sequences with Motif","% of Background Sequences with Motif","Source_DF"
"9","Nanog(Homeobox)/mES-Nanog-ChIP-Seq(GSE11724)/Homer","RGCCATTAAC",-2.46,1,55.34,48.11,"homer_I_LMC_down"
"4","Nkx3.1(Homeobox)/LNCaP-Nkx3.1-ChIP-Seq(GSE28264)/Homer","AAGCACTTAA",-3.15,1,36.89,28.61,"homer_I_LMC_down"
"29","Nkx3.1(Homeobox)/LNCaP-Nkx3.1-ChIP-Seq(GSE28264)/Homer","AAGCACTTAA",-3.15,1,36.89,28.61,"homer_III_LMC_down"
"6","Bapx1(Homeobox)/VertebralCol-Bapx1-ChIP-Seq(GSE36672)/Homer","TTRAGTGSYK",-2.91,1,34.95,27.3,"homer_I_LMC_down"
"31","Bapx1(Homeobox)/VertebralCol-Bapx1-ChIP-Seq(GSE36672)/Homer","TTRAGTGSYK",-2.91,1,34.95,27.3,"homer_III_LMC_down"
"21","En1(Homeobox)/SUM149-EN1-ChIP-Seq(GSE120957)/Homer","NDCTAATTAS",-2.49,1,34.29,22.82,"homer_II_MEF_down"
"20","Lhx3(Homeobox)/Neuron-Lhx3-ChIP-Seq(GSE31456)/Homer","ADBTAATTAR",-2.51,1,28.57,17.85,"homer_II_MEF_down"
"35","Hoxd11(Homeobox)/ChickenMSG-Hoxd11.Flag-ChIP-Seq(GSE86088)/Homer","VGCCATAAAA",-3.9,0.447,27.73,25.12,"homer_III_MEF_down"
"23","Hoxd13(Homeobox)/ChickenMSG-Hoxd13.Flag-ChIP-Seq(GSE86088)/Homer","NCYAATAAAA",-2.38,1,25.71,15.89,"homer_II_MEF_down"
"16","Six2(Homeobox)/NephronProgenitor-Six2-ChIP-Seq(GSE39837)/Homer","GWAAYHTGAKMC",-3.14,1,22.86,11.58,"homer_II_MEF_down"
"17","Lhx1(Homeobox)/EmbryoCarcinoma-Lhx1-ChIP-Seq(GSE70957)/Homer","NNYTAATTAR",-2.71,1,20,10.44,"homer_II_MEF_down"
"25","Hoxd10(Homeobox)/ChickenMSG-Hoxd10.Flag-ChIP-Seq(GSE86088)/Homer","GGCMATGAAA",-2.33,1,20,11.42,"homer_II_MEF_down"
"8","LHX9(Homeobox)/Hct116-LHX9.V5-ChIP-Seq(GSE116822)/Homer","NGCTAATTAG",-2.56,1,18.45,13.11,"homer_I_LMC_down"
"33","LHX9(Homeobox)/Hct116-LHX9.V5-ChIP-Seq(GSE116822)/Homer","NGCTAATTAG",-2.56,1,18.45,13.11,"homer_III_LMC_down"
"18","Unknown(Homeobox)/Limb-p300-ChIP-Seq/Homer","SSCMATWAAA",-2.56,1,14.29,6.59,"homer_II_MEF_down"
"19","PAX5(Paired,Homeobox)/GM12878-PAX5-ChIP-Seq(GSE32465)/Homer","GCAGCCAAGCRTGACH",-2.55,1,14.29,6.59,"homer_II_MEF_down"
"15","Six1(Homeobox)/Myoblast-Six1-ChIP-Chip(GSE20150)/Homer","GKVTCADRTTWC",-4.18,1,11.43,2.75,"homer_II_MEF_down"
"24","Pax8(Paired,Homeobox)/Thyroid-Pax8-ChIP-Seq(GSE26938)/Homer","GTCATGCHTGRCTGS",-2.35,1,11.43,4.99,"homer_II_MEF_down"
"7","Unknown(Homeobox)/Limb-p300-ChIP-Seq/Homer","SSCMATWAAA",-2.86,1,9.71,5.49,"homer_I_LMC_down"
"32","Unknown(Homeobox)/Limb-p300-ChIP-Seq/Homer","SSCMATWAAA",-2.86,1,9.71,5.49,"homer_III_LMC_down"
"1","Oct6(POU,Homeobox)/NPC-Pou3f1-ChIP-Seq(GSE35496)/Homer","WATGCAAATGAG",-4.54,1,8.74,3.51,"homer_I_LMC_down"
"5","Pknox1(Homeobox)/ES-Prep1-ChIP-Seq(GSE63282)/Homer","SCTGTCAVTCAV",-3.05,1,8.74,4.58,"homer_I_LMC_down"
"26","Oct6(POU,Homeobox)/NPC-Pou3f1-ChIP-Seq(GSE35496)/Homer","WATGCAAATGAG",-4.54,1,8.74,3.51,"homer_III_LMC_down"
"30","Pknox1(Homeobox)/ES-Prep1-ChIP-Seq(GSE63282)/Homer","SCTGTCAVTCAV",-3.05,1,8.74,4.58,"homer_III_LMC_down"
"3","Oct4(POU,Homeobox)/mES-Oct4-ChIP-Seq(GSE11431)/Homer","ATTTGCATAW",-3.38,1,7.77,3.62,"homer_I_LMC_down"
"28","Oct4(POU,Homeobox)/mES-Oct4-ChIP-Seq(GSE11431)/Homer","ATTTGCATAW",-3.38,1,7.77,3.62,"homer_III_LMC_down"
"13","Hoxa10(Homeobox)/ChickenMSG-Hoxa10.Flag-ChIP-Seq(GSE86088)/Homer","GGYAATGAAA",-4.12,1,7.14,4.14,"homer_II_LMC_down"
"12","Oct4(POU,Homeobox)/mES-Oct4-ChIP-Seq(GSE11431)/Homer","ATTTGCATAW",-8.28,0.0053,6.98,4.15,"homer_I_MEF_up"
"2","Oct11(POU,Homeobox)/NCIH1048-POU2F3-ChIP-seq(GSE115123)/Homer","GATTTGCATA",-3.54,1,6.8,2.86,"homer_I_LMC_down"
"27","Oct11(POU,Homeobox)/NCIH1048-POU2F3-ChIP-seq(GSE115123)/Homer","GATTTGCATA",-3.54,1,6.8,2.86,"homer_III_LMC_down"
"22","OCT4-SOX2-TCF-NANOG(POU,Homeobox,HMG)/mES-Oct4-ChIP-Seq(GSE11431)/Homer","ATTTGCATAACAATG",-2.43,1,5.71,1.41,"homer_II_MEF_down"
"11","Brn1(POU,Homeobox)/NPC-Brn1-ChIP-Seq(GSE35496)/Homer","TATGCWAATBAV",-9.9,0.0014,5.67,2.91,"homer_I_MEF_up"
"34","Oct6(POU,Homeobox)/NPC-Pou3f1-ChIP-Seq(GSE35496)/Homer","WATGCAAATGAG",-4.95,0.204,5.34,3.88,"homer_III_MEF_down"
"14","Oct6(POU,Homeobox)/NPC-Pou3f1-ChIP-Seq(GSE35496)/Homer","WATGCAAATGAG",-2.89,1,5.26,3.25,"homer_II_LMC_down"
"36","Oct2(POU,Homeobox)/Bcell-Oct2-ChIP-Seq(GSE21512)/Homer","ATATGCAAAT",-3.77,0.4497,3.53,2.56,"homer_III_MEF_down"
"10","OCT4-SOX2-TCF-NANOG(POU,Homeobox,HMG)/mES-Oct4-ChIP-Seq(GSE11431)/Homer","ATTTGCATAACAATG",-2.66,1,2.28,1.08,"homer_I_MEF_down"
"37","Pitx1:Ebox(Homeobox,bHLH)/Hindlimb-Pitx1-ChIP-Seq(GSE41591)/Homer","YTAATTRAWWCCAGATGT",-3.67,0.465,2.04,1.33,"homer_III_MEF_down"
"38","Six4(Homeobox)/MCF7-SIX4-ChIP-Seq(Encode)/Homer","TGWAAYCTGABACCB",-4.99,0.1755,1.35,0.66,"homer_III_MEF_up"
