"","P7_4_Ctrl1","P7_4_Ctrl2","P8_4_Ctrl3","P8_4_Ctrl4","P8_4_Ctrl5","P4_5_Ctrl1","P4_5_Ctrl3","P4_5_Ctrl2"
"Spink2",17,23,20,28,33,2,1,1
"Ltc4s",16,19,22,33,28,1,1,5
"Gbp8",40,90,94,142,123,1,1,2
"Casp1",175,366,328,515,391,4,7,2
"Snx20",56,119,112,189,133,4,1,5
"Fcgr4",77,157,162,233,165,1,1,4
"Itgb2",1573,3271,3517,4738,3309,13,2,6
"Pik3ap1",490,1007,1047,1479,983,5,2,1
"Plxnc1",707,1428,1335,1972,1345,134,25,115
"Fcgr2b",529,1057,1030,1518,1052,2,1,6
"Ms4a7",1224,2467,2353,3544,2372,4,2,3
"Aph1c",312,613,599,842,574,50,24,26
"Lat2",433,912,865,1233,862,17,6,13
"1-Mar",137,294,279,373,267,23,1,19
"Rbm47",198,398,382,529,390,46,5,34
"Ddx3y",2425,4847,4786,6376,4443,12,2,3
"Cd84",1367,2789,2586,3580,2486,35,37,31
"Slc15a3",467,957,900,1258,878,19,7,12
"Tlr13",1244,2482,2377,3262,2304,4,2,3
"Rgs10",446,830,812,1114,762,30,55,23
"Pld4",674,1341,1290,1827,1252,7,12,5
"Wfdc17",209,405,382,540,379,3,1,2
"Cd200r4",246,533,522,675,492,19,7,2
"Htr2b",184,409,375,513,364,24,21,10
"Klhl6",97,172,179,214,177,8,1,4
"AI467606",61,107,109,144,115,2,1,2
"Bcl2a1b",363,599,597,835,627,5,1,1
"Themis2",158,284,285,350,256,6,1,2
"Csf2rb",471,835,816,1051,726,6,49,4
"Csf2rb2",700,1281,1278,1651,1132,14,10,13
"Slc39a12",9,14,16,20,14,1,1,1
"Ms4a6d",497,943,979,1301,931,5,18,9
"Clec4n",130,233,247,322,213,3,1,2
"Myo1g",353,642,660,894,602,8,1,6
"Acta1",4083,9919,10882,14846,9048,1535,13,1065
"Podnl1",97,221,234,327,198,40,16,28
"Glipr1",1758,3769,4131,5761,3796,370,23,231
"Adh1",525,1086,1279,1703,1104,146,6,106
"Col4a1",46906,101066,113006,158131,100531,17774,1728,12198
"Thbs2",23223,47170,54660,76717,48973,6912,1031,4245
"Enpp3",79,133,149,185,121,23,6,19
"Oas1a",65,127,143,188,113,20,1,20
"Plekhg4",139,311,337,448,263,43,1,23
"Degs2",70,150,162,212,132,14,1,8
"Fbln2",131107,276210,298281,407260,252294,29983,5919,23556
"Pcsk9",366,769,808,1120,683,55,14,45
"Itga11",3621,7520,7385,10170,6440,1184,33,722
"Gpr116",387,779,820,1156,733,126,2,80
"Actg2",4499,9518,9497,14002,8664,987,6,657
"Hmha1",699,1454,1444,2078,1293,230,28,128
"C1qc",1876,3687,3886,5886,3575,5,5,4
"Cd37",191,385,394,607,390,2,1,2
"Clec4d",1144,2315,2504,3774,2505,7,16,5
"Fermt3",491,1053,1196,1663,1044,15,8,22
"Galnt6",380,744,861,1236,779,2,1,2
"Trem2",1338,2682,2995,4417,2699,29,35,17
"Unc93b1",774,1715,1921,2858,1718,138,12,117
"Fam131b",239,478,525,731,481,89,55,63
"Pik3cd",347,676,763,1089,703,131,79,92
"BC028528",244,425,425,622,406,84,10,48
"Sox12",240,475,451,685,441,57,24,43
"Gpsm3",183,335,326,504,321,29,12,24
"Lyl1",85,163,158,241,156,10,1,2
"Sipa1",426,899,869,1313,774,148,41,97
"Plcg2",794,1664,1739,2513,1516,275,131,187
"Rbp1",226,518,529,813,470,48,9,24
"Adamts14",245,519,498,785,493,65,2,32
"Ltbp4",492,940,916,1438,894,137,116,139
"Cd68",2615,5402,5564,7560,4871,40,99,52
"Smoc2",2822,5817,5874,8066,5304,331,64,259
"Bin2",160,347,363,480,295,8,11,10
"Abcc3",573,1223,1277,1619,1075,108,40,89
"Tmem106a",743,1529,1588,2041,1294,150,62,135
"Lhx6",96,201,207,267,169,21,31,14
"Sh3bp2",755,1556,1624,2205,1436,223,259,146
"Adap1",137,225,250,360,220,17,1,9
"Spi1",369,649,779,1115,632,1,4,3
"Susd3",62,101,105,156,87,2,1,2
"Card9",99,191,199,269,160,5,8,1
"Irf8",247,466,479,677,399,9,19,8
"Foxd2os",82,172,194,254,166,11,43,13
"Lpar5",31,69,76,91,68,3,11,3
"Il7r",317,565,658,871,600,2,1,3
"Rtn4rl1",83,146,176,225,160,11,5,5
"Cd200r1",367,656,705,993,732,28,10,24
"Mcoln2",208,354,410,562,404,12,1,7
"Clec7a",355,726,852,1008,769,4,4,6
"Sel1l3",94,154,206,241,170,2,1,3
"Psg19",4,11,8,13,9,1,1,1
"Aim2",138,312,267,365,262,45,13,33
"Atf7ip2",19,50,44,60,40,7,1,3
"Fblim1",1504,3309,2995,4129,2692,564,278,348
"Tubb3",529,1155,1040,1423,922,183,120,98
"Gng2",1076,2264,1991,2952,1919,333,311,224
"Adap2",102,287,268,392,245,1,1,3
"Gfpt2",464,1086,1015,1467,934,147,108,92
"Coro1a",373,681,589,915,567,19,19,20
"Dock10",520,991,854,1222,806,74,13,43
"P2ry6",276,523,440,650,428,84,32,44
"Galnt12",129,252,230,326,219,22,37,10
"Sp3",2155,4308,3851,5366,3525,479,755,309
"Fam105a",376,691,626,899,590,116,74,76
"Mctp1",301,592,506,736,505,90,66,57
"Fat3",407,829,705,1042,677,95,63,83
"Ucp2",1029,2144,1887,2662,1754,275,175,186
"Arap3",517,1086,948,1433,899,17,11,13
"Arhgap9",119,269,233,360,223,2,1,1
"Ncf1",888,1807,1584,2327,1504,9,15,20
"Ncf2",599,1250,1089,1658,1082,14,1,9
"Myo1f",1447,2973,2750,3809,2444,6,4,1
"Pik3r5",584,1167,1084,1470,968,58,100,61
"Plac8",1778,3944,3565,5015,3263,63,2,58
"Rac2",518,1147,1019,1383,919,13,13,11
"Sema4d",734,1624,1481,2004,1340,56,47,30
"Angptl1",170,342,321,453,277,22,1,10
"Hcls1",536,1100,1020,1461,877,13,5,14
"Adam8",4676,9707,9366,12698,8330,163,28,128
"Laptm5",3809,7915,7474,10277,6708,34,10,7
"Gpr155",249,430,416,561,382,62,52,60
"Stab1",3136,6364,6015,8424,5468,42,4,57
"Abhd15",47,91,73,115,85,9,15,10
"Entpd1",236,453,401,565,425,25,67,19
"AF251705",317,699,549,872,592,2,1,2
"Coro2a",197,442,367,538,366,14,6,13
"Shisa9",56,120,93,134,100,2,1,2
"Cd180",562,1112,937,1346,983,4,2,2
"Fgd2",50,99,81,117,85,2,2,2
"Ncf4",178,366,301,483,342,2,1,2
"Tnfaip8l2",203,390,350,512,371,5,2,7
"Cd300a",480,961,866,1261,886,45,21,19
"Fcgr3",1119,2297,2071,2955,2019,109,15,81
"Ccl3",192,336,296,438,301,20,7,15
"Lair1",349,671,574,845,588,2,1,4
"Lilrb4",2771,5184,4639,6688,4750,19,22,10
"Col7a1",3853,8813,8030,11590,6548,1204,98,760
"Pkmyt1",130,255,217,348,190,40,10,33
"Arhgap10",1665,3324,3225,4107,2724,755,123,475
"Kcnj2",291,608,570,778,522,136,23,60
"Tll1",5192,11509,10550,14464,9476,2493,184,1603
"Naip5",128,245,224,330,209,55,1,17
"Slc15a2",126,219,198,286,178,56,1,33
"Adam33",457,1076,892,1194,683,197,2,143
"C1qtnf3",7275,14999,12547,16473,9969,2727,47,1629
"Nlrc4",47,106,100,128,76,5,10,5
"Diras2",169,376,310,430,243,43,24,49
"Slfn5",60,160,138,179,104,5,2,15
"Myo1b",1466,3215,2639,3762,2528,533,123,306
"Glipr2",2764,5871,4766,6590,4313,1005,152,653
"Syne2",1176,2481,2059,2870,1861,496,66,288
"Adcyap1r1",1717,4118,3331,4477,3015,593,3,429
"Foxs1",31,72,57,77,55,7,1,7
"Igsf9",83,202,167,216,150,23,7,17
"Slc7a8",340,697,577,739,526,78,3,41
"Dpep2",226,498,415,558,377,52,3,34
"Stard8",427,858,748,951,695,147,82,94
"Zc3hav1l",501,1095,876,1233,768,149,62,91
"Nsg1",721,1483,1252,1767,1117,185,177,132
"Rab3il1",1207,2368,2036,2848,1699,352,218,286
"Tubb2b",2622,5368,4648,6560,3928,607,345,457
"Apobec1",761,1634,1226,1830,1193,174,175,108
"Crip1",369,865,667,1053,655,62,22,37
"Ebi3",29,76,82,100,70,2,1,2
"Crybg3",1326,2958,3407,4340,2942,259,76,132
"Slamf7",19,45,51,64,46,2,1,3
"Plcb2",19,44,52,58,37,2,1,2
"Mfap5",1186,2635,2993,3523,2472,566,32,415
"Lama2",1726,3739,4170,5249,3478,600,23,337
"Pyroxd2",189,360,430,509,338,79,11,50
"Cd22",28,81,79,94,73,5,5,5
"Pnma2",26,68,66,83,64,4,10,4
"Kcna3",6,21,19,23,16,4,1,2
"Sp100",139,353,325,362,263,57,15,40
"Adam5",64,142,121,169,146,25,1,21
"Mpped2",58,138,120,146,133,29,1,20
"Ms4a6c",136,338,253,361,266,12,10,18
"Prokr1",23,52,37,52,42,3,1,6
"Spocd1",9,24,15,23,18,3,1,2
"Tfpi2",79,180,107,184,138,10,1,10
"Mmp17",120,240,172,223,185,36,1,36
"C5ar2",33,57,39,59,44,12,1,5
"Kng1",21,38,27,38,31,8,1,2
"Capn11",22,36,39,40,27,4,1,3
"Clec4a2",54,103,109,116,69,9,8,8
"Gngt2",135,247,228,318,196,41,14,33
"Rapgef5",105,190,191,252,149,14,3,8
"Adam12",1182,2566,2430,3122,2150,308,7,165
"Nt5dc2",904,1837,1751,2179,1417,148,61,106
"Elmo1",534,1056,980,1293,857,132,70,76
"Stard9",2739,5395,5194,6677,4422,694,399,515
"Rasgef1a",109,216,227,269,181,24,11,31
"Alox5ap",443,882,909,1158,753,10,1,11
"Cnr2",127,245,254,303,200,20,9,6
"Egr2",44,86,87,105,68,22,1,9
"Tlr9",26,56,59,67,42,10,1,2
"Abcg3",36,74,72,81,56,8,1,4
"Trip13",157,325,285,351,220,50,28,28
"Aif1",41,54,53,59,48,2,1,1
"Il21r",104,140,131,171,135,17,9,7
"Cd48",405,704,564,796,622,2,1,1
"Milr1",176,336,250,350,291,27,34,16
"Nxpe5",77,153,124,157,131,10,2,8
"Pik3r6",31,63,55,61,54,2,2,4
"Creg2",100,174,162,193,155,13,15,8
"Slfn10-ps",84,151,128,147,120,14,23,10
"Lst1",69,122,107,138,86,3,1,6
"Ikzf1",137,221,203,272,171,6,2,1
"Pik3cg",305,526,432,607,383,6,2,3
"Ptpn7",291,623,505,674,438,15,5,21
"Stap1",180,367,312,407,274,2,1,4
"Arhgap19",803,1651,1266,1833,1182,139,87,96
"Sp140",94,187,145,210,135,9,3,6
"Fmo2",517,1149,910,1302,870,27,1,33
"Cd300ld",217,505,385,550,367,4,2,1
"Folr2",483,1051,821,1175,772,44,29,29
"Ptpn6",511,1100,852,1149,836,12,2,13
"Lcp1",3767,7710,6003,8546,6003,154,154,83
"Tlr7",739,1461,1147,1565,1147,15,8,19
"Cyth4",868,1683,1340,1879,1340,5,10,1
"Tlr8",392,774,620,856,637,1,7,1
"Sp110",87,155,128,186,127,5,1,7
"Smoc1",321,574,497,662,445,57,43,52
"Csf1r",3323,6623,5548,7631,5163,104,26,51
"Mrc1",1183,2205,1869,2548,1742,31,1,21
"Tm6sf1",274,500,380,577,389,9,28,9
"Ccl6",137,263,194,286,197,14,1,4
"Cd72",978,1883,1399,2076,1425,36,6,19
"Arrb2",615,1253,1020,1454,1002,98,186,87
"Cd33",219,404,347,464,326,4,44,3
"Msr1",686,1392,1253,1658,1256,4,1,4
"Ccl4",136,264,231,299,225,5,9,7
"Nfam1",345,765,650,842,624,2,1,3
"Dock8",695,1466,1244,1684,1214,152,150,98
"Il10ra",178,399,356,468,319,1,1,3
"Emr1",2623,5550,4961,6690,4742,8,2,7
"Wdfy4",444,957,880,1181,813,6,2,3
"Dock2",780,1551,1359,1911,1312,5,3,5
"Mpeg1",7515,15457,13254,18878,12842,21,20,8
"C1qa",1621,3067,2650,3675,2571,3,4,3
"Rgs1",177,332,293,417,281,2,1,1
"Traf3ip3",53,96,83,118,81,6,5,4
"Arl11",316,570,529,731,510,4,10,4
"Gp49a",2273,4494,4075,5639,4005,12,4,6
"Fcer1g",1383,2690,2388,3338,2329,11,3,11
"Lyz2",37214,75060,66158,92654,64966,141,51,89
"Eif2s3y",1468,2888,2609,3683,2492,2,2,3
"Nckap1l",1777,3572,3290,4462,3092,10,6,6
"Clec12a",535,1079,885,1275,849,13,24,7
"Arhgap30",598,1215,1016,1412,1000,6,1,7
"Kdm5d",833,1823,1511,2082,1452,3,2,1
"Lmo2",389,747,683,887,631,3,27,5
"C1qb",2467,4920,4270,5768,3845,6,7,2
"Cd36",2067,4284,3713,5090,3409,9,2,13
"C3ar1",2306,4656,4129,5663,3870,15,1,7
"Inpp5d",730,1468,1330,1756,1207,11,6,3
"Ccr3",2,15,11,15,11,1,1,2
"Clca5",4,22,17,22,19,1,1,2
"Sez6l2",13,44,49,68,54,7,2,5
"Cd5l",112,381,443,580,390,4,4,3
"Ceacam16",4,14,16,19,15,2,1,1
"Slc17a6",11,42,28,55,42,7,1,4
"Dact2",32,109,104,178,115,6,23,5
"Ptger2",18,42,31,66,40,4,10,1
"Arhgap4",140,271,193,335,211,24,4,5
"Ccrl2",42,67,46,82,54,14,5,7
"Abi3",76,144,87,202,102,12,1,14
"Sh2d1b1",26,52,35,78,41,3,1,1
"Slc28a2",10,19,10,25,14,1,2,1
"Arhgap15",15,32,19,39,21,2,1,3
"Epsti1",28,66,38,82,45,2,1,3
"B3gnt7",13,22,13,27,23,2,1,1
"Ms4a6b",34,75,44,81,68,5,2,2
"St18",72,93,86,137,98,7,1,4
"Gjc2",57,83,75,119,82,22,1,9
"Trim14",55,79,63,106,85,19,1,3
"Prl2c3",2271,5044,14122,17065,12105,645,2336,637
"Rnf183",3,13,42,54,27,2,1,4
"Lce1f",10,22,26,47,37,3,1,2
"Smpd5",13,28,37,65,44,5,1,2
"Treml4",4,8,10,20,14,2,1,1
"Nell1",53,70,139,170,117,24,8,7
"Grm7",11,17,29,36,30,4,1,4
"Mcoln3",297,580,857,1236,912,8,15,4
"Slc12a1",18,31,43,55,44,4,1,6
"Adra1a",40,76,116,149,110,8,21,1
"Foxd2",32,71,97,126,90,8,17,8
"Ankrd33b",72,139,248,307,207,23,3,7
"Slc11a1",510,1027,1601,2055,1304,22,8,27
"Ccbe1",370,622,1013,1435,941,154,111,80
"Foxd1",50,108,169,241,136,12,13,9
"Mid1-ps1",30,44,58,87,56,5,1,1
"Kcnip3",32,61,77,105,78,5,1,1
"Mmp12",2461,4839,6406,8886,6385,118,98,79
"Atp6v0d2",816,1605,1956,2647,1868,28,58,19
"Irf5",372,668,780,1097,747,58,90,26
"Adamts4",544,1033,1322,1912,1137,204,88,110
"F3",5546,11379,14342,21655,13361,2551,1257,1637
"Piezo2",811,1855,2518,3628,2182,293,55,155
"Atp1a3",119,308,344,541,319,11,3,8
"Hk3",646,1382,1701,2506,1531,1,2,2
"Shc2",1532,3154,3973,5472,3450,336,214,256
"Nid1",50757,110074,148524,197566,128278,28924,3823,19716
"Col4a2",35847,77256,93003,130393,82635,17434,1915,12025
"Plxdc1",199,437,562,748,462,63,2,40
"Naalad2",164,319,433,623,425,44,2,35
"Hoxa5",574,1302,1556,2317,1531,185,77,173
"Hoxa3",405,917,1139,1604,1038,137,62,94
"Kcnj15",653,1353,1688,2284,1554,259,121,184
"H2-M9",6,11,21,25,12,4,1,1
"B3gnt3",62,118,128,216,119,9,1,6
"C2cd4c",20,48,55,85,43,3,6,4
"Crmp1",391,778,870,1342,731,83,142,51
"Slc27a6",60,100,145,182,104,20,14,7
"Tjp3",16,24,31,40,22,2,2,5
"Jakmip2",34,78,95,145,97,22,1,13
"Pla1a",58,104,141,235,141,28,3,24
"Aldh1l1",180,378,539,811,504,87,5,49
"Igfbp6",946,1958,3005,4485,2513,405,42,328
"Inpp5j",21,29,48,78,40,10,1,1
"Pck1",20,23,35,49,29,7,1,3
"Slc16a11",57,95,138,206,111,12,1,13
"Tmem121",29,42,65,96,56,3,1,2
"Asb10",7,20,23,42,19,5,1,3
"Tox2",5,23,24,54,22,5,1,3
"Akr1c12",8,11,16,28,11,1,1,2
"Ptpn18",27,55,67,127,48,2,7,1
"Ccdc88b",78,230,205,356,221,23,6,9
"Kcnk13",79,185,149,269,171,18,7,16
"Cmtm8",8,21,19,36,19,3,1,2
"Cdc42ep5",217,509,495,776,419,114,6,62
"Syt1",28,53,48,83,45,11,1,7
"Pou2f2",39,64,53,121,50,3,1,3
"Mmp9",27,42,40,68,34,8,1,6
"Nptx1",215,345,323,497,257,73,23,46
"Cx3cr1",93,238,78,93,97,7,11,6
"Trem1",19,46,16,24,15,2,1,7
"Crabp1",1226,2521,688,1082,629,317,3,129
"Gdf10",69,125,50,86,49,26,1,11
"Rps16",2890,4796,2730,213,742,153,13,24
"Bex4",17,23,22,13,8,4,1,2
"Ccl11",30,29,24,21,7,1,1,6
"Adam18",4,14,18,11,12,3,1,1
"Cd244",42,61,55,54,55,3,1,3
"Prrt2",46,71,60,66,56,11,6,10
"Evi2",41,81,75,63,67,6,1,1
"Prss16",20,32,27,23,24,2,1,2
"Rbpsuh-rs3",305,478,542,452,310,108,1,76
"Rnase10",33,51,62,53,44,5,1,9
"Tmem156",12,23,25,21,17,1,1,2
"Oas1g",33,55,33,52,15,8,1,3
"Gdf3",11,19,11,16,7,2,1,1
"Nlrp3",48,87,47,67,35,7,2,2
"Olfr1372-ps1",21,68,40,44,27,2,8,1
"Cyp2d22",119,292,260,244,189,40,5,33
"Ankle1",68,176,120,126,84,34,1,11
"Klhl33",18,54,38,43,27,2,1,3
"Atp6v0a4",10,38,32,40,18,4,1,3
"Slc43a1",19,53,56,57,33,8,1,5
"Bcl2a1d",31,104,59,99,44,1,3,1
"Hcar2",11,26,17,26,10,1,1,1
"Cd86",34,72,60,79,44,9,14,2
"Mxd3",81,174,153,194,101,16,25,13
"AU020206",99,196,155,204,112,30,4,19
"Eme1",109,218,186,222,119,27,11,22
"Pif1",115,243,192,229,129,13,1,10
"Tlr1",33,95,66,91,61,6,17,5
"Mmp27",18,49,35,43,32,6,5,3
"Spc24",86,218,137,193,137,31,18,19
"Wt1",34,91,58,85,60,13,1,5
"Pyhin1",79,168,110,182,113,17,1,18
"Tnfaip8l1",19,42,26,42,29,6,1,6
"P2rx7",188,351,264,396,235,57,13,40
"Fkbp5",355,722,539,774,467,144,15,84
"Slc43a3",292,618,474,652,411,104,33,79
"AI662270",72,162,108,180,100,3,1,2
"Cldn15",52,96,64,103,57,14,1,8
"Slco4a1",367,685,474,700,428,108,61,64
"Cdca3",445,909,652,822,565,141,45,118
"Fam111a",1203,2515,1707,2272,1613,442,97,257
"Gpr149",1589,3363,2356,3309,2187,521,218,360
"Mcm3",881,1978,1358,1846,1265,256,211,173
"Mcm5",771,1667,1229,1562,1058,222,121,132
"Plk1",381,864,632,783,500,69,14,51
"Ly86",65,149,95,133,84,3,1,2
"Ube2c",584,1161,836,1076,696,99,58,56
"C5ar1",801,1592,1083,1380,963,5,2,4
"Ccl9",655,1285,847,1131,754,55,27,25
"Cd83",129,265,191,223,161,12,5,9
"Rnf144a",119,217,164,201,146,24,11,14
"Clec1a",22,46,34,39,26,5,1,2
"Ulbp1",204,452,359,392,268,28,2,21
"Arhgef39",75,166,124,149,109,5,7,10
"Csf3r",45,98,70,83,68,10,1,5
"Cd93",1037,2049,1442,1943,1431,58,5,49
"Ly9",184,353,258,345,262,13,1,3
"Ifi27l2b",264,561,411,549,429,40,16,23
"Rasal3",72,133,101,137,105,7,1,4
"Cd52",186,387,247,378,255,5,1,1
"Lcp2",151,323,207,298,231,9,21,18
"AB124611",108,219,152,223,167,10,19,10
"Arhgap25",206,480,316,481,330,1,14,3
"Igsf6",150,312,232,325,228,43,28,15
"Fmnl1",408,984,718,1043,702,21,1,15
"Rassf4",417,948,688,1008,660,57,60,59
"Brinp3",150,333,239,368,237,14,1,5
"Cdh10",343,756,536,801,537,81,24,45
"Tbxas1",176,348,264,375,247,18,6,10
"Tnfrsf11a",274,523,397,549,363,47,11,38
"Clca1",1044,2298,1599,2209,1530,150,24,89
"Pde3b",748,1544,1097,1493,1076,164,28,92
"Nek2",483,927,705,925,652,142,46,93
"Olr1",493,1045,774,1076,724,125,1,104
"Arhgap18",318,677,516,645,471,113,21,70
"Kcnab1",1714,3649,2873,3639,2404,529,156,404
"Vav1",384,947,715,927,671,4,1,4
"Cd300lh",236,591,491,623,441,1,1,1
"Evi2b",270,600,496,624,421,13,28,7
"Ifi27l2a",40,79,46,39,40,2,1,1
"Pla2g4c",21,40,26,24,26,4,1,7
"Casc5",424,931,457,537,421,98,14,65
"Depdc1b",60,128,64,74,61,10,1,13
"Kif15",319,719,408,468,370,87,22,38
"Kif23",580,1309,750,876,635,124,56,94
"Depdc1a",206,442,215,281,212,28,1,24
"Mki67",2617,5476,3002,3644,2689,290,10,190
"E2f8",184,339,163,219,171,52,1,13
"S1pr3",1606,3313,1755,2243,1444,531,31,369
"Ska1",57,125,61,82,56,18,1,14
"Aoc3",216,470,226,337,215,28,1,20
"Ccna2",666,1417,718,964,734,220,41,101
"Esco2",218,490,232,339,241,61,8,40
"Sapcd2",27,59,32,46,40,4,1,8
"Cdc25c",141,243,155,196,163,22,2,22
"P2ry12",28,46,32,39,36,1,1,3
"Slamf9",95,186,121,149,135,2,2,4
"Phf19",159,323,199,243,156,53,1,26
"Efcab11",45,96,62,78,51,14,2,13
"Neil3",178,367,232,301,208,49,5,34
"Espl1",336,730,446,531,399,40,19,32
"Ccnb1",927,1979,1203,1440,1056,141,3,86
"Kntc1",618,1239,769,918,675,84,10,58
"Bub1",488,945,588,724,562,81,3,53
"Sgol1",245,477,281,358,271,60,26,35
"Tmem51",46,96,63,72,57,12,1,4
"Kif4",424,994,621,720,542,76,2,40
"Nuf2",350,820,492,567,450,63,30,39
"BC030867",148,284,176,246,159,31,2,18
"Dlgap5",558,1175,719,1003,704,108,26,88
"Ncapg2",992,1969,1278,1709,1199,279,95,202
"D17H6S56E-5",1330,2900,1858,2420,1715,272,33,162
"Ccnb2",519,1119,694,945,642,63,6,40
"Cdc20",725,1511,955,1260,875,136,55,90
"Birc5",441,963,615,765,506,108,46,76
"Kif14",215,474,288,365,245,45,9,39
"Prc1",1258,2756,1672,2191,1494,284,107,166
"Uhrf1",572,1296,792,1072,706,112,30,69
"Bub1b",634,1415,870,1090,779,179,65,106
"Mcm10",231,521,311,404,288,55,12,44
"Kif20a",1684,3561,2388,2978,2036,305,177,244
"Ncapd2",1773,3702,2443,3114,2105,504,308,327
"Fam64a",336,713,430,577,417,45,7,30
"Kif20b",545,1130,715,890,665,148,97,95
"Cep55",285,622,358,465,375,73,33,38
"Ndc80",424,922,505,663,548,92,30,63
"Asf1b",243,560,335,438,333,62,45,49
"Nusap1",421,1047,573,765,558,91,57,55
"Shcbp1",221,506,280,403,277,37,13,31
"Lmnb1",397,825,446,656,445,125,36,90
"Prr11",406,901,488,721,472,128,35,72
"Kif11",713,1563,936,1111,827,172,44,132
"Kif2c",518,1109,660,813,566,99,9,66
"Ckap2l",603,1389,772,957,686,85,7,77
"Top2a",2727,5854,3293,4133,2952,568,104,310
"Grik1",56,117,67,85,60,15,1,10
"Ect2",593,1230,670,913,658,188,59,130
"Iqgap3",537,1161,623,855,566,113,11,65
"Cdkn3",59,157,101,112,98,14,19,5
"AI504432",40,94,59,58,57,11,1,8
"Matn3",25,70,43,46,40,7,1,4
"Fmo6",7,35,12,23,21,2,1,1
"Lrr1",37,60,27,53,35,3,1,11
"Pde11a",12,26,11,21,14,4,1,2
"Rab19",16,45,18,40,29,8,1,3
"Clec4a1",18,40,23,37,21,4,2,4
"Krt19",223,513,312,460,286,91,10,54
"Ccr1",14,33,17,30,20,3,1,4
"Sim1",97,220,125,190,138,11,1,16
"Ercc6l",274,541,339,506,365,89,32,47
"Zc3h12d",59,135,78,124,86,11,2,4
"Aox3",91,148,82,140,92,24,3,14
"Exo1",145,255,150,249,160,32,8,22
"Gpr183",15,31,15,30,22,4,1,2
"Tnni2",15,32,17,33,23,3,1,3
"Sytl3",1,2,5,9,2,23,10,4
"Cnksr2",2,2,2,4,4,12,5,4
"Zfp853",3,6,3,8,6,22,13,10
"Plac1",3,2,1,11,2,24,1,8
"Car2",1,13,5,8,4,39,9,18
"Olfr1309",7,16,11,12,4,41,17,17
"A2m",5,5,2,12,8,142,18,41
"Pgpep1l",5,11,12,13,9,56,10,20
"Csmd1",2,8,2,17,5,88,19,38
"Slc35f1",72,167,111,182,122,510,219,299
"Csmd3",36,91,126,143,126,561,196,279
"Pm20d1",36,99,103,140,74,353,139,186
"Slitrk4",2,13,6,5,7,47,21,44
"Klhl40",1,3,3,5,2,20,9,21
"Rab9b",5,9,8,10,9,26,13,27
"Cacna1i",6,9,10,17,6,31,15,27
"Vwc2",14,17,21,30,9,74,30,68
"Asb5",2,6,15,17,9,42,22,42
"Faim2",5,2,10,11,2,49,27,50
"Arhgap27os1",3,7,3,12,5,18,16,18
"Rasgrf1",4,12,6,16,12,31,20,28
"Nrxn1",10,25,18,20,17,42,33,50
"St8sia1",9,22,26,30,25,52,45,59
"Mylk2",23,46,34,51,55,173,56,118
"Stmn2",431,931,1382,1912,1245,6593,1905,5335
"Dnah8",24,54,81,98,91,691,114,502
"Myh14",21,36,61,85,85,370,68,287
"Flrt1",29,63,91,128,83,282,107,175
"Nmnat2",83,223,253,403,260,903,285,551
"Kcnu1",12,14,24,35,18,76,23,54
"Camk2a",56,127,156,221,142,672,126,446
"Lama5",600,1048,1073,1513,890,3941,864,2737
"Trabd2b",177,399,555,667,415,1650,460,1179
"Wnt10b",22,46,50,73,42,170,50,112
"Tbx5",82,194,108,145,74,443,195,338
"Ackr3",327,749,406,542,347,1731,960,1230
"Bcar3",54,128,79,97,76,285,143,199
"Kcna1",6,14,8,17,3,88,37,48
"Gabra1",22,35,19,23,19,135,59,80
"Kank4",22,39,20,26,18,178,56,90
"Tmem35",62,146,131,146,88,374,175,264
"Cyyr1",28,72,51,70,41,238,87,145
"Xkr4",19,41,33,43,22,147,43,88
"Popdc3",14,26,25,29,15,85,28,63
"Galnt3",26,74,61,82,39,332,92,250
"Pcdh10",51,97,91,97,59,352,127,272
"Cdh17",23,47,47,58,47,145,62,112
"Ppp1r9a",91,186,178,246,164,596,272,445
"Chd5",117,259,363,418,273,1456,454,993
"Plekha6",108,194,198,257,139,747,279,502
"Gja1",3471,7474,5594,7238,4694,26122,10802,18817
"Gprc5a",209,481,373,526,337,1794,714,1339
"Limch1",265,601,369,457,363,2403,777,1844
"Cadm2",42,105,64,90,62,679,161,460
"Lrrtm2",11,23,13,23,21,117,37,81
"Aldh1a7",334,728,770,927,600,3738,1558,3001
"Cbr2",161,278,278,390,224,1395,641,1122
"Gpr64",116,252,306,365,223,2270,761,1658
"Bmp4",49,96,67,92,56,1158,308,870
"Sema3f",219,526,477,710,426,4881,1601,3873
"Sema3b",193,435,646,904,543,2288,1050,1760
"Tcfl5",137,261,308,387,263,899,470,687
"Olfr31",2,3,3,4,4,13,7,9
"Ccdc3",94,202,214,282,191,998,487,649
"Clic5",74,141,151,231,127,746,316,516
"Ttc34",4,5,11,12,7,23,15,18
"Irx3",56,106,150,234,135,442,320,376
"Prkaa2",163,329,356,493,340,984,779,738
"Smarca5-ps",27,64,64,89,64,201,131,151
"Adrb3",16,52,46,73,46,225,121,179
"Igfbp4",703,1532,1288,1874,1274,4891,3233,4265
"Aqp5",60,102,103,141,109,2143,1196,1510
"Klhdc7a",22,57,50,65,54,366,235,289
"Slc26a7",10,25,28,32,12,415,220,338
"Sox6",13,46,35,37,21,653,305,559
"Aldh3a1",4,7,9,6,7,262,116,192
"B4galnt3",2,3,9,6,5,77,34,62
"Bmp5",17,29,23,22,30,143,77,88
"Ntrk2",23,65,38,46,37,346,168,204
"Aldh1a1",393,940,1115,1539,1038,13548,6759,8502
"Pls1",6,15,6,13,10,106,52,74
"Mal2",3,5,8,8,6,58,35,32
"Pcdh20",14,24,24,29,21,274,159,139
"Pramef12",3,6,6,5,5,49,24,23
"Fbp2",3,2,1,1,4,122,51,61
"Hoxc11",4,7,8,8,6,88,34,44
"Art4",2,2,5,3,9,17,9,14
"Kcnh5",5,1,2,4,6,19,9,10
"Rassf9",7,5,3,11,6,35,17,21
"H2-Aa",4,12,7,7,1,36,4,60
"Il31ra",4,10,7,5,5,21,1,25
"Nlgn1",4,12,11,12,10,46,1,51
"Igf2os",2,5,3,4,5,32,1,31
"Olfm3",15,39,28,29,22,317,1,321
"Pex5l",11,23,23,23,16,167,1,171
"Ppfia2",2,3,10,10,4,88,2,80
"Ccl20",26,53,86,94,56,523,4,466
"Tenm1",22,45,36,51,39,287,4,256
"Psma8",2,7,11,8,5,39,2,35
"Slitrk3",2,7,9,3,5,50,1,40
"Tnfsf15",9,37,34,63,27,321,62,255
"Aqp1",800,1925,1599,1949,1369,21497,3383,16269
"Igsf1",6,9,7,12,7,61,15,46
"Fgf16",21,25,16,25,8,355,6,267
"Igf2",584,1140,456,673,385,14177,458,11066
"Rnf39",1,6,7,5,2,154,3,119
"Cacna2d3",16,25,23,44,23,249,28,182
"Gabrb2",19,35,28,42,22,257,22,189
"Col22a1",44,57,73,98,59,435,53,357
"Myct1",6,14,22,26,8,163,15,127
"Snai3",4,15,11,17,6,60,11,62
"Cyp1a1",31,68,219,290,168,6547,1450,6329
"Itgb6",2,8,2,5,2,66,8,62
"Pou3f4",17,25,17,36,28,124,34,119
"Col2a1",5,19,57,66,54,448,7,295
"Sstr4",11,25,42,46,25,165,11,119
"Col14a1",79,114,77,119,76,620,14,451
"Erbb4",11,26,16,31,17,220,1,147
"Olfr78",5,14,12,18,11,79,1,58
"Sema3c",4356,9658,7020,9210,5942,31115,3777,22751
"Slc25a21",5,8,7,14,11,52,1,34
"Nckap5",61,136,119,146,114,523,19,347
"Ntf3",28,61,53,78,53,263,15,165
"Ncam2",9,22,15,26,18,63,16,51
"Akap6",99,235,325,361,261,934,200,768
"Mustn1",43,96,115,120,99,329,90,273
"Homer2",25,60,51,78,39,222,38,181
"Krt80",29,62,62,84,42,244,39,210
"Kcnk2",47,82,101,112,77,358,77,315
"Kndc1",4,10,10,14,10,46,7,41
"Rab44",2,3,6,3,3,15,1,11
"Tex16",4,5,10,9,5,26,1,21
"Shc3",3,2,5,8,7,22,1,17
"Myo18b",1,2,5,7,3,17,1,15
"Fgfbp1",2,2,5,6,4,19,1,17
"Gdf5",4,8,12,15,9,45,1,45
"Arxes1",23,52,29,38,23,129,17,115
"Cdh8",17,42,14,22,11,92,1,73
"Ugt2b36",3,7,4,5,6,30,1,24
"Alx3",21,46,15,26,23,262,1,190
"Arhgap36",50,76,55,36,36,419,23,326
"Galnt14",13,25,16,30,14,95,1,76
"Tac1",33,46,43,50,34,214,1,171
"Chrm2",6,15,5,8,6,48,1,33
"Rgs6",16,29,10,29,20,161,1,100
"Tgtp1",41,110,59,83,73,391,20,260
"Ackr1",3,11,5,10,4,30,3,17
"F5",7,41,20,44,28,120,14,69
"Scn4b",21,42,60,92,46,220,13,140
"Slc14a2",1,14,17,13,11,55,1,35
"Cdh12",2,1,1,4,2,14,1,7
"Cntnap3",6,4,4,9,6,33,1,20
"Slc16a12",22,35,29,35,28,164,6,67
"Egfl6",12,18,19,35,11,207,1,95
"Il1rapl1",10,11,11,18,12,78,1,40
"Igfbp5",1101,2456,985,1225,879,14815,2063,7202
"Itih5",27,35,32,46,39,450,51,219
"Trav14-2",1,2,1,1,2,16,1,8
"Gpm6b",145,271,230,306,196,1333,264,806
"Masp1",494,1168,1015,1341,921,6229,1351,4282
"Hapln1",3,7,3,4,2,712,47,450
"Kirrel3",29,57,47,54,38,740,27,491
"Prss37",3,4,2,5,4,48,1,31
"Gfra3",2,4,1,3,2,31,1,19
"Tnfrsf11b",410,998,694,891,651,6081,644,3760
"Arhgef16",4,8,7,4,2,28,1,15
"Tnfaip8l3",9,8,9,6,6,58,2,38
"Cxcl14",628,1223,450,702,484,5858,286,3547
"Myh1",14,27,4,7,10,172,1,93
"Kdm4dl",3,6,1,5,7,4,17,11
"Frmpd4",4,4,7,5,1,7,16,12
"Kcnk1",2,2,5,9,2,4,21,11
"Pla2g2e",5,9,17,26,9,16,54,27
"Efhd1",4,4,3,10,6,8,29,2
"Dnah2",14,9,12,20,16,21,74,11
"Lypd6b",5,1,3,6,4,4,29,1
"Usp29",5,2,5,9,4,7,37,2
"Ccdc153",2,3,4,3,3,6,14,1
"Rps15a-ps3",19,28,25,31,30,39,147,4
"Amd2",26,97,95,147,88,157,689,58
"Rapgef4",13,28,37,41,28,53,174,25
"Mc4r",3,1,5,6,6,2,24,5
"Erich2",1,2,3,7,4,3,20,2
"AA474408",558,649,1772,2417,1017,936,6962,1210
"Slfn4",2,2,5,10,2,3,26,4
"Gpr50",4,14,11,17,12,4,62,8
"Tgm7",1,4,6,9,5,6,36,5
"Cnnm1",21,43,54,78,53,32,305,39
"Lars2",9525,10968,21783,25472,12197,13102,106612,14830
"S1pr5",2,2,1,4,2,2,16,3
"Col23a1",65,149,112,193,90,131,785,101
"Rab11fip4",3,14,9,16,10,9,85,16
"Fut9",5,2,5,4,3,7,41,2
"Cyp2j8",1,2,5,2,3,5,27,3
"Fam219aos",4,5,10,4,5,15,63,5
"Ckmt2",2,2,3,3,3,2,17,3
"Ranbp3l",7,18,25,29,28,24,235,24
"Lin7a",8,7,12,22,17,40,269,42
"Pou4f3",5,1,1,3,3,6,66,9
"Lrrc3b",9,14,13,14,8,17,87,12
"Grhl1",8,20,11,19,13,17,171,22
"Dlx3",2,5,2,1,1,8,114,5
"Ldoc1",8,15,5,5,5,10,317,6
"Grik3",11,31,25,35,35,43,237,34
"Sall1",2,7,8,7,10,18,128,8
"Ces1d",1,3,2,3,2,19,265,22
"Ces1f",2,1,3,2,4,25,241,19
"Gabra2",3,13,10,12,11,40,366,22
"Nwd2",2,1,4,4,2,11,136,4
"Npbwr1",5,8,11,8,8,13,136,13
"Rnase1",1,1,3,1,3,5,50,3
"Lcn2",2,2,1,2,1,2,7,2
"Slc16a14",1,6,6,6,2,5,34,10
"Trbc2",6,24,9,9,1,19,48,9
"Arhgap20os",4,15,4,2,6,12,48,1
"Eif2c5",2,6,2,4,3,5,17,2
"Eya2",2,7,5,2,3,5,22,3
"Nap1l5",47,121,73,106,70,137,413,84
"Sh2d2a",1,5,3,4,2,4,14,3
"Fgf2os",1,12,5,15,6,14,32,6
"Tmem181c-ps",5,31,21,48,15,44,94,27
"AI593442",30,60,25,54,46,101,352,83
"Bmp15",2,5,3,5,3,8,34,6
"Cdkl4",7,25,18,23,22,32,112,30
"mt-Tq",14,42,37,31,26,53,188,41
"Isl1",5,19,7,2,3,32,125,32
"Odf3l1",3,8,6,6,5,13,31,8
"Pm20d2",4,17,11,8,9,19,52,15
"Olfr1310",6,15,7,9,11,19,37,14
"Slc24a2",28,51,27,45,23,106,223,63
"Il17rb",9,25,15,22,10,66,198,59
"Anxa10",1,4,4,4,3,11,29,8
"Trank1",10,24,20,26,21,49,124,42
"Rps27",1,1,1,767,116,663,2939,91
"Slc45a1",14,13,16,28,12,26,86,19
"Lef1",25,44,63,71,49,68,283,60
"Ascl1",1,3,6,8,3,9,61,6
"Bend7",5,8,18,22,12,24,128,23
"Msx1",3,9,11,20,7,23,83,18
"Efna1",45,79,99,123,78,179,652,159
"Scube3",51,155,133,178,125,266,851,196
"Cd200r2",9,12,16,15,5,29,95,15
"Syt4",19,28,24,45,26,91,365,43
"Tacr1",11,20,27,44,23,55,148,27
"H2-Ab1",17,19,39,48,35,83,207,46
"Itga2",37,86,108,116,64,252,702,108
"Nkx6-1",9,18,18,28,19,57,168,31
"Rab27b",133,241,234,300,248,568,1509,346
"Apol7d",7,9,10,21,17,29,68,26
"Cyp3a13",7,13,10,23,20,25,70,19
"Gtf2a1l",3,3,1,4,4,6,15,3
"Trim54",1,5,7,13,16,37,164,29
"Esm1",29,58,82,108,68,2054,7885,1481
"Tfap2b",5,1,3,3,3,14,57,9
"Gpr37",2,2,5,3,2,29,130,15
"Plp1",65,114,115,153,84,538,2329,302
"Serpinb7",28,51,36,47,37,192,897,127
"Pax8",3,2,1,1,3,6,5,4
"Aldh1a2",1,11,7,10,11,27,30,19
"Dmp1",2,8,6,8,10,18,16,15
"Slc4a10",7,11,13,11,9,179,122,118
"Plagl1",636,1255,853,1135,732,12141,9721,8504
"Tbx4",17,18,10,15,8,1323,974,937
"Pitx1",2,5,4,7,4,872,726,731
"Mab21l2",6,10,13,11,9,425,307,369
"Wnt10a",4,8,7,8,5,198,136,153
"Bend5",5,19,18,25,15,93,71,75
"Rab3b",43,99,128,145,86,734,538,618
"Lmcd1",15,34,27,53,25,181,120,136
"Cdr1",3,7,4,9,5,53,39,39
"Unc5c",539,1102,844,1069,759,4765,3248,3383
"Hspb2",12,16,17,32,14,139,128,113
"Cnksr1",21,46,42,48,30,163,145,124
"Dmc1",14,23,42,42,26,182,151,126
"Clip4",49,106,108,153,123,765,598,524
"Ckmt1",10,22,28,42,25,204,171,142
"Slitrk5",150,287,353,410,311,1687,1390,1193
"H60b",17,20,21,25,25,78,65,46
"Asb16",7,8,17,19,10,74,57,42
"Col15a1",23,40,65,57,41,404,286,219
"Kcna6",26,45,33,36,27,245,243,130
"Nt5e",17,41,17,27,18,156,140,74
"Cadm4",31,116,93,97,90,637,542,404
"Lrp1b",11,14,11,23,11,146,126,90
"Lhx9",313,585,407,582,409,1665,1511,1077
"Prss35",101,181,211,201,139,731,682,463
"Cyp2c44",7,11,3,8,8,30,30,22
"Cybrd1",15,12,11,18,12,39,37,30
"Prrt1",11,13,5,23,15,56,64,39
"Derl3",18,31,38,53,38,128,133,115
"Rnf208",2,8,8,12,9,33,33,28
"Foxl1",11,21,34,38,28,119,135,118
"Tmem59l",6,23,29,37,22,134,148,114
"Spata18",3,1,3,4,5,21,21,14
"Abcb1a",47,82,104,111,105,365,379,231
"Dlx1",20,32,40,40,34,115,123,88
"Hoxc13",20,56,56,76,45,308,321,204
"Hoxa11os",14,17,21,16,23,133,145,117
"Tmem229a",3,7,2,7,8,56,57,35
"Got1l1",10,16,17,34,12,1208,1436,890
"Hoxa11",29,45,32,45,15,456,514,312
"Serpinb10",2,4,5,6,5,30,34,20
"Ano1",200,469,437,541,346,2296,2658,1681
"Hoxc10",76,177,133,165,113,1040,1255,735
"Cited4",5,2,5,5,1,16,12,4
"Spef2",5,4,12,7,7,29,26,5
"Ccdc13",5,7,21,20,20,38,32,30
"Hid1",59,129,174,294,174,379,406,332
"Mmp24",9,6,16,14,13,30,29,27
"Ptchd2",1,1,7,9,7,36,26,27
"Tmem56",28,53,79,70,60,223,186,173
"Vwa7",23,32,54,54,27,136,120,117
"Rai2",63,109,149,207,116,360,339,263
"Slc25a48",6,13,24,32,20,59,54,36
"Abhd11os",27,46,64,88,55,228,174,124
"Ppp2r2c",50,90,175,274,155,637,427,383
"Dkkl1",2,10,9,11,5,25,16,15
"Myoz2",3,10,15,16,8,50,31,19
"Sema4f",36,68,73,98,57,229,142,110
"Adora1",4,10,7,21,6,33,33,22
"Sp6",28,42,46,97,45,154,145,102
"Pmp2",8,11,11,15,9,31,28,17
"Shroom3",45,105,147,214,123,497,478,294
"Acss3",31,66,72,84,60,188,186,133
"Crabp2",202,352,402,537,335,1123,1157,788
"Cbln2",3,3,4,7,2,17,17,12
"Spint2",43,105,72,138,57,350,370,249
"Slc35g1",73,190,134,186,113,381,375,265
"Celsr2",58,135,135,162,89,314,296,262
"Tbx20",6,21,19,24,13,68,59,45
"Cd59a",365,758,800,999,681,2345,2053,1640
"Dlg2",66,120,122,156,102,313,268,217
"Hand2",24,57,35,46,32,117,97,101
"Sh3rf2",19,55,49,66,31,146,115,115
"Tbx2",32,83,62,111,62,230,178,179
"Eps8l2",158,359,358,410,256,890,637,665
"Cyp26b1",53,144,109,143,91,330,244,270
"Fgf13",114,238,177,225,129,524,378,401
"Gpc5",5,1,3,11,2,10,13,11
"Amd-ps3",1,1,74,114,1,228,327,150
"Panx2",7,8,18,17,13,29,36,24
"Erbb3",36,62,66,109,61,223,334,146
"Rab39b",55,74,115,139,103,230,346,150
"Tex15",164,347,310,472,288,809,1020,575
"Itih2",148,314,313,442,308,672,845,541
"Ugp2",2424,5102,6006,8265,5581,12961,17116,9462
"Edil3",752,1383,1648,2244,1566,3924,4634,2399
"Shank1",15,16,29,49,30,92,116,63
"Acvr1c",3,7,11,14,6,27,33,10
"Ttc21a",5,10,15,13,9,32,41,14
"Hapln4",31,91,112,159,98,199,346,166
"Fam179a",1,1,5,5,3,7,14,5
"Rbm24",13,16,38,43,29,57,100,45
"Kcna2",2,3,1,2,1,19,25,10
"En2",1,2,3,3,3,55,72,26
"Wfdc1",1,2,2,2,1,19,24,9
"Chil1",1,1,2,2,1,16,22,10
"Hmgcll1",63,154,97,122,89,747,1022,521
"Hmgcs2",40,62,23,50,32,288,399,190
"Akr1b7",5,7,6,7,13,35,46,18
"Tnfrsf19",10,30,31,40,39,109,148,59
"Syt9",1,2,2,4,3,12,18,6
"Tmem178b",58,127,136,162,123,494,716,287
"Lrrn1",26,72,51,75,54,177,218,81
"Lgi4",15,34,31,32,18,72,108,44
"Rundc3b",8,22,18,19,16,39,54,22
"Slc1a3",64,122,63,87,56,203,295,146
"Cnga3",25,51,38,47,41,114,170,61
"Dnajc6",24,61,47,51,42,211,334,121
"Zfp536",2,11,5,7,6,55,101,29
"Arhgef38",1,2,2,2,5,7,12,5
"Naip1",1,7,7,8,13,30,46,23
"Pou4f1",1,3,2,3,4,6,10,5
"Tmem200c",3,3,5,9,7,19,31,6
"Meig1",3,3,2,8,11,17,30,7
"Smyd1",2,5,3,12,10,19,35,10
"Hoxa10",67,153,81,114,62,936,1599,679
"Il1rn",175,339,228,346,211,7215,12712,4333
"Axin2",13,29,45,65,30,150,273,120
"Emr4",2,2,4,4,3,13,23,10
"Grm4",7,10,25,28,14,57,131,55
"Scg5",6,10,13,16,8,27,59,25
"Lmo1",15,17,17,15,16,49,103,45
"Ces1g",3,4,5,4,6,70,217,57
"Sox10",3,5,5,5,4,129,390,110
"Spink5",11,16,37,43,19,793,2370,666
"Dach1",26,52,61,67,40,281,577,198
"Slitrk6",12,24,22,26,18,316,704,169
"Cyb5r2",12,33,43,57,36,133,268,94
"Serpine2",4184,8737,9072,13161,8250,34810,67469,23732
"Foxq1",1,4,9,13,7,46,113,31
"Hcn1",32,99,116,177,104,395,894,266
"Fxyd1",15,34,27,36,32,94,173,68
"Ppargc1a",34,67,58,103,51,253,583,217
"Rbp4",3,6,6,8,5,30,69,24
"Tgm5",4,15,13,17,13,24,63,21
"Anxa8",679,1608,1317,1713,1140,2716,6220,1878
"Nrn1",726,1527,1429,1970,1344,2654,6138,1965
"Stard10",56,128,118,183,122,298,682,198
"Nme5",17,23,27,45,22,53,107,38
"Art3",2,11,6,14,2,24,55,17
"Cyp4b1",28,42,39,56,27,76,136,56
"Syt7",13,20,21,29,14,38,71,30
"Cacnb2",68,136,105,166,108,290,496,191
"Ccdc65",16,32,43,52,30,83,153,60
"Olfr658",3,2,2,2,1,9,18,5
"Slc35f3",5,3,9,7,6,30,78,18
"Zfp711",4,6,7,7,6,24,55,15
"Plb1",21,37,28,45,29,128,307,77
"Rab17",9,12,9,17,8,73,182,39
"Kctd19",3,4,10,9,1,18,37,13
"Ttc18",7,14,20,17,8,32,61,18
"Hap1",19,22,23,43,14,56,87,66
"Tph2",6,11,9,18,8,24,31,20
"Il13ra2",5,10,11,12,5,30,35,24
"Rab26",12,25,28,28,15,88,110,62
"Lmx1b",27,79,30,40,27,283,363,228
"Mab21l1",18,67,39,46,19,215,247,171
"Cpne7",6,10,8,10,8,21,26,16
"Elmod1",12,34,20,21,17,93,128,69
"Irx3os",6,18,20,17,12,32,43,28
"Slc8a2",3,16,25,23,21,50,70,44
"Ip6k3",12,29,33,36,30,79,123,73
"Tmem255a",28,44,61,72,53,144,211,121
"Oxgr1",3,2,2,2,3,7,9,8
"Best3",3,4,3,4,4,8,13,11
"Glb1l2",12,15,14,19,9,33,50,46
"Olfml1",4,8,6,2,5,11,19,14
"Vtcn1",3,5,1,1,3,10,13,9
