"","Motif Name","Consensus","P-value","Log P-value","q-value (Benjamini)","# of Target Sequences with Motif","% of Target Sequences with Motif","# of Background Sequences with Motif","% of Background Sequences with Motif"
"1","PU.1(ETS)/ThioMac-PU.1-ChIP-Seq(GSE21512)/Homer","AGAGGAAGTG",0.01,-5.17,1,37,"13.91%",2594.9,"9.00%"
"2","RUNX(Runt)/HPC7-Runx1-ChIP-Seq(GSE22178)/Homer","SAAACCACAG",0.01,-4.78,1,36,"13.53%",2571.9,"8.92%"
"3","MITF(bHLH)/MastCells-MITF-ChIP-Seq(GSE48085)/Homer","RTCATGTGAC",0.01,-4.68,1,54,"20.30%",4260.4,"14.77%"
"4","Usf2(bHLH)/C2C12-Usf2-ChIP-Seq(GSE36030)/Homer","GTCACGTGGT",0.1,-4.58,1,28,"10.53%",1897.5,"6.58%"
"5","HIF-1b(HLH)/T47D-HIF1b-ChIP-Seq(GSE59937)/Homer","RTACGTGC",0.1,-4.35,1,72,"27.07%",6095.5,"21.13%"
"6","Hoxa10(Homeobox)/ChickenMSG-Hoxa10.Flag-ChIP-Seq(GSE86088)/Homer","GGYAATGAAA",0.1,-4.12,1,19,"7.14%",1194,"4.14%"
"7","Sp1(Zf)/Promoter/Homer","GGCCCCGCCCCC",0.1,-4.09,1,97,"36.47%",8704.9,"30.18%"
"8","RUNX-AML(Runt)/CD4+-PolII-ChIP-Seq(Barski_et_al.)/Homer","GCTGTGGTTW",0.1,-3.58,1,31,"11.65%",2340.6,"8.12%"
"9","RUNX1(Runt)/Jurkat-RUNX1-ChIP-Seq(GSE29180)/Homer","AAACCACARM",0.1,-3.57,1,42,"15.79%",3374.1,"11.70%"
"10","Twist2(bHLH)/Myoblast-Twist2.Ty1-ChIP-Seq(GSE127998)/Homer","MCAGCTGBYH",0.1,-3.53,1,79,"29.70%",7046.8,"24.43%"
"11","Ptf1a(bHLH)/Panc1-Ptf1a-ChIP-Seq(GSE47459)/Homer","ACAGCTGTTN",0.1,-3.43,1,124,"46.62%",11771.4,"40.81%"
"12","Ets1-distal(ETS)/CD4+-PolII-ChIP-Seq(Barski_et_al.)/Homer","MACAGGAAGT",0.1,-3.27,1,21,"7.89%",1491.2,"5.17%"
"13","E-box(bHLH)/Promoter/Homer","SSGGTCACGTGA",0.1,-3.26,1,15,"5.64%",971.3,"3.37%"
"14","KLF3(Zf)/MEF-Klf3-ChIP-Seq(GSE44748)/Homer","NRGCCCCRCCCHBNN",0.1,-3.25,1,102,"38.35%",9519.4,"33.01%"
"15","ZNF669(Zf)/HEK293-ZNF669.GFP-ChIP-Seq(GSE58341)/Homer","GARTGGTCATCGCCC",0.1,-3.23,1,8,"3.01%",412,"1.43%"
"16","Tcf21(bHLH)/ArterySmoothMuscle-Tcf21-ChIP-Seq(GSE61369)/Homer","NAACAGCTGG",0.1,-3.06,1,53,"19.92%",4583.5,"15.89%"
"17","Tcfcp2l1(CP2)/mES-Tcfcp2l1-ChIP-Seq(GSE11431)/Homer","NRAACCRGTTYRAACCRGYT",0.1,-2.91,1,12,"4.51%",764.9,"2.65%"
"18","Oct6(POU,Homeobox)/NPC-Pou3f1-ChIP-Seq(GSE35496)/Homer","WATGCAAATGAG",0.1,-2.89,1,14,"5.26%",937.3,"3.25%"
"19","Tbx21(T-box)/GM12878-TBX21-ChIP-Seq(Encode)/Homer","AGGTGTGAAA",0.1,-2.87,1,34,"12.78%",2781.9,"9.65%"
"20","Atoh1(bHLH)/Cerebellum-Atoh1-ChIP-Seq(GSE22111)/Homer","VNRVCAGCTGGY",0.1,-2.84,1,54,"20.30%",4750.8,"16.47%"
"21","EWS:ERG-fusion(ETS)/CADO_ES1-EWS:ERG-ChIP-Seq(SRA014231)/Homer","ATTTCCTGTN",0.1,-2.82,1,34,"12.78%",2793.8,"9.69%"
"22","PRDM9(Zf)/Testis-DMC1-ChIP-Seq(GSE35498)/Homer","ADGGYAGYAGCATCT",0.1,-2.76,1,23,"8.65%",1769.1,"6.13%"
"23","ZBTB18(Zf)/HEK293-ZBTB18.GFP-ChIP-Seq(GSE58341)/Homer","AACATCTGGA",0.1,-2.75,1,25,"9.40%",1957.6,"6.79%"
"24","bHLHE40(bHLH)/HepG2-BHLHE40-ChIP-Seq(GSE31477)/Homer","KCACGTGMCN",0.1,-2.72,1,27,"10.15%",2150.6,"7.46%"
"25","Atf3(bZIP)/GBM-ATF3-ChIP-Seq(GSE33912)/Homer","DATGASTCATHN",0.1,-2.71,1,22,"8.27%",1685.8,"5.84%"
