"","gene","baseMean_I","log2FoldChange_I","lfcSE_I","stat_I","pvalue_I","padj_I","abs_LFC_I","baseMean_II","log2FoldChange_II","lfcSE_II","stat_II","pvalue_II","padj_II","abs_LFC_II","baseMean_III","log2FoldChange_III","lfcSE_III","stat_III","pvalue_III","padj_III"
"1","2610008E11Rik",997.359815787274,-0.530169980284547,0.180629355136022,-2.93512635244312,0.00333411891646613,0.0497019333927027,0.530169980284547,997.359815787274,-0.612008479388601,0.183670162596125,-3.3321061556109,0.000861913718921525,0.00866487138654578,0.612008479388601,997.359815787274,-0.763700898889759,0.18213784803971,-4.19298299123012,2.75310092781377e-05,0.000389297704894125
"2","4930523C07Rik",182.141899834061,1.08121616690734,0.237764982204799,4.54741550619104,5.43087123130429e-06,0.00022975270904081,1.08121616690734,182.141899834061,1.33374438989844,0.257204505440874,5.18554053947179,2.15389226456432e-07,6.52944985414932e-06,1.33374438989844,182.141899834061,-1.12345277908916,0.257165501372829,-4.36859832711552,1.25046514859942e-05,0.000204407395153284
"3","5430435G22Rik",1009.38646208532,-1.57805266370342,0.448984354369053,-3.51471637785913,0.000440223875524636,0.0100728194044634,1.57805266370342,1009.38646208532,-3.09284818751701,0.446050508231007,-6.93385195273724,4.09533245998896e-12,2.73849878252113e-10,3.09284818751701,1009.38646208532,1.90547766700309,0.444962163119069,4.28233639832697,1.84941101668767e-05,0.000280581571007132
"4","6430548M08Rik",416.779669454126,-0.809775608717323,0.21898558716913,-3.69784888213628,0.000217434262406342,0.00567104127762467,0.809775608717323,416.779669454126,-1.1372492783697,0.216866640561883,-5.24400283705775,1.57129781524489e-07,4.88855560288189e-06,1.1372492783697,416.779669454126,0.560179677780875,0.215292650769877,2.60194519310203,0.00926966648631179,0.0398384549233954
"5","AA467197",522.906152911966,2.77174588047796,0.62118534872608,4.46202713274263,8.11879429052726e-06,0.000330744215026003,2.77174588047796,522.906152911966,3.35802396588325,0.619726392235976,5.41855891237338,6.00813420887284e-08,2.01333803489167e-06,3.35802396588325,522.906152911966,1.64727786110415,0.626177425496893,2.63068867389618,0.0085212055878977,0.0375153159449599
"6","Abcd2",109.736912597042,-1.71596681947799,0.486225824702655,-3.52915606760987,0.000416887197958455,0.00965360294941692,1.71596681947799,109.736912597042,-3.16102520957922,0.474516130885286,-6.66157587452679,2.70906875799891e-11,1.58239597255762e-09,3.16102520957922,109.736912597042,1.40106446309571,0.462819326645511,3.02723845447542,0.00246799185951041,0.0145153074820912
"7","Acadm",981.377806807563,-0.580453745698025,0.149049012538526,-3.8943816923845,9.8449526271948e-05,0.00287670636634104,0.580453745698025,981.377806807563,-0.524920830531729,0.150934836637664,-3.47779771870598,0.00050555128077142,0.00560888650693698,0.524920830531729,981.377806807563,-0.398963139540382,0.149681482882352,-2.66541413044367,0.00768935662756043,0.0346451466289473
"8","Adi1",690.374436384716,-0.616853715398986,0.174467882801111,-3.53562905387109,0.000406805487669048,0.00946283641180615,0.616853715398986,690.374436384716,-0.911114949044205,0.173260952671811,-5.2586283002266,1.45133910382296e-07,4.54404433819825e-06,0.911114949044205,690.374436384716,0.532161995769471,0.172385425654438,3.08704749110424,0.00202155296827924,0.0124961777735252
"9","Adipor2",2256.12791793392,-0.281859169419889,0.0844874336376035,-3.33610759949087,0.000849602738197857,0.0171918783647481,0.281859169419889,2256.12791793392,-0.369508940477947,0.084660767949979,-4.36458290451922,1.27365540118576e-05,0.00024818836362761,0.369508940477947,2256.12791793392,0.214151093098345,0.0843413288583023,2.53910029634616,0.011113795739994,0.0455964459796271
"10","Adra1d",53.1773853518134,-1.00442318700925,0.303312019390034,-3.3115179181793,0.000927912973593087,0.0183191434363589,1.00442318700925,53.1773853518134,-1.05773482818657,0.382743069828971,-2.76356363201877,0.00571739432759521,0.0384402426629673,1.05773482818657,53.1773853518134,-2.50381746174834,0.334662819456749,-7.48161228609961,7.34162719020009e-14,1.54763433176573e-11
"11","Akap17b",180.622323991883,-0.54261937004107,0.142224940421054,-3.81521952784552,0.000136061918873798,0.00385859574353152,0.54261937004107,180.622323991883,-0.492875771079195,0.14956407955928,-3.29541540008503,0.000982762891968297,0.00963081566147712,0.492875771079195,180.622323991883,-0.567698861481706,0.143337193121682,-3.96058307769271,7.47669748287023e-05,0.000892579510976632
"12","Appl2",1075.07469364584,-0.460311704220437,0.129444696212846,-3.55604916761939,0.000376473651223221,0.00887797512279692,0.460311704220437,1075.07469364584,-0.526003795365633,0.128303482953182,-4.09968446108024,4.1371381331652e-05,0.000686950868897925,0.526003795365633,1075.07469364584,0.528773517389406,0.128027273586084,4.13016307055751,3.62506010885343e-05,0.00048600073643465
"13","Arhgap12",1213.60935426659,-0.340567999453525,0.0964762938846747,-3.53006926095888,0.000415450892881771,0.00963483177633493,0.340567999453525,1213.60935426659,-0.430158957919512,0.0958441357909465,-4.48810930757169,7.18580589440403e-06,0.000152689256434947,0.430158957919512,1213.60935426659,0.395684241758053,0.0955039833180325,4.1431176796093,3.42616022307848e-05,0.000465045493126461
"14","Arhgap19",668.206240576182,-1.56936550445579,0.477100646421442,-3.28938037755142,0.00100408227196657,0.0195225541742591,1.56936550445579,668.206240576182,-3.41313526511778,0.474176523609058,-7.19802667398985,6.10901958002659e-13,4.5826949925702e-11,3.41313526511778,668.206240576182,1.78604963715572,0.471961473521406,3.78431235886612,0.000154134144505359,0.00160558070814067
"15","Arhgap20",34.2164846892933,-1.2730049868244,0.357736916282761,-3.55849488515801,0.000372986053220989,0.00883632651315387,1.2730049868244,34.2164846892933,-1.43256268484384,0.412343308203016,-3.47419894137951,0.00051238098841455,0.00566763940628011,1.43256268484384,34.2164846892933,-1.55946965336323,0.366462339193081,-4.25547044424006,2.08609921360816e-05,0.000310319363985295
"16","Atl1",158.835431449007,-0.637516248429566,0.124916782395933,-5.10352761415924,3.33379839866425e-07,1.76416362683955e-05,0.637516248429566,158.835431449007,-0.476235839303421,0.129381845406501,-3.68085520659525,0.000232452985995582,0.00295812494279305,0.476235839303421,158.835431449007,-0.459144675763552,0.123027933418334,-3.73203599382846,0.000189938352835639,0.0018924143972511
"17","Atxn1",1108.13662951112,0.519624465038847,0.127923402519221,4.06199690444264,4.86547224806887e-05,0.00156743529598352,0.519624465038847,1108.13662951112,0.466288718864654,0.128332776979463,3.633434340311,0.000279673640971711,0.00345569988819394,0.466288718864654,1108.13662951112,0.458040758541108,0.129075537615943,3.54862561102774,0.000387247248125819,0.00335719056397389
"18","AU022793",39.9752178918977,-2.63632317803839,0.713241753151697,-3.69625469399249,0.000218803472379929,0.00569147748509887,2.63632317803839,39.9752178918977,-2.60793297942385,0.629540099978286,-4.14260025614541,3.43390176140561e-05,0.000585307961130936,2.60793297942385,39.9752178918977,1.73914460105519,0.618713864916082,2.81090290629106,0.0049402691645486,0.0245629667121833
"19","B4galt5",4062.19277268094,0.944043515425172,0.179022213065638,5.27333172380705,1.33969092226662e-07,7.58452224705283e-06,0.944043515425172,4062.19277268094,1.39449744564163,0.178267020609048,7.82252062595394,5.17759676282197e-15,4.75245496652069e-13,1.39449744564163,4062.19277268094,1.45937393436724,0.179018274648057,8.15209473578224,3.57673920363194e-16,1.19381122461224e-13
"20","Bbs9",276.095722673163,-0.519413102807265,0.152180679762343,-3.41313433228463,0.000642202781286068,0.0137733713496158,0.519413102807265,276.095722673163,-0.398821704199731,0.147889154205143,-2.69676100551979,0.0070017502329952,0.0452039602198353,0.398821704199731,276.095722673163,0.457091475084997,0.147448959915608,3.09999796096637,0.00193521974878667,0.0121109982794184
"21","Bcl10",1307.57942939705,0.700850730960285,0.110728071787736,6.32947652428918,2.45994314590809e-10,2.16460940021936e-08,0.700850730960285,1307.57942939705,1.05834816906679,0.111331931544611,9.50624097133089,1.97676802781494e-21,3.65158473938115e-19,1.05834816906679,1307.57942939705,0.349935761934645,0.112568051306187,3.10865967629494,0.00187938061219584,0.0118030406852174
"22","Bcl2a1b",1159.48769319662,2.43340929128236,0.757594537538823,3.21202063994246,0.00131804905570102,0.0241914629424791,2.43340929128236,1159.48769319662,2.74257815727657,0.756089395341225,3.62731996265976,0.000286378327459646,0.00352381259217207,2.74257815727657,1159.48769319662,2.18820093575817,0.758392966965098,2.88531280098076,0.00391024932893752,0.0207231572937175
"23","Bcl2a1d",152.394642596954,4.32030688084383,0.774165044257671,5.58060185342839,2.39687742741281e-08,1.59781452401428e-06,4.32030688084383,152.394642596954,4.74205300110913,0.728668119222089,6.50783652531916,7.62408181015394e-11,4.12705791173828e-09,4.74205300110913,152.394642596954,2.47987209086054,0.801630561528708,3.09353486490264,0.00197787311676349,0.0123106080822331
"24","Bcl3",542.191909864064,3.34490467837832,0.167651065754748,19.9515861311105,1.45208005522722e-88,1.1180290385222e-84,3.34490467837832,542.191909864064,3.60346386882993,0.167267967469061,21.5430600571891,6.15065130516502e-103,4.54471624938644e-99,3.60346386882993,542.191909864064,0.800672576989262,0.183582990908045,4.36136579445049,1.29253067431094e-05,0.000209803788582934
"25","Bin2",146.848088545441,-2.85887915616961,0.798285218472679,-3.58127532617899,0.000341921098340426,0.0082786839517991,2.85887915616961,146.848088545441,-3.22017995607115,0.754928586211951,-4.26554248293767,1.99417062303119e-05,0.000364725909246967,3.22017995607115,146.848088545441,2.42043494814029,0.751431855603533,3.22109706966875,0.00127700887976734,0.00878066921148179
"26","Bst2",1897.22984502397,1.30032832091581,0.405981692159804,3.20292354563607,0.00136040091804135,0.0247037897841024,1.30032832091581,1897.22984502397,1.39342579259976,0.405731673795409,3.43435300371052,0.000593970129016811,0.00635603951238989,1.39342579259976,1897.22984502397,1.25843048968999,0.406377511899495,3.09670307248996,0.00195685777360442,0.0121987620198119
"27","Casp4",837.368488634813,3.90007480166959,0.537264653065546,7.25913156470724,3.89583410131918e-13,4.7612658195408e-11,3.90007480166959,837.368488634813,4.3683166415518,0.538190372069412,8.11667556362083,4.79127403333558e-16,4.95142990661771e-14,4.3683166415518,837.368488634813,1.41914301474303,0.546212038938366,2.59815403831324,0.00937264383415564,0.0400851913686619
"28","Ccdc141",245.236268614242,-0.757685630514856,0.174650805998358,-4.3382887710348,1.43596402883282e-05,0.000548695039205869,0.757685630514856,245.236268614242,-0.606823336177381,0.179855678835483,-3.37394593324158,0.000740989200590866,0.00760494922475535,0.606823336177381,245.236268614242,-0.560906169720718,0.175152712858582,-3.2023835689807,0.00136295384304886,0.00920956706853049
"29","Ccl3",13771.7708446445,5.65602148218465,0.646199315356108,8.75275065722985,2.08214388026387e-18,4.6468019727802e-16,5.65602148218465,13771.7708446445,6.19644900401984,0.645525140312205,9.59908238588966,8.06592900989786e-22,1.54802985595157e-19,6.19644900401984,13771.7708446445,2.27699369760861,0.647865003603475,3.51461135413057,0.000440397991081213,0.00373708485969921
"30","Ccl4",8383.81267021937,5.35063684375718,0.657532987980643,8.13744244252989,4.03715210684223e-16,6.9851803700296e-14,5.35063684375718,8383.81267021937,6.12662387496243,0.656639218023829,9.33027407866477,1.05597486858087e-20,1.71485677009759e-18,6.12662387496243,8383.81267021937,2.20264984010937,0.660010411209116,3.33729559822274,0.000845979218318291,0.00635503084924876
"31","Ccl5",3017.61263200728,8.79234590094984,0.699781204521576,12.5644213421836,3.3128996156818e-36,2.5507670590942e-33,8.79234590094984,3017.61263200728,8.74179857754997,0.685469930838517,12.7530008017366,2.99971997415798e-37,1.92738529470029e-34,8.74179857754997,3017.61263200728,1.98389732052928,0.734517765455746,2.70095212645856,0.00691412899873049,0.0319963202451361
"32","Ccl8",88.1301713582011,4.05755884032699,0.50754569056391,7.99447008567609,1.30132348835539e-15,2.15473982765426e-13,4.05755884032699,88.1301713582011,4.01870529547551,0.484172451325838,8.30015273374364,1.03977634860526e-16,1.15532442704425e-14,4.01870529547551,88.1301713582011,1.42492286173294,0.549668100762287,2.59233319116907,0.00953273975194666,0.0405964974922747
"33","Cd28",579.651003649666,-2.67856100851132,0.804826780672179,-3.32812112225469,0.000874338436741567,0.0175540255376576,2.67856100851132,579.651003649666,-2.31015758677869,0.79262206713316,-2.91457641992522,0.00356171595568219,0.0267726543199753,2.31015758677869,579.651003649666,2.39532242952227,0.792503057855944,3.02247720785158,0.00250714962302724,0.0147078154926838
"34","Cd300lb",559.1792255155,-3.60114327192652,0.713654276543866,-5.04606136372697,4.5101060922544e-07,2.27782661665209e-05,3.60114327192652,559.1792255155,-4.75074174068587,0.698421828461248,-6.80210948038756,1.03098198306135e-11,6.48334116837471e-10,4.75074174068587,559.1792255155,2.11046526460604,0.693737736351877,3.04216587049774,0.00234882424102281,0.0139475586232122
"35","Cd69",1323.87552571522,8.26615948219625,0.873514544696936,9.46310457264817,2.98933194999339e-21,8.85244667268234e-19,8.26615948219625,1323.87552571522,8.96382383045955,0.77832127854073,11.5168685189563,1.08482229347238e-30,3.9101228909597e-28,8.96382383045955,1323.87552571522,2.6942826782236,0.927435336893408,2.9050895205789,0.00367148074544076,0.0197650514189202
"36","Cd74",24.5946803997864,3.90809354910162,0.59484070947039,6.56998333651567,5.03208930454525e-11,4.81299026091257e-09,3.90809354910162,24.5946803997864,2.50889655579601,0.511177245455806,4.9080755806313,9.1974411978582e-07,2.43148096640337e-05,2.50889655579601,24.5946803997864,1.872958774821,0.640265874152004,2.92528284019764,0.0034414327588777,0.0187343507407338
"37","Cd86",186.289762724377,2.41907904629057,0.76673328114373,3.1550463580791,0.00160472605106668,0.0281769400916486,2.41907904629057,186.289762724377,2.55972026040163,0.75393967150699,3.39512610509699,0.000685969970696386,0.00716433468059158,2.55972026040163,186.289762724377,2.47453481074841,0.769221282961713,3.21693492569625,0.00129567983288114,0.00884828925941551
"38","Cdc37",5279.41713673017,0.469177696691349,0.0986819318786139,4.75444377465646,1.98993509619549e-06,9.06597945157231e-05,0.469177696691349,5279.41713673017,0.365315961760406,0.0996869906530526,3.66463025282647,0.00024769615918761,0.00312859302604658,0.365315961760406,5279.41713673017,-0.27697520248728,0.0996321874228275,-2.77997713040094,0.00543627268044269,0.026400280270801
"39","Cebpa",502.656443664183,-2.2194100402534,0.608873373283098,-3.64510937354043,0.000267278106419332,0.0067632366684785,2.2194100402534,502.656443664183,-2.76155326325216,0.597448825812488,-4.62224234769672,3.79614155781215e-06,8.63067383713046e-05,2.76155326325216,502.656443664183,2.31604501349068,0.596692802066707,3.88146966993539,0.000103827102630562,0.00115756020267518
"40","Cebpb",871.189292078005,1.16272577003793,0.288802303862571,4.02602664344126,5.67272641245577e-05,0.00177798388599304,1.16272577003793,871.189292078005,1.03006072446835,0.28936723646949,3.55970059719238,0.000371277842330795,0.00436842671493988,1.03006072446835,871.189292078005,0.728573415615187,0.290437045577762,2.50854161584603,0.0121230687071332,0.0485709054605517
"41","Celf5",179.90912106717,-0.529071861154961,0.147676848983898,-3.58263238141442,0.000340149140228809,0.00824875056753295,0.529071861154961,179.90912106717,-0.710067848838098,0.156901428144349,-4.52556651163708,6.02339334174331e-06,0.000130327535584601,0.710067848838098,179.90912106717,-0.585673692961715,0.149240812150694,-3.92435342934436,8.69629861328154e-05,0.00100594512695584
"42","Chek2",431.630636648151,-0.516085473973043,0.166587557661552,-3.0979833141053,0.001948423986548,0.0329349955750303,0.516085473973043,431.630636648151,-0.991571331681692,0.165985552964806,-5.97384118057512,2.31731407331653e-09,1.00538710502541e-07,0.991571331681692,431.630636648151,0.438402881743157,0.16417781006279,2.67029315091661,0.00757850496359271,0.0342690454478461
"43","Cish",308.446213379694,1.69935395542433,0.246040491751392,6.90680604370363,4.95686902415597e-12,5.53121928282448e-10,1.69935395542433,308.446213379694,1.74073662932404,0.245993228095777,7.07635995835743,1.47990158058954e-12,1.05652104144696e-10,1.74073662932404,308.446213379694,0.880305968894325,0.252414198338873,3.48754537061536,0.000487476206664892,0.00405253505978159
"44","Cnr2",52.6107976417377,-4.12206714781213,0.830180729703026,-4.96526479154326,6.8607397229219e-07,3.37535242790014e-05,4.12206714781213,52.6107976417377,-5.42592203699643,0.740507032986687,-7.32730655522886,2.3482426460119e-13,1.84586860759382e-11,5.42592203699643,52.6107976417377,1.79219841084141,0.669124295297723,2.67842375988453,0.00739695695612222,0.0336762283018
"45","Coq10a",527.48208048145,-0.530108663113647,0.14893538624362,-3.55931975928491,0.000371816608410482,0.0088335198120258,0.530108663113647,527.48208048145,-0.516788779699258,0.14689058851905,-3.51818850281369,0.000434503596766213,0.00494310558353433,0.516788779699258,527.48208048145,0.472539912486973,0.146360331188575,3.22860647177777,0.00124394943193359,0.00860134391411652
"46","Creg2",56.642424423897,-2.61712060414143,0.764422938499124,-3.42365524676681,0.000617849493305025,0.0133374912342674,2.61712060414143,56.642424423897,-2.80723692146296,0.684408905748699,-4.10169548917839,4.10133792441948e-05,0.000684853919175945,2.80723692146296,56.642424423897,2.24065860995856,0.678216334994258,3.30375205424318,0.000954001666924765,0.00700461077259471
"47","Cst7",41.5324859952247,3.37831491271921,0.822023288626493,4.1097557203811,3.96077884328863e-05,0.0013060392592677,3.37831491271921,41.5324859952247,2.35048552418762,0.758104832174794,3.10047558652901,0.0019321014057389,0.0165810653739892,2.35048552418762,41.5324859952247,2.82225406239096,0.836338020857073,3.37453755779122,0.000739398256914667,0.00568694165819965
"48","Ctps",2879.32608283911,0.602825370793421,0.20455229614213,2.94704768493314,0.00320823725871271,0.0484777018045414,0.602825370793421,2879.32608283911,0.729058508788552,0.205920341264816,3.54048805625751,0.000399387712023784,0.00461466114799647,0.729058508788552,2879.32608283911,-0.579473206624579,0.205886656045021,-2.81452532065928,0.00488493291953208,0.0243925334900892
"49","Cx3cr1",92.8026746271383,-2.83275600449292,0.635753708271518,-4.45574436709868,8.36026048149101e-06,0.000339682456871979,2.83275600449292,92.8026746271383,-2.80617599490228,0.568974917013532,-4.93198541972903,8.1397993937341e-07,2.1647760474549e-05,2.80617599490228,92.8026746271383,2.18718578524014,0.564151991928908,3.87694418619683,0.000105776610943841,0.00117276614804933
"50","Cxcl16",3214.06219536201,3.39291753418958,0.343050271889125,9.89043825998242,4.58018335752279e-23,1.53326616353247e-20,3.39291753418958,3214.06219536201,2.93435828320924,0.342906934364044,8.55730225651838,1.15539323381258e-17,1.45935053070789e-15,2.93435828320924,3214.06219536201,1.69796301765292,0.344633729927418,4.92686255059979,8.3560491506643e-07,2.07851777454627e-05
"51","Cxcr4",393.077015523068,-4.33475568133799,0.808491398109856,-5.36153593157833,8.25173043785808e-08,4.88724603894525e-06,4.33475568133799,393.077015523068,-3.78888616114943,0.774265493736677,-4.89352320592762,9.90466292712194e-07,2.59063909269041e-05,3.78888616114943,393.077015523068,1.93390401741099,0.771377985862722,2.50707701393381,0.0121734184792118,0.0486967134720232
"52","Cyth4",404.370243144564,-2.73916610789198,0.635655852840837,-4.30919670707075,1.63848588010402e-05,0.000607976965487272,2.73916610789198,404.370243144564,-2.2001030995562,0.621477986466737,-3.54011428798042,0.000399953791125573,0.00461759150410447,2.2001030995562,404.370243144564,1.68322986154706,0.620731546216352,2.71168731766112,0.00669417062526062,0.031149377748272
"53","D030025P21Rik",87.7091443583392,1.04018485774992,0.23971391048611,4.33927616315866,1.42952788125965e-05,0.00054759452347058,1.04018485774992,87.7091443583392,0.997097192961329,0.266105496206117,3.74699961923751,0.00017896235769821,0.00238691852171854,0.997097192961329,87.7091443583392,-0.949877026110915,0.265344140467346,-3.57979273421269,0.000343866843312473,0.00304706343844532
"54","D630003M21Rik",60.8695248437066,2.98467746381796,0.392869623039293,7.59711947370247,3.02794966714944e-14,4.16316043968162e-12,2.98467746381796,60.8695248437066,2.53847697049307,0.478767743310509,5.30210526076882,1.14474800308386e-07,3.62250235322768e-06,2.53847697049307,60.8695248437066,-1.62936027295892,0.485988632032894,-3.35267157617101,0.000800356166485636,0.00607126237844052
"55","Dlg4",897.361962847773,0.281018910705752,0.0892674294828454,3.14805648973858,0.00164359927341562,0.0287284735656381,0.281018910705752,897.361962847773,0.361477350747087,0.0931072672005615,3.88237526044484,0.000103441082074628,0.00150606139004813,0.361477350747087,897.361962847773,-0.459356275320916,0.092594759122947,-4.96093169496758,7.01558604136447e-07,1.80912407354144e-05
"56","Dnaja2",6473.86640807785,0.575077706165478,0.174606723856661,3.29355991260436,0.000989272559179628,0.0192847140643294,0.575077706165478,6473.86640807785,1.15763347862225,0.174649345500275,6.62832989901145,3.39506046284247e-11,1.92230664827149e-09,1.15763347862225,6473.86640807785,0.556666015525898,0.174854460435533,3.18359631283832,0.00145457713743743,0.00969375221251461
"57","Dock10",2001.1713975206,2.23638937762089,0.663322584412374,3.37149590587522,0.000747611499090761,0.0155573911817549,2.23638937762089,2001.1713975206,2.35019260482529,0.662999900830463,3.54478575619917,0.000392932326980331,0.00455789162332444,2.35019260482529,2001.1713975206,1.69679601354477,0.663904096877842,2.55578482121791,0.0105948613616512,0.0440083676108412
"58","Dusp16",1067.25981556279,0.511094492725036,0.143006173235149,3.57393307689332,0.000351658845138212,0.0084612414941927,0.511094492725036,1067.25981556279,0.85824549982876,0.143477862384257,5.9817276725955,2.2078318057419e-09,9.65305870569641e-08,0.85824549982876,1067.25981556279,0.365051209074599,0.144444849435495,2.52727051536455,0.0114952921827476,0.0467545255292711
"59","Dusp27",74.3381791644691,-1.23968795100661,0.339187486109388,-3.65487525859609,0.000257307054017483,0.00660378554135871,1.23968795100661,74.3381791644691,-1.00358000256809,0.359683001854098,-2.79017912271314,0.00526788883492174,0.0359247167524105,1.00358000256809,74.3381791644691,-1.2807506133078,0.343240566261698,-3.73134978553587,0.000190456562275001,0.00189436631539162
"60","Eef2k",1118.97886152794,-0.538728472326777,0.166366566651798,-3.23820153994237,0.00120285803840061,0.0225064531389198,0.538728472326777,1118.97886152794,-0.497097764965504,0.168428714554381,-2.9513837131673,0.00316353642679356,0.0244512245372151,0.497097764965504,1118.97886152794,-0.538774306317297,0.167323397708176,-3.2199579598363,0.0012820939701568,0.00879484116903044
"61","Eepd1",56.9823312319996,-2.36472888190059,0.490311640049423,-4.82290993879368,1.41478861713351e-06,6.64217375464599e-05,2.36472888190059,56.9823312319996,-3.74855678084514,0.464209239036907,-8.07514470979134,6.73966693785787e-16,6.77542843589548e-14,3.74855678084514,56.9823312319996,1.36893250160883,0.430664686816035,3.1786504524658,0.0014796240650977,0.00981982483302828
"62","Ehf",9.17147969199002,2.79381193195849,0.757197845899617,3.6896723189158,0.000224543090312706,0.00582110950795516,2.79381193195849,9.17147969199002,1.7354487746281,0.611741790625728,2.83689752967992,0.0045554229623913,0.0322149459283938,1.7354487746281,9.17147969199002,1.9887221666946,0.785979806042507,2.53024588088087,0.0113982618345077,0.0464572627467444
"63","Ell2",1440.77411674033,1.20365609893303,0.216375229852015,5.56281834919939,2.6545216939037e-08,1.75437680534005e-06,1.20365609893303,1440.77411674033,1.08588512160074,0.217004072355132,5.00398499353351,5.61571306032205e-07,1.54830238069849e-05,1.08588512160074,1440.77411674033,0.65316949896836,0.21785066305303,2.99824425509948,0.00271539950316762,0.0156849664616424
"64","Enpp4",1246.10377606252,1.05962088772426,0.336380763568832,3.15006386358784,0.00163234775881861,0.0285967271195083,1.05962088772426,1246.10377606252,1.74032441668299,0.335648375222287,5.18496303022604,2.16057719493776e-07,6.52944985414932e-06,1.74032441668299,1246.10377606252,1.17643647919263,0.336959453425247,3.49132949746316,0.000480623121332681,0.00401044949316192
"65","Ephb3",683.424170718539,-1.62463686942354,0.337568562103736,-4.81276117449672,1.48859142321222e-06,6.94630888668029e-05,1.62463686942354,683.424170718539,-1.3990928290367,0.339658633260795,-4.11911458161716,3.80331000960648e-05,0.000640881588619891,1.3990928290367,683.424170718539,-1.00616267624316,0.337310118223227,-2.98290096230465,0.00285530371755415,0.0163025020880025
"66","Epsti1",175.155699082417,2.8717419469438,0.762726015742762,3.76510291726083,0.00016648049659441,0.00452139888369897,2.8717419469438,175.155699082417,2.96414713756406,0.753619950552821,3.93321213881041,8.38182023427415e-05,0.00125752831900613,2.96414713756406,175.155699082417,2.10752386874535,0.770394273247409,2.73564321793514,0.00622584876376487,0.0294839855289025
"67","Erap1",1366.62043383129,1.01602828416354,0.318993764342128,3.18510390401808,0.00144702043343001,0.025760309427039,1.01602828416354,1366.62043383129,0.984704727428864,0.319040274601402,3.08645900163896,0.00202555877502145,0.017193398953054,0.984704727428864,1366.62043383129,0.872945245802576,0.319695253051039,2.73055429341395,0.00632279174847339,0.0298636340219022
"68","Ets1",958.371284466862,0.95752188167082,0.188605253279805,5.07685690095966,3.83729649553792e-07,1.96968429115961e-05,0.95752188167082,958.371284466862,1.07250406269635,0.195946743341846,5.47344673560239,4.41365586710553e-08,1.51334121587205e-06,1.07250406269635,958.371284466862,-1.30787333118885,0.195486620976161,-6.69034701535067,2.22642004400223e-11,2.31619970941297e-09
"69","F630028O10Rik",14.8554966227714,-2.7944689050721,0.857859995178261,-3.25748830902345,0.0011240288841039,0.0212901854690233,2.7944689050721,14.8554966227714,-1.87336820194452,0.639155968966081,-2.93100321815807,0.00337869281340769,0.0257904557833362,1.87336820194452,14.8554966227714,1.85297897589877,0.635499368297401,2.91578413502311,0.00354795883466061,0.0192163111866456
"70","Fam105a",283.911638129123,-1.60850056682511,0.541388165029371,-2.97106710254342,0.00296766930532817,0.0458366495814929,1.60850056682511,283.911638129123,-2.72153760163828,0.535702592445399,-5.08031441329205,3.76810694411678e-07,1.09616307913696e-05,2.72153760163828,283.911638129123,1.37994791995384,0.532770090660578,2.59013774261023,0.0095937535985579,0.0408021041684354
"71","Fam110b",178.748243796954,-0.543311862878557,0.166746005039866,-3.25832011836602,0.00112073903318379,0.0212540152364497,0.543311862878557,178.748243796954,-0.645500241535458,0.177188124279651,-3.64302203750792,0.000269455758675535,0.00336283290483316,0.645500241535458,178.748243796954,-0.726571408953527,0.16974511953078,-4.28036700531928,1.86585362597691e-05,0.000282541029695426
"72","Fam69b",133.874150838845,-0.682243143907655,0.164985060979094,-4.13518133010907,3.54674469838655e-05,0.00118473582669099,0.682243143907655,133.874150838845,-0.548445208515706,0.174880026848391,-3.13612262303213,0.00171197606660618,0.0150369340001721,0.548445208515706,133.874150838845,-0.720049342426452,0.166377461769789,-4.32780579032249,1.50602172899875e-05,0.000237480060239065
"73","Fgf7",478.549927117753,1.98543567614899,0.406598153559279,4.88304154548879,1.04461850479262e-06,4.94515290281908e-05,1.98543567614899,478.549927117753,1.29501444527829,0.426129941996622,3.03901302783495,0.0023735458994962,0.0194220715962098,1.29501444527829,478.549927117753,-2.14300533588735,0.424481515456389,-5.04852451250618,4.45235351322362e-07,1.2427030598494e-05
"74","Fry",276.917505919603,-1.15145405833389,0.228191486531017,-5.04599919934949,4.51157294680749e-07,2.27782661665209e-05,1.15145405833389,276.917505919603,-1.21955819087276,0.22313427575385,-5.46557980280048,4.61396152851236e-08,1.57471416786041e-06,1.21955819087276,276.917505919603,0.551319841906179,0.220690148564169,2.49816244854208,0.0124838971152118,0.049580253929075
"75","Gbp6",1011.75811711781,7.97574831382287,0.633374935085162,12.5924596506972,2.3231961215302e-36,1.98749428196909e-33,7.97574831382287,1011.75811711781,7.50313092872767,0.614420224441214,12.2117251845859,2.69121397647411e-34,1.32569200481115e-31,7.50313092872767,1011.75811711781,1.77701450525283,0.679205201338604,2.61631463032177,0.0088884612235371,0.0387129327217317
"76","Gbp9",1122.94309403986,5.85871679949787,0.636205416469659,9.208844577288,3.29654115174362e-20,8.75231675787932e-18,5.85871679949787,1122.94309403986,4.52037946857418,0.636376702320404,7.1033076039579,1.21805878070401e-12,8.78071837133849e-11,4.52037946857418,1122.94309403986,1.71888939569202,0.645875994469887,2.66133036435706,0.00778325489356269,0.0349287189495148
"77","Gch1",1213.75768798113,2.47206506620185,0.412413764049579,5.99413812460601,2.04567448523045e-09,1.61545340502891e-07,2.47206506620185,1213.75768798113,1.70721722936877,0.409722060791492,4.16676911677835,3.0894712071842e-05,0.000532744521584226,1.70721722936877,1213.75768798113,2.62029779584361,0.412853174849448,6.34680306576092,2.19835246446767e-10,1.71803926015788e-08
"78","Gcnt1",837.231985370369,-1.8930287038503,0.332656232035322,-5.69064554199992,1.26559984724702e-08,8.66176535455858e-07,1.8930287038503,837.231985370369,-1.21559282564735,0.327907139646574,-3.70712521525925,0.000209625311334378,0.0027245759462616,1.21559282564735,837.231985370369,0.902459371372686,0.327542004230355,2.75524775362246,0.005864770725328,0.028055984410415
"79","Gdpd1",980.426009242668,0.441485023895007,0.120889358520787,3.65197590008796,0.00026023031137441,0.00666175670986363,0.441485023895007,980.426009242668,0.437887949240065,0.121064363492691,3.61698468985469,0.000298054926070138,0.00364234319321443,0.437887949240065,980.426009242668,0.457345134377475,0.121909864563669,3.75150227600015,0.000175778157201063,0.00178011495355135
"80","Ggct",311.570916302016,1.11603357298264,0.2639366435484,4.22841466034625,2.35343750506714e-05,0.000827887092576772,1.11603357298264,311.570916302016,1.035516425745,0.261088244151483,3.96615492631754,7.30413953603852e-05,0.00111971549858483,1.035516425745,311.570916302016,1.17625315120143,0.265647410779802,4.42787357779457,9.51666509284685e-06,0.00016049104363421
"81","Golph3l",867.482569004738,-0.514898951789766,0.120396986537468,-4.27667640692592,1.8970424101929e-05,0.000682536356882253,0.514898951789766,867.482569004738,-0.343081648876105,0.119112793826628,-2.88030897315254,0.00397285622501821,0.0290360382261717,0.343081648876105,867.482569004738,0.362825112031655,0.118808440622092,3.05386646042882,0.00225912617518836,0.0135505280616596
"82","Gpatch4",355.667894725614,0.493917340358424,0.163194157937313,3.02656263313146,0.00247351570413978,0.0399826506996124,0.493917340358424,355.667894725614,0.526806119892774,0.169740346320153,3.10359988837979,0.00191181686164216,0.0164565876391681,0.526806119892774,355.667894725614,-0.439200613901135,0.169415055219169,-2.59245327006475,0.00952941263445688,0.0405931188026146
"83","Gpr68",264.007755687927,1.84918523426146,0.356195364591323,5.19149157480782,2.08616029314281e-07,1.15556771057936e-05,1.84918523426146,264.007755687927,2.42649315704532,0.352924694957396,6.87538500908314,6.18226590181334e-12,4.0070844516227e-10,2.42649315704532,264.007755687927,1.25204635547474,0.362467407862525,3.45423154831513,0.000551863334203644,0.00447665948216536
"84","Gsdmd",1662.83803148862,1.12451578487281,0.207485395514775,5.41973463762532,5.96875648259487e-08,3.64733655061422e-06,1.12451578487281,1662.83803148862,1.03904069096547,0.20697775362796,5.02005975402137,5.16554084601886e-07,1.42951989929713e-05,1.03904069096547,1662.83803148862,1.18024367524871,0.20807398973992,5.67223071333397,1.40949975047792e-08,6.36101281757936e-07
"85","H2-K1",5822.4671772156,1.82704691427215,0.358717483910269,5.09327533845318,3.51930021075429e-07,1.83086837653396e-05,1.82704691427215,5822.4671772156,1.56081121931885,0.358426544413522,4.35461949915773,1.33298250033794e-05,0.000257500854771164,1.56081121931885,5822.4671772156,1.89804941137365,0.358844020720807,5.28934384237768,1.22755934003663e-07,4.15605672526989e-06
"86","H2-M3",192.44968615389,1.60688651803375,0.501052582770172,3.20702172444606,0.00134116867296597,0.024469972031994,1.60688651803375,192.44968615389,1.35805846668765,0.494033776725524,2.74891825350265,0.00597922961699704,0.0398741224187646,1.35805846668765,192.44968615389,1.90242823377822,0.501973661903222,3.7898965188038,0.000150710056181791,0.00157709483065111
"87","H2-T10",44.2617033661812,3.04504701321953,0.580740810604121,5.24338389453273,1.57658032756134e-07,8.86049651975076e-06,3.04504701321953,44.2617033661812,2.10372471391393,0.539776094715769,3.89740252395152,9.72299374085677e-05,0.00142687588383696,2.10372471391393,44.2617033661812,2.15210326372843,0.598668183242575,3.59481817134822,0.000324618212377047,0.00291193078415043
"88","H2-T23",919.27367669639,1.16568665804984,0.327533660677969,3.55898277947053,0.000372293938437869,0.0088335198120258,1.16568665804984,919.27367669639,1.27945196462561,0.323628802293368,3.95345517938725,7.70306986995725e-05,0.00116994826863544,1.27945196462561,919.27367669639,2.19088429957008,0.326484714114892,6.71052641931375,1.93923530385039e-11,2.08513347671054e-09
"89","Hap1",182.001818035184,1.90438217011392,0.527143441646161,3.61264509744621,0.000303089407187675,0.00746763805005281,1.90438217011392,182.001818035184,2.12647165404764,0.519871208250779,4.0903816566465,4.30663916332266e-05,0.000709515201288543,2.12647165404764,182.001818035184,1.76054130107465,0.530933314815878,3.31593677011055,0.000913364915661073,0.00677141106608332
"90","Hck",532.534502460252,2.2628799909365,0.673503392298643,3.35986428102963,0.000779807703450136,0.0160538219591292,2.2628799909365,532.534502460252,2.25020712508835,0.669758135273776,3.35973093356834,0.000780184159823176,0.0079514217337013,2.25020712508835,532.534502460252,2.33192726597227,0.674436823169608,3.45759185421261,0.000545026408019903,0.00443017152860825
"91","Hip1",2648.77512242431,-0.518693271854155,0.133857770873632,-3.87495823715625,0.000106642987397483,0.00308831352861169,0.518693271854155,2648.77512242431,-0.721170969739956,0.133116811771516,-5.41757994458121,6.04111402764439e-08,2.01980957241015e-06,0.721170969739956,2648.77512242431,0.729884974767907,0.132994349326091,5.48809012162081,4.06302770088358e-08,1.6152299453066e-06
"92","Hivep2",1966.66149794744,1.06159269911769,0.234211870935731,4.53261696290789,5.82573988830334e-06,0.00024377871885865,1.06159269911769,1966.66149794744,1.91761852969907,0.236858983299765,8.09603462357245,5.6779669037323e-16,5.78682723471421e-14,1.91761852969907,1966.66149794744,-0.748588885432692,0.237157078814613,-3.15651082048396,0.00159668963122568,0.0103986034885637
"93","Hivep3",907.223905069473,2.53249618827766,0.491487462348439,5.15271778485827,2.56738186805438e-07,1.39208145725949e-05,2.53249618827766,907.223905069473,3.64216587327733,0.491199995399885,7.41483287334369,1.21778274268392e-13,9.94275876871986e-12,3.64216587327733,907.223905069473,1.37703027394907,0.495751616556884,2.77766169178203,0.00547515913219553,0.0265328265144902
"94","Hoga1",40.1749426852532,-0.980829500577374,0.25380975969709,-3.86442783661254,0.000111349902645684,0.00321703030176528,0.980829500577374,40.1749426852532,-0.918970109689727,0.268521946483985,-3.42232775280636,0.000620874224523062,0.00661997062770693,0.918970109689727,40.1749426852532,-0.642623318951508,0.246869407428782,-2.6030901343533,0.00923876610656345,0.0397909560241072
"95","Htr2a",446.765377829922,1.33589948077041,0.41817475032793,3.19459622974082,0.00140026594307584,0.0251900645530665,1.33589948077041,446.765377829922,2.30830669666998,0.4332662503623,5.32768637007789,9.94716916301228e-08,3.16808762696111e-06,2.30830669666998,446.765377829922,-2.03494138204454,0.433266593689186,-4.69674194060839,2.64344079167834e-06,5.39497642337308e-05
"96","Ier3",4481.61577404948,2.10595377627206,0.271651190330034,7.75241873121738,9.01585171960854e-15,1.36112843755149e-12,2.10595377627206,4481.61577404948,1.90720651856397,0.27201081637036,7.01150985101704,2.35759888889565e-12,1.64342435755189e-10,1.90720651856397,4481.61577404948,0.839731246369646,0.272482343446225,3.08178223861822,0.00205765305729909,0.0126644869884705
"97","Ifi204",1640.49212725296,4.76424499796737,0.689026737858325,6.9144559074382,4.69662457852925e-12,5.27907459012934e-10,4.76424499796737,1640.49212725296,5.05587009027985,0.685703000252813,7.37326523059661,1.66498768832266e-13,1.34454579552089e-11,5.05587009027985,1640.49212725296,2.3196592575371,0.694530005113885,3.33989783084567,0.000838092165307893,0.00630971549830722
"98","Ifit1",9558.16180746646,6.76687890128732,0.614752118542248,11.0074917957721,3.51657618066559e-28,1.69934931643964e-25,6.76687890128732,9558.16180746646,6.90614137619947,0.614457484036353,11.239412905891,2.61113042335452e-29,8.21006072262405e-27,6.90614137619947,9558.16180746646,1.905682413793,0.619283066414907,3.07723966170299,0.00208927248801483,0.0128098869232628
"99","Igsf6",831.836090466017,2.05452914111106,0.667673645464953,3.07714578082579,0.00208993063818159,0.0349813498884329,2.05452914111106,831.836090466017,2.27801942375443,0.666018309806132,3.42035555211317,0.000625393385410834,0.00665854715389143,2.27801942375443,831.836090466017,1.99522864153289,0.668460932208089,2.98480965064355,0.00283754839818775,0.0162413761903319
"100","Il18rap",114.370613295082,2.21724065561244,0.416605558863506,5.32215811440692,1.02543381729966e-07,5.95873786890473e-06,2.21724065561244,114.370613295082,1.6031932838238,0.415439087666953,3.85903332502269,0.00011383641563032,0.00163645384259229,1.6031932838238,114.370613295082,1.17277834852757,0.428229565618792,2.7386673940481,0.0061688747360019,0.0292834198949589
"101","Il1a",1551.52102856917,5.32688148596497,0.631568831064016,8.43436411671974,3.33008421079186e-17,6.33086009407208e-15,5.32688148596497,1551.52102856917,6.60023035250987,0.625604511228508,10.5501642556076,5.0708368384366e-26,1.24894711330693e-23,6.60023035250987,1551.52102856917,2.0208802638206,0.647727854491476,3.11995269279746,0.00180880086963973,0.0114540706452561
"102","Il1b",2057.1731566509,9.08847874504926,1.17876779617913,7.71015188445832,1.25668088169887e-14,1.84301227593151e-12,9.08847874504926,2057.1731566509,8.5727995936145,1.08238136648452,7.92031335633406,2.36912754410456e-15,2.28829848671746e-13,8.5727995936145,2057.1731566509,3.83550124674713,1.2059106336029,3.18058497857988,0.00146978025016195,0.00977068439329653
"103","Inpp5d",434.217936060823,-2.42372066646256,0.760188904223958,-3.18831365861204,0.00143105212696797,0.0255350772922129,2.42372066646256,434.217936060823,-3.207650322351,0.748918100373107,-4.2830455302829,1.84352429134776e-05,0.000342686817327512,3.207650322351,434.217936060823,2.28222195528639,0.747586038145592,3.05278835991574,0.00226725780116768,0.013594213036118
"104","Irg1",10966.2560982561,10.084249287938,0.972595383681322,10.3683910669704,3.45289302377313e-25,1.36336153007904e-22,10.084249287938,10966.2560982561,9.57343653402527,0.955326877538513,10.0211108460511,1.23111362417974e-23,2.52686071362892e-21,9.57343653402527,10966.2560982561,2.90433155848801,0.98722071583579,2.94192728323086,0.00326176510055542,0.0179761742951491
"105","Isg15",3313.8275435589,5.38830295759752,0.485022017239622,11.1093986789789,1.12917320916364e-28,5.79604608263697e-26,5.38830295759752,3313.8275435589,6.31494324159032,0.48660607556458,12.977526501829,1.64094777781117e-38,1.15475839335683e-35,6.31494324159032,3313.8275435589,1.42105511718159,0.494587457029619,2.87321301214577,0.00406320053490222,0.0213431264818585
"106","Itpripl2",10717.2459482877,0.991512038263039,0.183340966021393,5.40802233008494,6.37244811279713e-08,3.84820896035149e-06,0.991512038263039,10717.2459482877,0.916737822002698,0.183873181379847,4.98570707877671,6.17356169423563e-07,1.68949805032248e-05,0.916737822002698,10717.2459482877,-0.594247311236348,0.183876903752163,-3.23176700885337,0.00123027323819469,0.0085362527280715
"107","Kcne4",140.362956374362,-1.86027847600526,0.362217050086832,-5.13581145768623,2.80929198077458e-07,1.51259745496321e-05,1.86027847600526,140.362956374362,-1.1813878217689,0.40162680861293,-2.94150638461853,0.00326620109455677,0.0250872763905197,1.1813878217689,140.362956374362,-2.96715730163998,0.377846427676097,-7.85281290043989,4.06808328061184e-15,1.03452003553464e-12
"108","Klhl2",1088.32705161577,0.646895028478574,0.14464892343258,4.47217312875533,7.74286996444675e-06,0.000317107591974775,0.646895028478574,1088.32705161577,0.520713114574659,0.145337319632772,3.58279013188325,0.000339943717810177,0.0040579065119538,0.520713114574659,1088.32705161577,0.456651975341394,0.146072579351664,3.1261991632394,0.00177081580272978,0.0112804135091586
"109","Klhl24",4378.02221843518,-0.385443014446718,0.115611633730232,-3.33394661082387,0.00085623090876157,0.0172579839843186,0.385443014446718,4378.02221843518,-0.353572675030745,0.115544725158482,-3.06005033588321,0.00221299794782633,0.0184558034271882,0.353572675030745,4378.02221843518,0.313211824085571,0.115448989090919,2.71298888411148,0.00666793432680467,0.0310543534446912
"110","Klhl30",152.888372458565,-0.996911131028509,0.279818910619669,-3.56270106555992,0.000367058576974095,0.00874974462356669,0.996911131028509,152.888372458565,-0.98341032012785,0.265049588646093,-3.71028804515878,0.000207023562174176,0.00269787848484125,0.98341032012785,152.888372458565,1.13384115292525,0.264758432595213,4.28254972584298,1.84763823800146e-05,0.000280578314796411
"111","Lad1",69.1491972524178,3.93274182155648,0.795631485739142,4.94291879098144,7.6961547960635e-07,3.75041416786651e-05,3.93274182155648,69.1491972524178,3.73855246710288,0.740633861821419,5.0477741564621,4.46987085872245e-07,1.2630162820306e-05,3.73855246710288,69.1491972524178,2.4317777613676,0.823938691987348,2.95140619686415,0.00316330612552889,0.0175968943299923
"112","Lcp2",1278.30938690868,3.30516467636028,0.746075820376986,4.43006539829987,9.42045155747843e-06,0.000373880241066006,3.30516467636028,1278.30938690868,3.59677445897371,0.743784723127012,4.83577350695264,1.3262887094233e-06,3.40275947011415e-05,3.59677445897371,1278.30938690868,2.38822577007914,0.747931543255052,3.1931074329148,0.00140750570491178,0.00943894889007602
"113","Lfng",139.202550556877,-2.11486674745582,0.3659911308364,-5.77846447432405,7.53854569697246e-09,5.37435486979995e-07,2.11486674745582,139.202550556877,-2.75620316483851,0.344692113559878,-7.99613062327787,1.28390173184983e-15,1.26489998621845e-13,2.75620316483851,139.202550556877,1.33464910250215,0.3359540941571,3.97271271794066,7.10587304841737e-05,0.000856607916543978
"114","Lif",2365.21478317592,3.05241605897552,0.227637409688093,13.4091143593574,5.34735765979671e-41,6.3341508156315e-38,3.05241605897552,2365.21478317592,2.95814043626935,0.22910118128245,12.9119388198282,3.85471474767779e-38,2.5893170245992e-35,2.95814043626935,2365.21478317592,0.875284705794475,0.23126127813949,3.78483035653954,0.000153813464215421,0.0016032827001921
"115","Lincrna-cox2",76.8500472456425,1.31162648834581,0.427247910310624,3.06994243082946,0.00214100035511186,0.0355879654328311,1.31162648834581,76.8500472456425,1.41573935564758,0.476719143892171,2.96975561771819,0.00298036740833182,0.0232790008246975,1.41573935564758,76.8500472456425,-1.9251516889999,0.472747906180087,-4.0722585205201,4.65594606195837e-05,0.000600103876577917
"116","Lrig1",1358.34812741257,1.52615839902484,0.19783648352431,7.71424143736009,1.21703894045017e-14,1.80203679269156e-12,1.52615839902484,1358.34812741257,1.0751533154761,0.202100375331264,5.31989766824435,1.03825634260858e-07,3.29256485645271e-06,1.0751533154761,1358.34812741257,-0.599129436106601,0.202246241924225,-2.9623761134265,0.00305274630156512,0.0171306649728108
"117","Lyl1",96.9826898724057,-3.89903781884863,0.767529893408084,-5.07998170799007,3.77471212348378e-07,1.95056348958143e-05,3.89903781884863,96.9826898724057,-4.28485715410011,0.669742883729884,-6.39776436329893,1.57668350021585e-10,8.06236289487536e-09,4.28485715410011,96.9826898724057,2.2809729198419,0.652510839085892,3.49568586942913,0.000472845003288831,0.00396205533352006
"118","Map3k1",348.38453131981,-0.736236701536189,0.217384592161613,-3.38679339789105,0.000707146186998335,0.0149169097720375,0.736236701536189,348.38453131981,-1.32116970669309,0.212221294348529,-6.22543421360604,4.80224129473086e-10,2.31164566298152e-08,1.32116970669309,348.38453131981,1.0684023208603,0.211019443956468,5.0630515407893,4.12598247027251e-07,1.17202775099709e-05
"119","Map3k6",263.677511042054,0.628434303635686,0.191934722223111,3.27420852442309,0.00105958388942514,0.0203308773260662,0.628434303635686,263.677511042054,0.676487196505172,0.201681711800637,3.35423172713787,0.000795856836175825,0.00808883928817493,0.676487196505172,263.677511042054,-0.6264327203548,0.201192695446609,-3.11359574443913,0.00184822532344088,0.0116552981789621
"120","Map3k8",400.128402589711,2.80408216297067,0.37196785477014,7.53850669355146,4.7538358509942e-14,6.42143142714558e-12,2.80408216297067,400.128402589711,3.10629005873578,0.373357180173992,8.31988836343842,8.80462011707039e-17,1.00088212376974e-14,3.10629005873578,400.128402589711,1.08923612818634,0.382151676399247,2.85027175191135,0.00436818898104092,0.0224591642057948
"121","Mapk11",89.9806125010817,1.32111157456038,0.274285893206172,4.81654947368126,1.4606196282912e-06,6.83649898360371e-05,1.32111157456038,89.9806125010817,1.15271869381953,0.301435067023848,3.82410283315953,0.000131249130832497,0.00184723776708823,1.15271869381953,89.9806125010817,-0.892342741988408,0.301898109997069,-2.9557745227258,0.00311885003828984,0.017398014088942
"122","Marco",226.869855667094,4.61680894142961,0.977110547170426,4.72496070664597,2.30159855447698e-06,0.000104549605133897,4.61680894142961,226.869855667094,3.43058197188186,0.958071633255624,3.58071552564854,0.000342654563784284,0.00407673701449519,3.43058197188186,226.869855667094,3.06860728912604,0.985947221401538,3.11234437555792,0.0018560784461752,0.0116895199165421
"123","Mat2a",2454.66388710163,0.324396193900784,0.0803475439819191,4.03741269271136,5.40439478546099e-05,0.00171239249591181,0.324396193900784,2454.66388710163,0.353120318372251,0.0805375998673817,4.38453987893507,1.16231189637734e-05,0.000228412835168409,0.353120318372251,2454.66388710163,0.38814994543959,0.0809190164050331,4.79677043399463,1.6124421617952e-06,3.62822133063495e-05
"124","Mmp13",1481.56868119307,2.43748778506362,0.457439726383679,5.32854416544306,9.90031244616191e-08,5.77480724842603e-06,2.43748778506362,1481.56868119307,2.49191849319523,0.455326925602894,5.47281162847047,4.42950883566626e-08,1.51526114753417e-06,2.49191849319523,1481.56868119307,2.33380220438845,0.458187292699167,5.09355506269083,3.51410927411818e-07,1.02390756312187e-05
"125","Mn1",369.344447886565,-1.37044530602265,0.340065643076676,-4.02994343569618,5.57902763692408e-05,0.00176048046272529,1.37044530602265,369.344447886565,-1.46213285360274,0.348815769380706,-4.19170514050624,2.76865683424707e-05,0.000483060338801691,1.46213285360274,369.344447886565,-1.56853870886037,0.342616222953211,-4.5781215359279,4.69170088595567e-06,8.85344403932813e-05
"126","Mtss1",1061.81785202549,-1.53433167963707,0.270747236449363,-5.66702618929235,1.45297141819989e-08,9.90013578268149e-07,1.53433167963707,1061.81785202549,-1.86251411958641,0.266329252289239,-6.99327656867252,2.68539385992597e-12,1.84580234706912e-10,1.86251411958641,1061.81785202549,1.47452805819515,0.265825017257896,5.54698753866574,2.90633446990361e-08,1.19085382461191e-06
"127","Mvp",3379.15389552908,0.566986779903676,0.122364938800507,4.63357220999426,3.59409312455811e-06,0.00015678594907952,0.566986779903676,3379.15389552908,0.54612897880475,0.122536978318762,4.45685038343343,8.31726084377995e-06,0.000172387771036999,0.54612897880475,3379.15389552908,0.552695241044181,0.122861390008006,4.49852668123133,6.8426009987769e-06,0.000122213278262436
"128","Myc",855.312500693233,1.43624009453092,0.167372947121965,8.58107668669019,9.39891929954846e-18,1.98265696292804e-15,1.43624009453092,855.312500693233,1.64234468983309,0.173992120816195,9.43919001693219,3.7567211265453e-21,6.68877407326343e-19,1.64234468983309,855.312500693233,-0.657641992368979,0.174830866691184,-3.76158972849239,0.000168836830611487,0.00172398652850646
"129","Mycl",302.552411028982,2.19927473076437,0.483499549767513,4.5486593148264,5.39887633233457e-06,0.000229028365403912,2.19927473076437,302.552411028982,1.67497134957905,0.500803594087148,3.34456735006493,0.000824110177200531,0.00833586598129326,1.67497134957905,302.552411028982,-1.32848118947646,0.500930891245718,-2.65202488545433,0.00800106446114673,0.0356513972380607
"130","Nat8l",117.916502171777,-1.97714638206287,0.643764368875322,-3.07122679920452,0.00213181154338586,0.0354894767098367,1.97714638206287,117.916502171777,-2.97011089467937,0.620994122141084,-4.78283254024841,1.72842114114407e-06,4.32925552946222e-05,2.97011089467937,117.916502171777,1.87583189367755,0.615315415818115,3.04856963673415,0.00229933615379022,0.0137351470991324
"131","Ndrg1",4508.14689699884,0.712402674897239,0.194119393107131,3.66992016353605,0.000242626233898476,0.00624782838762983,0.712402674897239,4508.14689699884,0.67840798566553,0.194244319281486,3.4925499400702,0.000478432124298675,0.00535626510067107,0.67840798566553,4508.14689699884,0.607914488059839,0.194436713389343,3.12654167756138,0.00176875431862979,0.0112717633010214
"132","Neurl3",3768.26437240654,5.20780419381932,0.384228588954514,13.5539216589524,7.51077924370691e-42,9.63820746448689e-39,5.20780419381932,3768.26437240654,4.86380192220748,0.386226298478817,12.593140191033,2.30324865932346e-36,1.3091311033647e-33,4.86380192220748,3768.26437240654,1.1023682648514,0.389709563061236,2.82869184987945,0.00467386779804392,0.0235916937594397
"133","Nfam1",212.698967226619,-3.27016338712374,0.857646594357244,-3.81294977283101,0.000137318026654379,0.00386537682960195,3.27016338712374,212.698967226619,-3.55954938756702,0.825061327245611,-4.31428461136367,1.60120556859905e-05,0.000301434597359959,3.55954938756702,212.698967226619,2.20010559623641,0.821390409465529,2.67851386001451,0.00739496715902221,0.0336762283018
"134","Nfe2l2",4703.02061948187,0.776411614606934,0.141673744749149,5.48027876288348,4.24656221499962e-08,2.68003326019587e-06,0.776411614606934,4703.02061948187,0.546579743979474,0.14202765413188,3.84840365997982,0.000118890035066523,0.00170082956264577,0.546579743979474,4703.02061948187,0.433368645351176,0.142204709903148,3.04749853676671,0.00230754649557611,0.0137687904676443
"135","Nhs",297.708714825412,1.73371308683907,0.330925397565504,5.23898467628463,1.6146244324076e-07,9.04130968532533e-06,1.73371308683907,297.708714825412,2.21838641367211,0.348236913087728,6.37033677447415,1.88613578991826e-10,9.54565572034659e-09,2.21838641367211,297.708714825412,-1.24531658795539,0.349494791134309,-3.56319069567139,0.000366374327485479,0.00320222755081553
"136","Nim1k",75.6781960093492,-0.715938347108287,0.17706105381573,-4.04345468232317,5.26693401169223e-05,0.00167621356270053,0.715938347108287,75.6781960093492,-0.581874239495137,0.201718367720037,-2.88458728905994,0.00391927089491046,0.0287011820044533,0.581874239495137,75.6781960093492,-1.19310953918072,0.184148343786528,-6.47906744447194,9.22912461237886e-11,7.94945190402805e-09
"137","Nipal1",158.462338286707,1.11408813089352,0.313482458543494,3.55390900042641,0.000379550518486351,0.00893684775867175,1.11408813089352,158.462338286707,1.15012141904631,0.331301323610476,3.47152678568394,0.000517507700352584,0.00571579132721262,1.15012141904631,158.462338286707,-0.940085849810814,0.331202955747792,-2.83839812868905,0.00453405898178747,0.023045785689995
"138","Nlrc5",933.349007592905,3.39998880177303,0.636530087545103,5.34144240515908,9.220991347575e-08,5.40712011368737e-06,3.39998880177303,933.349007592905,3.13001037296326,0.633944149654483,4.93735982052867,7.91872869459804e-07,2.1234599424804e-05,3.13001037296326,933.349007592905,2.33683168101284,0.638988470587718,3.6570795696259,0.000255105208223969,0.00238450439962439
"139","Nlrp3",1983.49875913632,6.36990074272605,0.641404757737807,9.93117164455136,3.04654486903239e-23,1.04252765418288e-20,6.36990074272605,1983.49875913632,6.9340043158626,0.639176374458215,10.8483426374138,2.03074164459499e-27,5.55746296737495e-25,6.9340043158626,1983.49875913632,1.80776504109055,0.659142349577095,2.74260187082564,0.00609545396065396,0.0289520509646122
"140","Nod1",1974.10789822809,1.42873546958204,0.255747866847251,5.58650004473106,2.31691488730105e-08,1.55799879255672e-06,1.42873546958204,1974.10789822809,1.61172749123858,0.255557107626155,6.30672144558906,2.85008095611168e-10,1.4086453635257e-08,1.61172749123858,1974.10789822809,1.14637806348536,0.256601001583876,4.46755100880086,7.91201492597949e-06,0.00013733347080333
"141","Nrros",229.041592230282,-1.9257867162629,0.595432446035634,-3.23426566537433,0.00121955954926494,0.022729952797518,1.9257867162629,229.041592230282,-3.04250887684659,0.58215333457664,-5.22630155345446,1.72934236127836e-07,5.3353280615807e-06,3.04250887684659,229.041592230282,1.93781365732925,0.578845548232178,3.34772144874816,0.000814788619420701,0.00616032490407695
"142","Nupr1",4123.97907367178,0.352139326690649,0.109583543847344,3.21343254951856,0.00131158600331489,0.0241386331317921,0.352139326690649,4123.97907367178,1.15887649929758,0.110625177617806,10.4757029480335,1.11704597160256e-25,2.57932896380353e-23,1.15887649929758,4123.97907367178,-0.336527897766036,0.110795144777,-3.03738849245944,0.00238637677934922,0.0141078016169572
"143","Oas1a",294.565928496231,2.86652186803842,0.672327748310273,4.26357810642608,2.01179132607754e-05,0.000720455223959723,2.86652186803842,294.565928496231,3.15771220483204,0.661567859411485,4.77307378209253,1.81435283906596e-06,4.4836966982804e-05,3.15771220483204,294.565928496231,2.43116184834024,0.676928158295558,3.59146213456636,0.000328827957837094,0.00294474718418562
"144","Oas1g",71.8143404298176,3.70430870000811,0.808366075131234,4.58246432398432,4.5952812576142e-06,0.000197661273983243,3.70430870000811,71.8143404298176,3.74949489140339,0.741192971252203,5.05872969230784,4.22058646824243e-07,1.20408932099781e-05,3.74949489140339,71.8143404298176,2.6478107950863,0.830880275645619,3.18675370290728,0.00143879239873209,0.00960053853398037
"145","Oas2",280.166338815968,4.9127377670036,0.769126825116833,6.38742221252957,1.68705374947362e-10,1.49304256828415e-08,4.9127377670036,280.166338815968,5.08265875414323,0.744912763068528,6.8231597122946,8.90595465469067e-12,5.67293956409563e-10,5.08265875414323,280.166338815968,2.37988849728914,0.793261418998628,3.00013140723947,0.00269863153888786,0.0156138591132259
"146","Oas3",304.212862201797,4.83862389518253,0.65635320279692,7.37198184539008,1.68109914930463e-13,2.15727048334516e-11,4.83862389518253,304.212862201797,4.58276956046482,0.640231399918428,7.1579893786039,8.1868896389273e-13,6.01919677035163e-11,4.58276956046482,304.212862201797,2.25315774616314,0.676566365264249,3.33028341614813,0.00086757628149964,0.00649203157678923
"147","Oasl2",2082.85553838586,5.27959589106094,0.488232633206406,10.8136890735629,2.9650132095793e-27,1.38358298225187e-24,5.27959589106094,2082.85553838586,5.56516903340985,0.490023096697833,11.3569525006319,6.84924196488451e-30,2.30041131266053e-27,5.56516903340985,2082.85553838586,1.39060576055856,0.49810233954467,2.7918073258394,0.00524145565285002,0.0256877825066718
"148","Olr1",2827.22090423249,1.72303032516816,0.282236157445431,6.10492412015391,1.02849532007462e-09,8.56097266693464e-08,1.72303032516816,2827.22090423249,1.64831420087083,0.279361433179942,5.90029261415308,3.62857455130151e-09,1.52772292647104e-07,1.64831420087083,2827.22090423249,2.94695522618019,0.281559705402956,10.466537539392,1.23062207271429e-25,3.28596603782593e-22
"149","Orai2",845.061090940255,0.624342546286158,0.162951509603355,3.83146218041115,0.000127383957551421,0.00363256585617469,0.624342546286158,845.061090940255,1.13281803596875,0.162897943715987,6.95415798460798,3.54673971926716e-12,2.40429906290505e-10,1.13281803596875,845.061090940255,0.521028796128203,0.16450883847666,3.16717813433547,0.00153925998695156,0.0101150468625722
"150","Parp14",11588.4438937755,5.54348383735665,0.518852866314173,10.6841152805736,1.20795275347014e-26,5.3146469859105e-24,5.54348383735665,11588.4438937755,5.81266767850216,0.519041844181707,11.1988421428066,4.13097195606388e-29,1.24586741972882e-26,5.81266767850216,11588.4438937755,1.67444194494018,0.520969241583592,3.21408983733929,0.00130858723897552,0.00890984961990089
"151","Parp3",2676.59401897086,0.526921191835363,0.171658912708036,3.06958248495708,0.00214358203829953,0.0355879654328311,0.526921191835363,2676.59401897086,0.755725879845416,0.173149337308983,4.36459007923798,1.27361360144852e-05,0.00024818836362761,0.755725879845416,2676.59401897086,-0.490102834944076,0.17314659238907,-2.83056587011997,0.0046465742266757,0.0234983477542839
"152","Pde4b",927.534333872776,1.36545718914975,0.383413106223204,3.56132111027747,0.00036899347466682,0.0087822728228661,1.36545718914975,927.534333872776,3.76913749032922,0.392582330955312,9.60088417926854,7.92615372825481e-22,1.54121973415986e-19,3.76913749032922,927.534333872776,-1.54705845470902,0.393467277051244,-3.93186052548796,8.42909672485968e-05,0.000983558329417166
"153","Pdgfb",404.883088103319,2.54160458418753,0.385905941438828,6.58607269613759,4.51612766194472e-11,4.37382703561552e-09,2.54160458418753,404.883088103319,1.42738231542079,0.382433031995749,3.73237193443231,0.000189685141326927,0.00249836632667497,1.42738231542079,404.883088103319,2.04366489962011,0.38874169955257,5.25712806722897,1.46322420635061e-07,4.82352160698417e-06
"154","Pdlim2",428.335766668761,-0.997023357099486,0.309529741920902,-3.22109064838838,0.00127703749269508,0.023607563445392,0.997023357099486,428.335766668761,-0.972337144273943,0.316028071862063,-3.07674295686726,0.00209275678721435,0.0176475696909501,0.972337144273943,428.335766668761,-1.32389108556874,0.312224443590624,-4.24019039106552,2.23330279709744e-05,0.000327953658224547
"155","Pik3r5",2216.32255602894,2.03788317597788,0.622263286417725,3.27495325605608,0.00105679458348477,0.0203165790150836,2.03788317597788,2216.32255602894,1.82061495180449,0.62187998516636,2.9275985644038,0.00341590770448347,0.025913903519947,1.82061495180449,2216.32255602894,1.83280846759389,0.622587853806258,2.94385516259082,0.00324151658754372,0.0178966590982757
"156","Plet1",311.592357175041,3.56678662527185,0.8180136022961,4.36030234125712,1.29882859431287e-05,0.000502529184015674,3.56678662527185,311.592357175041,2.43004427244706,0.776969917614402,3.12759119414589,0.00176245134362725,0.0153842326970605,2.43004427244706,311.592357175041,4.80473073852399,0.81489569678452,5.89612972246985,3.72126462046282e-09,2.02096205031983e-07
"157","Plscr1",1277.76159792451,2.02647569321623,0.143241356633947,14.1472807912235,1.94119364238092e-45,2.98924408990238e-42,2.02647569321623,1277.76159792451,2.28581544077266,0.145028537810022,15.7611424295467,5.75825874504408e-56,1.21565068191802e-52,2.28581544077266,1277.76159792451,0.573564742379022,0.148117204020839,3.87237084422905,0.000107781793144564,0.00119169917734234
"158","Plscr2",1575.5605695439,0.99645909212361,0.274473517905299,3.63043800993367,0.000282940655661634,0.00706159344656969,0.99645909212361,1575.5605695439,0.993165625810331,0.273323410781646,3.63366468671708,0.000279423954202543,0.003455503929042,0.993165625810331,1575.5605695439,1.55349884961183,0.274420338673841,5.66101935854769,1.50476449076762e-08,6.73403125882349e-07
"159","Plxna2",1381.30024624052,0.857669241887419,0.267270934962089,3.20898807051007,0.00133203018681508,0.0243320674338854,0.857669241887419,1381.30024624052,0.993880182903276,0.267081803095906,3.72125757495499,0.000198233113456504,0.00259706467257111,0.993880182903276,1381.30024624052,0.903615242924876,0.267861179753289,3.37344606544757,0.000742335877567144,0.00570679611060615
"160","Pnkd",547.181043536238,0.668665997498922,0.113512087012329,5.89070305285018,3.84556028656136e-09,2.860762456655e-07,0.668665997498922,547.181043536238,0.810541591230356,0.113311119197813,7.15323965528356,8.47534457028488e-13,6.18768218970401e-11,0.810541591230356,547.181043536238,0.405115199799748,0.115749789294716,3.49992170411876,0.000465394831718079,0.00390765880473741
"161","Pnrc1",1346.35721044682,0.846881112376259,0.145349733492241,5.82650612442619,5.65997909570997e-09,4.05386130673664e-07,0.846881112376259,1346.35721044682,0.90581309348682,0.146305859718967,6.19122908150612,5.96968736561445e-10,2.81853162584825e-08,0.90581309348682,1346.35721044682,0.388041488214982,0.147159209590631,2.636882117636,0.00836719029057195,0.0369897228601692
"162","Ppfia3",128.771760360639,1.2282705010228,0.34117306277633,3.60013915233409,0.000318046927799425,0.00778633488264442,1.2282705010228,128.771760360639,2.01535486416861,0.362326304749305,5.56226483628628,2.66295749842897e-08,9.5056004617834e-07,2.01535486416861,128.771760360639,-0.984226961609777,0.364967904633285,-2.69674935553228,0.00700199517581195,0.0322910088404385
"163","Ppm1e",199.114672444846,-1.38186888904377,0.381727422974132,-3.62004091368992,0.000294556436591307,0.0072927037596246,1.38186888904377,199.114672444846,-1.11059702889274,0.369724597989779,-3.00384944613136,0.00266587208365318,0.021309882125213,1.11059702889274,199.114672444846,1.06332349402657,0.369006061055901,2.88158815327829,0.00395676536422799,0.0209281406075591
"164","Psmb10",1102.92982971717,2.40382886799933,0.303425325975415,7.92230793613484,2.33142047815382e-15,3.73974416073861e-13,2.40382886799933,1102.92982971717,2.40411479750967,0.304665981322338,7.8909853573908,2.99809833354766e-15,2.85844497891402e-13,2.40411479750967,1102.92982971717,0.916934681469534,0.307060990353063,2.98616467176514,0.0028250047454592,0.0161929878450811
"165","Psmb8",599.175366579317,2.95775042921645,0.570282049259974,5.18646945499086,2.14318155824432e-07,1.18289795037291e-05,2.95775042921645,599.175366579317,2.50193293208352,0.569616299245623,4.39231274701405,1.12151212241418e-05,0.000221870229518564,2.50193293208352,599.175366579317,1.68072424225585,0.57376868833051,2.92927145806133,0.00339757560014456,0.0185637596912018
"166","Psmd10",733.258205337363,0.745701812352648,0.127285936540339,5.85847763406543,4.67129511401378e-09,3.39307893682538e-07,0.745701812352648,733.258205337363,1.10211439210334,0.127770455466795,8.62573736688097,6.3681008066927e-18,8.25506962467585e-16,1.10211439210334,733.258205337363,0.376220740797474,0.129824262445733,2.8979231902414,0.00375642574233476,0.0201209283911552
"167","Psme3",2100.76221803845,0.308683261075036,0.0766360089042744,4.02791410315496,5.62738943243396e-05,0.00177210981329347,0.308683261075036,2100.76221803845,0.265888076418172,0.0773462358205685,3.4376343411849,0.000586819547949306,0.00629319251059132,0.265888076418172,2100.76221803845,0.196249095140911,0.0775566338752673,2.53039727660865,0.0113933441286676,0.0464572627467444
"168","Ptgs2os",51.396079841734,0.989261203978669,0.303947278974058,3.25471314406175,0.00113506950442801,0.0214521666863707,0.989261203978669,51.396079841734,1.23372944007477,0.334185467155945,3.6917507232565,0.000222715696350521,0.00285207327614211,1.23372944007477,51.396079841734,-0.841730362461501,0.336243242230854,-2.5033376340203,0.012302811562879,0.049091527674339
"169","Ptplb",453.795999906444,0.447167964646013,0.148353066819155,3.01421449676613,0.00257645579111855,0.0409844063587329,0.447167964646013,453.795999906444,0.627025292955949,0.146988214172919,4.26582019847052,1.99169136938675e-05,0.000364723854483239,0.627025292955949,453.795999906444,0.578977552826865,0.149218807041095,3.88005750955652,0.000104431769736972,0.0011626833793996
"170","Ptpn9",2012.24154832153,0.424344247837238,0.104614400517407,4.05626993739386,4.98626294587721e-05,0.00159965548132423,0.424344247837238,2012.24154832153,0.512022578241577,0.105066382732585,4.87332451089303,1.09735746951093e-06,2.85299339552144e-05,0.512022578241577,2012.24154832153,0.343256600777327,0.105501773058932,3.25356238881018,0.00113967696393161,0.00801174402770876
"171","Pyhin1",497.447032921615,6.63217994768793,0.833936264537934,7.95286190289696,1.8225146563874e-15,2.98562799933081e-13,6.63217994768793,497.447032921615,6.34863964526683,0.775199894096078,8.18968074379018,2.61920014373522e-16,2.8460690973617e-14,6.34863964526683,497.447032921615,2.98200018795822,0.864485380861128,3.44945126196096,0.000561727121749909,0.00452915461376713
"172","Rab11fip1",1054.17655808787,1.25717623543108,0.335370428388914,3.74861982158184,0.000177810383057872,0.00480368787492662,1.25717623543108,1054.17655808787,1.23534099289831,0.334936852913941,3.68828028970499,0.000225774863077491,0.00288126159461067,1.23534099289831,1054.17655808787,1.19634377115798,0.336169027272964,3.55875667923019,0.000372614529229739,0.0032484144029534
"173","Rab20",269.840121820241,1.54841748559031,0.306663805046058,5.0492345692957,4.43583796627398e-07,2.26183671664414e-05,1.54841748559031,269.840121820241,1.87286716259065,0.302869744111198,6.1837380557334,6.26012127314837e-10,2.93689118014561e-08,1.87286716259065,269.840121820241,1.25384032758568,0.310736010376788,4.03506605515503,5.45869384762673e-05,0.000688070292154429
"174","Raph1",2466.22111969792,1.06993827238068,0.155533529165322,6.87914868339037,6.02112919089972e-12,6.43884502851839e-10,1.06993827238068,2466.22111969792,0.642911544124665,0.15634023945454,4.11225891918637,3.91806525450572e-05,0.000657220979921516,0.642911544124665,2466.22111969792,0.430713173047051,0.156705992443028,2.74854309227288,0.00598607657460916,0.0285595392500933
"175","Rasal3",93.1657268200716,-2.27594639102083,0.647185693055628,-3.51668217552083,0.000436976675315036,0.0100133985463932,2.27594639102083,93.1657268200716,-1.79820968447488,0.598582229395437,-3.00411471668824,0.00266354874605288,0.021309882125213,1.79820968447488,93.1657268200716,1.99174899636394,0.598331032185178,3.32884120866978,0.000872081097808129,0.006522694336127
"176","Rassf7",137.517704637666,-0.598062823995592,0.173076231560432,-3.45548790035199,0.000549297845210483,0.012135778362118,0.598062823995592,137.517704637666,-0.929554813811797,0.187159641220357,-4.96664135360981,6.8122403755487e-07,1.84042574533562e-05,0.929554813811797,137.517704637666,-0.732342709586089,0.17571355886605,-4.16782127863207,3.07524896357052e-05,0.000427678503866001
"177","Rcsd1",570.127262910527,1.7129168197117,0.305291842440032,5.61075201361846,2.01449270392073e-08,1.36057776963488e-06,1.7129168197117,570.127262910527,1.72298591698414,0.305612423936698,5.63781372101882,1.72222659022351e-08,6.33111058465748e-07,1.72298591698414,570.127262910527,1.00352479153394,0.308645764105133,3.2513804115974,0.00114846079072372,0.0080628791972764
"178","Rffl",509.111991079929,1.54604909572164,0.234785235415942,6.58495025457067,4.55037717959881e-11,4.37945363679013e-09,1.54604909572164,509.111991079929,1.72534668646472,0.236249304850255,7.30307624633361,2.81261687222652e-13,2.17617026899285e-11,1.72534668646472,509.111991079929,0.655776159309767,0.239644701524574,2.73645173516395,0.00621057047301701,0.0294290297391912
"179","Rgs18",20.5815840680561,-3.15165531326905,0.980805352989608,-3.21333412757428,0.00131203558226573,0.0241386331317921,3.15165531326905,20.5815840680561,-3.55374902528437,0.822263820347185,-4.32190853755898,1.54685313874299e-05,0.000293822566636811,3.55374902528437,20.5815840680561,2.04880106390933,0.787335496194677,2.60219572699507,0.00926289705192899,0.0398284685101864
"180","Rhob",3444.08514872487,0.832079088062951,0.181284499700819,4.58990751794094,4.43442440586125e-06,0.000191813768050161,0.832079088062951,3444.08514872487,0.811376470847693,0.181261155905994,4.47628432463759,7.59533204778474e-06,0.000158760702973356,0.811376470847693,3444.08514872487,0.842809375294598,0.181647390511325,4.63980997977535,3.48729685511434e-06,6.81341255070572e-05
"181","Rnf144b",191.57479127808,-1.20217091215553,0.30613774720327,-3.92689540292889,8.6049379281663e-05,0.00253845668880906,1.20217091215553,191.57479127808,-2.14724531548031,0.298663210784812,-7.18952063040469,6.50191956546467e-13,4.82841041901693e-11,2.14724531548031,191.57479127808,1.12192132751903,0.293801819199326,3.81863301791838,0.000134193219480361,0.00142851134172416
"182","Rsad2",27443.3502710739,9.07277589409291,0.614034996299884,14.7756657987974,2.10269016761117e-49,4.04741573638056e-46,9.07277589409291,27443.3502710739,9.30480689223889,0.61093371901266,15.2304687115266,2.21994296028559e-52,3.64514634078893e-49,9.30480689223889,27443.3502710739,2.2870114835097,0.621746094527528,3.67836887700537,0.000234730312865897,0.00223049486502048
"183","Rtn4rl2",65.7674356082717,1.61486887867721,0.518660193359502,3.11353926781477,0.00184857909077341,0.031629188243133,1.61486887867721,65.7674356082717,1.29844557533188,0.47990389903375,2.7056366450579,0.00681735942898653,0.0443487320851979,1.29844557533188,65.7674356082717,2.49576066050205,0.512074350284348,4.8738247856316,1.09458078758747e-06,2.60821424481003e-05
"184","Saa3",1775.12562356881,6.79821502412353,0.509500231682515,13.3429086021686,1.30275620062239e-40,1.33740951555895e-37,6.79821502412353,1775.12562356881,6.1306868959445,0.482520738891727,12.7055407194014,5.50873461615514e-37,3.25632320630163e-34,6.1306868959445,1775.12562356881,3.14434305639146,0.523012400002342,6.01198567448378,1.83264520891187e-09,1.07156236832033e-07
"185","Samd4",3256.9923354789,0.489429692807337,0.134685953549651,3.6338584678536,0.000279214064596887,0.0069912477735406,0.489429692807337,3256.9923354789,0.600025469434231,0.136320951317744,4.40156456974586,1.07473074067569e-05,0.000213760038838565,0.600025469434231,3256.9923354789,-0.586347220863712,0.136230097947751,-4.30409454075704,1.67670057394244e-05,0.000259289767327527
"186","Sash3",119.219440417531,-3.0256037029713,0.671946141806304,-4.50274734049066,6.70806146537707e-06,0.000276196359639951,3.0256037029713,119.219440417531,-3.58963451265758,0.627171587088521,-5.72352859497592,1.04333997014885e-08,4.00479950100252e-07,3.58963451265758,119.219440417531,1.95698653717505,0.617701162583827,3.16817687211244,0.00153398165093695,0.0100870925625138
"187","Sbno2",1729.70702050173,0.930720526603737,0.217521939444054,4.27874323382039,1.87951526088747e-05,0.000677813946192181,0.930720526603737,1729.70702050173,0.716266984282005,0.217920982955748,3.2868197204647,0.00101325678705223,0.00988376818419656,0.716266984282005,1729.70702050173,0.635517849820782,0.218414983549352,2.90968064321093,0.00361798238320366,0.0195091371810091
"188","Sdc4",6185.95640656486,1.72924405710614,0.256362649549676,6.74530420146507,1.52706739189698e-11,1.6106377238234e-09,1.72924405710614,6185.95640656486,2.27610329653827,0.256468150719919,8.87479903508148,7.00598030327037e-19,1.01504291099735e-16,2.27610329653827,6185.95640656486,0.981358423464654,0.256911343186086,3.81983298710884,0.000133542065893713,0.00142347134909061
"189","Serpina3g",702.663698269886,4.99345602451016,0.668935317651037,7.46478156071151,8.3437914681768e-14,1.11726995494308e-11,4.99345602451016,702.663698269886,6.05886303979744,0.720474952218681,8.40954015283856,4.11621300505219e-17,4.90559643456946e-15,6.05886303979744,702.663698269886,-2.23425811401508,0.724779796441301,-3.08267162658973,0.00205151393951056,0.0126364109284501
"190","Serpina3n",345.028168598298,2.27874369113936,0.770244460321157,2.95846813385613,0.0030917220570439,0.0474197489605768,2.27874369113936,345.028168598298,2.05902681238091,0.765196901580351,2.69084572628095,0.00712711447873497,0.0457336073672364,2.05902681238091,345.028168598298,2.41568645277551,0.771226391970137,3.13226632014566,0.00173462450316856,0.0110984102097698
"191","Serpinb2",378.904444433665,4.0200913034328,0.714125566861246,5.62938997003295,1.80848095033058e-08,1.22681930194452e-06,4.0200913034328,378.904444433665,2.89159306901826,0.649705310403166,4.45062249410262,8.56217383189404e-06,0.00017647392592431,2.89159306901826,378.904444433665,5.18388336622251,0.710816694362615,7.29285539765053,3.03453740858571e-13,5.34245316735733e-11
"192","Sh3bp5",1662.76377624643,1.06228212422007,0.286545442261635,3.70720300359947,0.000209560955820656,0.0055352129651497,1.06228212422007,1662.76377624643,1.1131425222971,0.286615052233135,3.88375458170865,0.000102855728965177,0.001500495520876,1.1131425222971,1662.76377624643,0.860596284451029,0.287264514435639,2.9958322076145,0.00273696991918126,0.0157786956010086
"193","Sh3pxd2a",11301.6692691627,0.375836389336409,0.0989292752443612,3.79904116762273,0.000145256965269781,0.00403029190664749,0.375836389336409,11301.6692691627,0.368368373694866,0.0997805782552437,3.69178431450418,0.00022268627690795,0.00285207327614211,0.368368373694866,11301.6692691627,-0.894831736610822,0.099662626624187,-8.97860880172363,2.74211879542273e-19,1.83047855089448e-16
"194","Shroom3",1692.55027557119,-0.880201952775971,0.263591165390855,-3.33926955203829,0.0008399901321441,0.0170197474274829,0.880201952775971,1692.55027557119,-0.727313958005826,0.261276449236909,-2.78369504840578,0.00537435377025469,0.0364991728018492,0.727313958005826,1692.55027557119,1.41931903293706,0.261444436440078,5.42875974820127,5.67470119512457e-08,2.14420726054459e-06
"195","Siae",485.210835663564,-0.439856391203608,0.115840302652638,-3.79709290403507,0.000146402931274214,0.00404750222386288,0.439856391203608,485.210835663564,-0.459348611486054,0.113474861605577,-4.04802090072327,5.16525349551543e-05,0.000827897138359295,0.459348611486054,485.210835663564,0.435337988068145,0.112924251417091,3.85513282226866,0.000115666813321456,0.00126436523086579
"196","Slamf7",1466.24807000142,4.79162389653738,0.874773599044619,5.47755888125858,4.31233531667616e-08,2.71043475679577e-06,4.79162389653738,1466.24807000142,5.0162725272682,0.872585166812608,5.74874833776021,8.99065203361022e-09,3.5242402056417e-07,5.0162725272682,1466.24807000142,2.20950648821622,0.879745026162206,2.5115305259013,0.0120208888923075,0.0483227044699964
"197","Slc15a3",2678.54146377776,2.31321064574791,0.695503069127282,3.32595318184653,0.000881167280624554,0.0176222012393994,2.31321064574791,2678.54146377776,2.68520580617939,0.694966307206261,3.86379278870916,0.00011163993437855,0.00160957556121582,2.68520580617939,2678.54146377776,2.0074981520264,0.69589886515708,2.88475560536121,0.0039171762397643,0.0207461423263682
"198","Slc39a14",1375.41219716292,0.524196858750103,0.157647846523975,3.32511271360997,0.000883827965099815,0.0176524861667601,0.524196858750103,1375.41219716292,0.770966213185702,0.160818888392549,4.79400287423838,1.63485929678468e-06,4.11583487016763e-05,0.770966213185702,1375.41219716292,-0.636237975734484,0.160729377335535,-3.95844235995693,7.54401413201466e-05,0.000899275672686063
"199","Slc46a3",128.430955710908,-1.38372273581651,0.403729531332641,-3.42735080896628,0.000609501115611241,0.0132342633981098,1.38372273581651,128.430955710908,-1.83227702679959,0.39103657904096,-4.68569214494805,2.79015394472791e-06,6.60610336933583e-05,1.83227702679959,128.430955710908,1.09773948896469,0.387142293280189,2.83549358470689,0.00457549340061556,0.0232195057875394
"200","Slco3a1",1806.92127342634,1.05080610472813,0.327852021832863,3.20512314932079,0.00135004704983642,0.0245737287475543,1.05080610472813,1806.92127342634,1.52083579240048,0.331921332279482,4.5819163895134,4.60734115454544e-06,0.000102254912612058,1.52083579240048,1806.92127342634,-1.80961879206363,0.331751302871701,-5.45474509489256,4.90431469964391e-08,1.87971353595682e-06
"201","Slfn2",4078.39609392232,4.08853154829099,0.631441785349192,6.47491446266896,9.48656669576175e-11,8.69545479452591e-09,4.08853154829099,4078.39609392232,4.03026057114704,0.63113915928151,6.38569246081181,1.70623599449602e-10,8.69474328505593e-09,4.03026057114704,4078.39609392232,1.95409880887747,0.632786688865951,3.08808456824449,0.00201451134565993,0.0124852944947071
"202","Slfn5",3261.90799449053,5.51028399801769,0.714828538569784,7.70853946184433,1.27265769819585e-14,1.84883546174697e-12,5.51028399801769,3261.90799449053,5.72938240859108,0.713567189709242,8.02921223287417,9.81005257787032e-16,9.72972865743406e-14,5.72938240859108,3261.90799449053,2.09820679159257,0.719560066120088,2.91595780586634,0.00354598452519259,0.019216040626651
"203","Slfn8",1186.7698925488,5.73168717620325,0.636801028859872,9.00075049574789,2.24179895368658e-19,5.39397845122181e-17,5.73168717620325,1186.7698925488,5.81305308474839,0.631855594580246,9.19997090254478,3.58046704124078e-20,5.56969915110065e-18,5.81305308474839,1186.7698925488,2.06427016208067,0.651043348425864,3.17071077843249,0.00152066465143038,0.0100346948596514
"204","Smad9",173.644929648259,-1.56068294361652,0.232104572762212,-6.72405082348558,1.76740739147381e-11,1.85144941641532e-09,1.56068294361652,173.644929648259,-1.20144565357041,0.239176662756408,-5.02325619784252,5.08027030135299e-07,1.41120741566531e-05,1.20144565357041,173.644929648259,-0.941067933534258,0.229361763182392,-4.10298525995331,4.07853243105865e-05,0.000537353355904528
"205","Smurf1",2164.31350283461,0.760200496372444,0.0902614369817419,8.42220688915264,3.6945789368866e-17,6.93814890842886e-15,0.760200496372444,2164.31350283461,0.540702892492716,0.0928697118696508,5.82216614660796,5.80897574976115e-09,2.35191900356083e-07,0.540702892492716,2164.31350283461,-0.328618193382862,0.0928419476739884,-3.53954437208485,0.000400818382536318,0.0034635983315072
"206","Sntb1",122.063780670026,1.3891149991016,0.29631238055851,4.68800863630233,2.75876379016532e-06,0.000122427099725521,1.3891149991016,122.063780670026,1.52641049528766,0.319296545726517,4.78054183710167,1.74823371188174e-06,4.36408746523452e-05,1.52641049528766,122.063780670026,-0.938194751804849,0.320856813302439,-2.92402938914845,0.00345532121934075,0.0187844252646957
"207","Sp100",481.862032138675,2.52672224141224,0.495716589912523,5.0971105119926,3.44877016440243e-07,1.80838935627316e-05,2.52672224141224,481.862032138675,3.20697272948402,0.495139340992221,6.47690955652504,9.36202701618096e-11,4.92355997313602e-09,3.20697272948402,481.862032138675,1.37221217618403,0.501777911933914,2.73470023998338,0.00624371065738247,0.0295336546920356
"208","Sp110",333.972044840281,2.14762758708286,0.588104650336135,3.65177793757518,0.000260431037037334,0.00666175670986363,2.14762758708286,333.972044840281,2.84562955501066,0.586061814160913,4.85551094825186,1.20076719468645e-06,3.09145254408995e-05,2.84562955501066,333.972044840281,1.48469516913959,0.592890883937197,2.50416258600607,0.0122741616135188,0.0490293310867367
"209","Sp140",389.009752357741,2.69690442697877,0.566584342306557,4.75993462155997,1.93655679324537e-06,8.84897271785919e-05,2.69690442697877,389.009752357741,3.45025385698421,0.563656939962372,6.12119467067068,9.28763499457666e-10,4.26250527794577e-08,3.45025385698421,389.009752357741,1.65282560274896,0.573548567946352,2.88175351682434,0.00395468957462168,0.0209263431600247
"210","Spred3",508.620015531249,0.417204055314815,0.120113514620736,3.47341476629134,0.000513880552152159,0.0114023726550304,0.417204055314815,508.620015531249,0.319718440604344,0.120510597513233,2.65303174328081,0.00797723684213406,0.0497714621571383,0.319718440604344,508.620015531249,0.34084783119013,0.121633285737553,2.80225786159861,0.00507462945199677,0.0250850473466338
"211","St3gal1",4553.92104428813,1.45990513313089,0.240424991341727,6.07218544538016,1.26181095200398e-09,1.03354398137815e-07,1.45990513313089,4553.92104428813,1.59429504854117,0.240710822303889,6.62327947402559,3.51315893520404e-11,1.98158254749791e-09,1.59429504854117,4553.92104428813,0.673426133351452,0.241063198168962,2.79356674293952,0.00521302701738089,0.0256111333472736
"212","Steap4",1445.25952489388,7.80268248173714,0.611582425757215,12.7581862282528,2.80660081807766e-37,2.54228505868105e-34,7.80268248173714,1445.25952489388,7.16078211436286,0.607807651586165,11.7813293328502,4.87186067123919e-32,1.99989880554369e-29,7.16078211436286,1445.25952489388,1.62372781467083,0.644093181538146,2.52095172129168,0.011703790875565,0.0473262073744135
"213","Stim2",929.064117183394,0.439767263015693,0.141463863305089,3.10868975822658,0.00187918928990525,0.0319399954472968,0.439767263015693,929.064117183394,0.444243279669912,0.141398932573467,3.14177251259726,0.00167928454443532,0.0148601598788414,0.444243279669912,929.064117183394,0.549093119163838,0.142285474517943,3.85909468991224,0.000113807838285585,0.00124884614874887
"214","Stip1",3633.6378908678,0.641035113441714,0.130571862720642,4.90944296944898,9.13354561480795e-07,4.39523340382586e-05,0.641035113441714,3633.6378908678,0.892989041430758,0.131966191285034,6.76680165378106,1.31660372880621e-11,7.97408602635173e-10,0.892989041430758,3633.6378908678,-0.42049549155537,0.132030369742959,-3.18483915764232,0.00144834483292196,0.00966025502424757
"215","Synpo2",898.912527292562,1.08217821003999,0.360240031352378,3.00404762340649,0.00266413619891354,0.0419050391492029,1.08217821003999,898.912527292562,1.21459671719177,0.365290253405612,3.32501813521726,0.00088412783926428,0.00884606716902338,1.21459671719177,898.912527292562,-1.25246387118424,0.365121468570826,-3.43026630585895,0.00060298913311839,0.00479905062180314
"216","Tapbp",5828.84707607609,1.57517406975986,0.238933594372715,6.59251820111461,4.32428149685285e-11,4.21453232721753e-09,1.57517406975986,5828.84707607609,1.83311284096283,0.239151505787572,7.66506919923434,1.787348096158e-14,1.56292486183567e-12,1.83311284096283,5828.84707607609,0.752719544052006,0.23949072090666,3.14300086952168,0.00167225343246194,0.0107898398072786
"217","Tarsl2",178.522383433255,-0.65339771967727,0.176024648976361,-3.71196717889787,0.000205654659598223,0.00545073339613258,0.65339771967727,178.522383433255,-0.613766523806,0.19047275888996,-3.2223323029651,0.00127151573110042,0.011803052433544,0.613766523806,178.522383433255,-1.1207796034852,0.181520155688987,-6.17440856212969,6.6411602509353e-10,4.41485594938732e-08
"218","Tnf",35322.5545344082,9.25391039442752,0.865338782792728,10.6939739422774,1.08615124361409e-26,4.91930676482744e-24,9.25391039442752,35322.5545344082,9.25480597920383,0.860367418664236,10.7568066600806,5.50446460182913e-27,1.45258889081841e-24,9.25480597920383,35322.5545344082,2.99603149630892,0.869461402391828,3.44584761102339,0.00056927128344924,0.00456699811324
"219","Tnfaip1",3189.11042629562,0.353755610819338,0.0798468399963328,4.43042718829681,9.40465982025298e-06,0.000373880241066006,0.353755610819338,3189.11042629562,0.221658535042982,0.0813804790257386,2.72373101874808,0.00645490537951004,0.0424524217616375,0.221658535042982,3189.11042629562,-0.23728013330186,0.0812195070020554,-2.9214672935143,0.00348386852579041,0.0189267743817186
"220","Tnfaip2",15191.6444448731,2.90776944462007,0.325394847939056,8.9361262571824,4.03051420674003e-19,9.54859819532149e-17,2.90776944462007,15191.6444448731,2.97543605186877,0.325566448684797,9.13925886370893,6.2881783760978e-20,9.5800721692756e-18,2.97543605186877,15191.6444448731,0.954108543799204,0.325809439749613,2.92842510803997,0.00340683895012182,0.0185965815400006
"221","Tnfaip8l2",125.52264543229,-2.30436706435111,0.684173082536623,-3.36810541538333,0.000756866511057278,0.0156653056502299,2.30436706435111,125.52264543229,-2.67278174618708,0.655815200561609,-4.07551051561208,4.59135073086854e-05,0.000748907076167498,2.67278174618708,125.52264543229,1.851144354377,0.652163238610307,2.83846780189818,0.00453306925498453,0.023045785689995
"222","Tnfrsf1b",9614.08751884047,2.04616859585633,0.445679643955265,4.59111970584351,4.40874370592484e-06,0.0001912401248663,2.04616859585633,9614.08751884047,2.78599903272277,0.445635370759562,6.25174574445062,4.05889802454387e-10,1.96663590185932e-08,2.78599903272277,9614.08751884047,1.39526638579777,0.445922238260661,3.12894551130723,0.00175434837459422,0.0112067046688094
"223","Tnip1",2381.05870413358,1.78824654515913,0.154818813020455,11.5505765111561,7.33269023276236e-31,4.18207766275214e-28,1.78824654515913,2381.05870413358,1.82476169728887,0.156106770811149,11.6891899551006,1.44760693562915e-31,5.48531674223783e-29,1.82476169728887,2381.05870413358,0.487463376137541,0.1572169527765,3.10057768916638,0.0019314353923524,0.0120920384606791
"224","Traf3",2122.94875907623,1.13563666079284,0.122489856813668,9.2712710287545,1.83940728191463e-20,5.05804155967918e-18,1.13563666079284,2122.94875907623,0.835412234571136,0.123131284164217,6.7847277013449,1.16305664447831e-11,7.13180543240685e-10,0.835412234571136,2122.94875907623,0.611985134072878,0.123932224705532,4.9380630060259,7.89023527347496e-07,1.98444991077461e-05
"225","Trip10",1141.20605719741,0.461003498993293,0.124638664048776,3.69871983554707,0.000216689623647234,0.00566520121314729,0.461003498993293,1141.20605719741,0.835188546304883,0.128200671381551,6.5146971330532,7.28364687448858e-11,3.97187208528385e-09,0.835188546304883,1141.20605719741,-0.548667041622012,0.128237152707556,-4.27853418481025,1.88128100639521e-05,0.000284339650976016
"226","Tsc22d2",2493.60695944658,-0.544564239573481,0.139479650538949,-3.90425583566698,9.45157581733736e-05,0.00277228220973672,0.544564239573481,2493.60695944658,-0.407218425765693,0.140291905890585,-2.90265089194302,0.00370018859322749,0.0275334275079133,0.407218425765693,2493.60695944658,-0.355978140254024,0.139832160794877,-2.54575298150629,0.0109042319977979,0.0449901367078857
"227","Tsku",1367.82632500497,0.603197946663638,0.109884361765317,5.48938845321687,4.03327731785069e-08,2.55590277438612e-06,0.603197946663638,1367.82632500497,0.357435067334136,0.110399476327351,3.23765183699141,0.00120517788761552,0.0113223895887999,0.357435067334136,1367.82632500497,0.482390468531143,0.111033216807184,4.34455996504943,1.39555119690046e-05,0.000224254019313362
"228","Tslp",71.4381440469821,2.60237192715374,0.44026749431213,5.91088817769675,3.40267976140384e-09,2.59395374484444e-07,2.60237192715374,71.4381440469821,2.45219724899413,0.494579445516007,4.95814630233104,7.11689625511446e-07,1.91224532469239e-05,2.45219724899413,71.4381440469821,-1.26446182500203,0.5011509921273,-2.5231154779014,0.0116320196156934,0.0471417916463524
"229","Ube2l6",1145.87015154831,1.68792207170478,0.288757185875151,5.84547209306363,5.05133620121344e-09,3.6348376711442e-07,1.68792207170478,1145.87015154831,1.54240924111245,0.288818849480401,5.34040366093597,9.27398508326882e-08,2.97290567376457e-06,1.54240924111245,1145.87015154831,1.11374092396893,0.290383694144323,3.8354113761477,0.000125354302188528,0.00134966483559302
"230","Zbtb4",2725.03929006577,-0.344808315114812,0.115609120958071,-2.98253556689412,0.00285871430535491,0.0445560137531987,0.344808315114812,2725.03929006577,-0.316081631536418,0.115322610055718,-2.7408470150277,0.00612810331201882,0.0406468181081751,0.316081631536418,2725.03929006577,0.424551656145445,0.115245437614124,3.68389122324277,0.00022970029536087,0.00219441170660495
"231","Zbtb7c",344.482142437812,2.04341289483656,0.304230855915496,6.7166523549608,1.85946878478608e-11,1.90893065446139e-09,2.04341289483656,344.482142437812,1.93189287817049,0.303118198086726,6.37339787041671,1.84885413225285e-10,9.38912933554384e-09,1.93189287817049,344.482142437812,1.22787954452063,0.309897988291726,3.96220559962057,7.42605479496297e-05,0.000887194808874734
"232","Zeb1",1879.43377432193,0.531141946652972,0.139548250570058,3.80615267108864,0.000141145274585198,0.00393749290459685,0.531141946652972,1879.43377432193,0.603888246730668,0.142791136384169,4.22917179611172,2.34553187053534e-05,0.000419132647917428,0.603888246730668,1879.43377432193,-0.856353909742672,0.142481305068606,-6.01028962592904,1.85192180913029e-09,1.07554094177917e-07
"233","Zmynd15",167.068934816754,2.78740254511668,0.283654528667233,9.82675142968263,8.63596249739812e-23,2.77052471869653e-20,2.78740254511668,167.068934816754,1.93700423297981,0.282302996357606,6.86143703032509,6.81712537278497e-12,4.38015125039201e-10,1.93700423297981,167.068934816754,1.13114050892096,0.298119766121365,3.79424861235289,0.000148091234912608,0.00155578339313763
