Motif Name,Consensus,P-value,Log P-value,q-value (Benjamini),# of Target Sequences with Motif(of 103),% of Target Sequences with Motif,# of Background Sequences with Motif(of 28725),% of Background Sequences with Motif
"NF1:FOXA1(CTF,Forkhead)/LNCAP-FOXA1-ChIP-Seq(GSE27824)/Homer",WNTGTTTRYTTTGGCA,1.00E-02,-6.16E+00,0.9289,4,3.88%,146.5,0.51%
Sox2(HMG)/mES-Sox2-ChIP-Seq(GSE11431)/Homer,BCCATTGTTC,1.00E-02,-4.83E+00,1,18,17.48%,2710.3,9.46%
"Oct6(POU,Homeobox)/NPC-Pou3f1-ChIP-Seq(GSE35496)/Homer",WATGCAAATGAG,1.00E-01,-4.54E+00,1,9,8.74%,1005.1,3.51%
Ets1-distal(ETS)/CD4+-PolII-ChIP-Seq(Barski_et_al.)/Homer,MACAGGAAGT,1.00E-01,-3.94E+00,1,11,10.68%,1499.7,5.24%
Srebp2(bHLH)/HepG2-Srebp2-ChIP-Seq(GSE31477)/Homer,CGGTCACSCCAC,1.00E-01,-3.80E+00,1,6,5.83%,602.6,2.10%
"Oct11(POU,Homeobox)/NCIH1048-POU2F3-ChIP-seq(GSE115123)/Homer",GATTTGCATA,1.00E-01,-3.54E+00,1,7,6.80%,818.7,2.86%
SpiB(ETS)/OCILY3-SPIB-ChIP-Seq(GSE56857)/Homer,AAAGRGGAAGTG,1.00E-01,-3.38E+00,1,9,8.74%,1231.1,4.30%
"Oct4(POU,Homeobox)/mES-Oct4-ChIP-Seq(GSE11431)/Homer",ATTTGCATAW,1.00E-01,-3.38E+00,1,8,7.77%,1037.9,3.62%
STAT6(Stat)/Macrophage-Stat6-ChIP-Seq(GSE38377)/Homer,TTCCKNAGAA,1.00E-01,-3.35E+00,1,11,10.68%,1645.6,5.75%
STAT6(Stat)/CD4-Stat6-ChIP-Seq(GSE22104)/Homer,ABTTCYYRRGAA,1.00E-01,-3.16E+00,1,10,9.71%,1489.7,5.20%
Nkx3.1(Homeobox)/LNCaP-Nkx3.1-ChIP-Seq(GSE28264)/Homer,AAGCACTTAA,1.00E-01,-3.15E+00,1,38,36.89%,8194.2,28.61%
"VDR(NR),DR3/GM10855-VDR+vitD-ChIP-Seq(GSE22484)/Homer",ARAGGTCANWGAGTTCANNN,1.00E-01,-3.06E+00,1,6,5.83%,722.9,2.52%
Pknox1(Homeobox)/ES-Prep1-ChIP-Seq(GSE63282)/Homer,SCTGTCAVTCAV,1.00E-01,-3.05E+00,1,9,8.74%,1312.5,4.58%
Bapx1(Homeobox)/VertebralCol-Bapx1-ChIP-Seq(GSE36672)/Homer,TTRAGTGSYK,1.00E-01,-2.91E+00,1,36,34.95%,7819.2,27.30%
ZNF7(Zf)/HepG2-ZNF7.Flag-ChIP-Seq(Encode)/Homer,CTGCCWVCTTTTRTA,1.00E-01,-2.89E+00,1,11,10.68%,1778.9,6.21%
Unknown(Homeobox)/Limb-p300-ChIP-Seq/Homer,SSCMATWAAA,1.00E-01,-2.86E+00,1,10,9.71%,1573.1,5.49%
"FXR(NR),IR1/Liver-FXR-ChIP-Seq(Chong_et_al.)/Homer",AGGTCANTGACCTB,1.00E-01,-2.85E+00,1,10,9.71%,1574.2,5.50%
USF1(bHLH)/GM12878-Usf1-ChIP-Seq(GSE32465)/Homer,SGTCACGTGR,1.00E-01,-2.74E+00,1,15,14.56%,2727.7,9.52%
TEAD(TEA)/Fibroblast-PU.1-ChIP-Seq(Unpublished)/Homer,YCWGGAATGY,1.00E-01,-2.74E+00,1,11,10.68%,1825.1,6.37%
Egr1(Zf)/K562-Egr1-ChIP-Seq(GSE32465)/Homer,TGCGTGGGYG,1.00E-01,-2.69E+00,1,31,30.10%,6669.5,23.29%
LHX9(Homeobox)/Hct116-LHX9.V5-ChIP-Seq(GSE116822)/Homer,NGCTAATTAG,1.00E-01,-2.56E+00,1,19,18.45%,3755.6,13.11%
X-box(HTH)/NPC-H3K4me1-ChIP-Seq(GSE16256)/Homer,GGTTGCCATGGCAA,1.00E-01,-2.54E+00,1,6,5.83%,827.8,2.89%
Nr5a2(NR)/Pancreas-LRH1-ChIP-Seq(GSE34295)/Homer,BTCAAGGTCA,1.00E-01,-2.46E+00,1,14,13.59%,2612.6,9.12%
Nanog(Homeobox)/mES-Nanog-ChIP-Seq(GSE11724)/Homer,RGCCATTAAC,1.00E-01,-2.46E+00,1,57,55.34%,13779.6,48.11%
Maz(Zf)/HepG2-Maz-ChIP-Seq(GSE31477)/Homer,GGGGGGGG,1.00E-01,-2.45E+00,1,61,59.22%,14899.1,52.02%
Pbx3(Homeobox)/GM12878-PBX3-ChIP-Seq(GSE32465)/Homer,SCTGTCAMTCAN,1.00E-01,-2.42E+00,1,8,7.77%,1272.4,4.44%
EWS:ERG-fusion(ETS)/CADO_ES1-EWS:ERG-ChIP-Seq(SRA014231)/Homer,ATTTCCTGTN,1.00E-01,-2.34E+00,1,15,14.56%,2898.3,10.12%
"Pax8(Paired,Homeobox)/Thyroid-Pax8-ChIP-Seq(GSE26938)/Homer",GTCATGCHTGRCTGS,1.00E+00,-2.23E+00,1,9,8.74%,1552.6,5.42%
E-box(bHLH)/Promoter/Homer,SSGGTCACGTGA,1.00E+00,-2.15E+00,1,6,5.83%,922.7,3.22%
Klf9(Zf)/GBM-Klf9-ChIP-Seq(GSE62211)/Homer,GCCACRCCCACY,1.00E+00,-2.14E+00,1,31,30.10%,7025.2,24.53%
Gfi1b(Zf)/HPC7-Gfi1b-ChIP-Seq(GSE22178)/Homer,MAATCACTGC,1.00E+00,-2.13E+00,1,13,12.62%,2520,8.80%
ZNF136(Zf)/HEK293-ZNF136.GFP-ChIP-Seq(GSE58341)/Homer,YTKGATAHAGTATTCTWGGTNGGCA,1.00E+00,-2.08E+00,1,2,1.94%,169.3,0.59%
MNT(bHLH)/HepG2-MNT-ChIP-Seq(Encode)/Homer,DGCACACGTG,1.00E+00,-2.07E+00,1,18,17.48%,3765.4,13.15%
GLIS3(Zf)/Thyroid-Glis3.GFP-ChIP-Seq(GSE103297)/Homer,CTCCCTGGGAGGCCN,1.00E+00,-2.05E+00,1,41,39.81%,9742.3,34.02%
Nkx2.2(Homeobox)/NPC-Nkx2.2-ChIP-Seq(GSE61673)/Homer,BTBRAGTGSN,1.00E+00,-2.03E+00,1,35,33.98%,8158.3,28.48%
RFX(HTH)/K562-RFX3-ChIP-Seq(SRA012198)/Homer,CGGTTGCCATGGCAAC,1.00E+00,-2.01E+00,1,6,5.83%,961,3.36%
"Brn1(POU,Homeobox)/NPC-Brn1-ChIP-Seq(GSE35496)/Homer",TATGCWAATBAV,1.00E+00,-2.00E+00,1,5,4.85%,750,2.62%
MYB(HTH)/ERMYB-Myb-ChIPSeq(GSE22095)/Homer,GGCVGTTR,1.00E+00,-2.00E+00,1,33,32.04%,7653.7,26.72%
IRF1(IRF)/PBMC-IRF1-ChIP-Seq(GSE43036)/Homer,GAAAGTGAAAGT,1.00E+00,-2.00E+00,1,4,3.88%,547,1.91%
TATA-Box(TBP)/Promoter/Homer,CCTTTTAWAGSC,1.00E+00,-2.00E+00,1,23,22.33%,5066.3,17.69%
Sox6(HMG)/Myotubes-Sox6-ChIP-Seq(GSE32627)/Homer,CCATTGTTNY,1.00E+00,-1.92E+00,1,21,20.39%,4605.6,16.08%
Tbx5(T-box)/HL1-Tbx5.biotin-ChIP-Seq(GSE21529)/Homer,AGGTGTCA,1.00E+00,-1.92E+00,1,51,49.51%,12568,43.88%
Rfx2(HTH)/LoVo-RFX2-ChIP-Seq(GSE49402)/Homer,GTTGCCATGGCAACM,1.00E+00,-1.91E+00,1,6,5.83%,990.9,3.46%
MITF(bHLH)/MastCells-MITF-ChIP-Seq(GSE48085)/Homer,RTCATGTGAC,1.00E+00,-1.91E+00,1,19,18.45%,4107.3,14.34%
MyoG(bHLH)/C2C12-MyoG-ChIP-Seq(GSE36024)/Homer,AACAGCTG,1.00E+00,-1.91E+00,1,24,23.30%,5379.1,18.78%
TFE3(bHLH)/MEF-TFE3-ChIP-Seq(GSE75757)/Homer,GTCACGTGACYV,1.00E+00,-1.90E+00,1,5,4.85%,776.4,2.71%
BORIS(Zf)/K562-CTCFL-ChIP-Seq(GSE32465)/Homer,CNNBRGCGCCCCCTGSTGGC,1.00E+00,-1.89E+00,1,11,10.68%,2150.1,7.51%
c-Myc(bHLH)/mES-cMyc-ChIP-Seq(GSE11431)/Homer,VVCCACGTGG,1.00E+00,-1.88E+00,1,11,10.68%,2155.5,7.53%
Mef2a(MADS)/HL1-Mef2a.biotin-ChIP-Seq(GSE21529)/Homer,CYAAAAATAG,1.00E+00,-1.87E+00,1,6,5.83%,1003.6,3.50%
Six4(Homeobox)/MCF7-SIX4-ChIP-Seq(Encode)/Homer,TGWAAYCTGABACCB,1.00E+00,-1.87E+00,1,2,1.94%,193.7,0.68%
BMAL1(bHLH)/Liver-Bmal1-ChIP-Seq(GSE39860)/Homer,GNCACGTG,1.00E+00,-1.85E+00,1,28,27.18%,6462.2,22.56%
NPAS2(bHLH)/Liver-NPAS2-ChIP-Seq(GSE39860)/Homer,KCCACGTGAC,1.00E+00,-1.83E+00,1,20,19.42%,4413.2,15.41%
ZNF652/HepG2-ZNF652.Flag-ChIP-Seq(Encode)/Homer,TTAACCCTTTVNKKN,1.00E+00,-1.83E+00,1,5,4.85%,797.4,2.78%
Sox3(HMG)/NPC-Sox3-ChIP-Seq(GSE33059)/Homer,CCWTTGTY,1.00E+00,-1.80E+00,1,24,23.30%,5458.9,19.06%
DLX5(Homeobox)/BasalGanglia-Dlx5-ChIP-seq(GSE124936)/Homer,SSTAATTA,1.00E+00,-1.79E+00,1,9,8.74%,1718.2,6.00%
Sox21(HMG)/ESC-SOX21-ChIP-Seq(GSE110505)/Homer,BCCWTTGTBYKV,1.00E+00,-1.77E+00,1,25,24.27%,5737.1,20.03%
Npas4(bHLH)/Neuron-Npas4-ChIP-Seq(GSE127793)/Homer,NHRTCACGACDN,1.00E+00,-1.77E+00,1,18,17.48%,3945.2,13.77%
Sox4(HMG)/proB-Sox4-ChIP-Seq(GSE50066)/Homer,YCTTTGTTCC,1.00E+00,-1.76E+00,1,13,12.62%,2701.7,9.43%
MafK(bZIP)/C2C12-MafK-ChIP-Seq(GSE36030)/Homer,GCTGASTCAGCA,1.00E+00,-1.73E+00,1,5,4.85%,824.3,2.88%
Hoxd11(Homeobox)/ChickenMSG-Hoxd11.Flag-ChIP-Seq(GSE86088)/Homer,VGCCATAAAA,1.00E+00,-1.73E+00,1,28,27.18%,6554.1,22.88%
TEAD1(TEAD)/HepG2-TEAD1-ChIP-Seq(Encode)/Homer,CYRCATTCCA,1.00E+00,-1.73E+00,1,15,14.56%,3215.6,11.23%
TEAD4(TEA)/Tropoblast-Tead4-ChIP-Seq(GSE37350)/Homer,CCWGGAATGY,1.00E+00,-1.71E+00,1,14,13.59%,2972.9,10.38%
Zic2(Zf)/ESC-Zic2-ChIP-Seq(SRP197560)/Homer,CHCAGCRGGRGG,1.00E+00,-1.68E+00,1,15,14.56%,3244.8,11.33%
Hoxa13(Homeobox)/ChickenMSG-Hoxa13.Flag-ChIP-Seq(GSE86088)/Homer,CYHATAAAAN,1.00E+00,-1.68E+00,1,27,26.21%,6332.3,22.11%
PRDM1(Zf)/Hela-PRDM1-ChIP-Seq(GSE31477)/Homer,ACTTTCACTTTC,1.00E+00,-1.67E+00,1,9,8.74%,1772.3,6.19%
Nkx2.5(Homeobox)/HL1-Nkx2.5.biotin-ChIP-Seq(GSE21529)/Homer,RRSCACTYAA,1.00E+00,-1.67E+00,1,35,33.98%,8460,29.54%
DLX1(Homeobox)/BasalGanglia-Dlx1-ChIP-seq(GSE124936)/Homer,NSNNTAATTA,1.00E+00,-1.65E+00,1,15,14.56%,3263.7,11.40%
Meis1(Homeobox)/MastCells-Meis1-ChIP-Seq(GSE48085)/Homer,VGCTGWCAVB,1.00E+00,-1.64E+00,1,29,28.16%,6890.7,24.06%
SF1(NR)/H295R-Nr5a1-ChIP-Seq(GSE44220)/Homer,CAAGGHCANV,1.00E+00,-1.63E+00,1,8,7.77%,1550.1,5.41%
Tgif1(Homeobox)/mES-Tgif1-ChIP-Seq(GSE55404)/Homer,YTGWCADY,1.00E+00,-1.63E+00,1,41,39.81%,10108.8,35.30%
Nkx2.1(Homeobox)/LungAC-Nkx2.1-ChIP-Seq(GSE43252)/Homer,RSCACTYRAG,1.00E+00,-1.58E+00,1,44,42.72%,10972.9,38.31%
Egr2(Zf)/Thymocytes-Egr2-ChIP-Seq(GSE34254)/Homer,NGCGTGGGCGGR,1.00E+00,-1.57E+00,1,11,10.68%,2308.9,8.06%
Gli2(Zf)/GM2-Gli2-ChIP-Chip(GSE112702)/Homer,YSTGGGTGGTCT,1.00E+00,-1.55E+00,1,7,6.80%,1349,4.71%
Zac1(Zf)/Neuro2A-Plagl1-ChIP-Seq(GSE75942)/Homer,HAWGRGGCCM,1.00E+00,-1.54E+00,1,52,50.49%,13202.3,46.10%
Hoxa11(Homeobox)/ChickenMSG-Hoxa11.Flag-ChIP-Seq(GSE86088)/Homer,TTTTATGGCM,1.00E+00,-1.54E+00,1,26,25.24%,6179.1,21.57%
ZNF467(Zf)/HEK293-ZNF467.GFP-ChIP-Seq(GSE58341)/Homer,TGGGGAAGGGCM,1.00E+00,-1.52E+00,1,28,27.18%,6725,23.48%
Usf2(bHLH)/C2C12-Usf2-ChIP-Seq(GSE36030)/Homer,GTCACGTGGT,1.00E+00,-1.52E+00,1,9,8.74%,1843.8,6.44%
Bcl6(Zf)/Liver-Bcl6-ChIP-Seq(GSE31578)/Homer,NNNCTTTCCAGGAAA,1.00E+00,-1.51E+00,1,21,20.39%,4894.8,17.09%
CHR(?)/Hela-CellCycle-Expression/Homer,SRGTTTCAAA,1.00E+00,-1.49E+00,1,8,7.77%,1614.9,5.64%
Ptf1a(bHLH)/Panc1-Ptf1a-ChIP-Seq(GSE47459)/Homer,ACAGCTGTTN,1.00E+00,-1.47E+00,1,46,44.66%,11626.2,40.59%
NPAS(bHLH)/Liver-NPAS-ChIP-Seq(GSE39860)/Homer,NVCACGTG,1.00E+00,-1.45E+00,1,24,23.30%,5731.5,20.01%
Ap4(bHLH)/AML-Tfap4-ChIP-Seq(GSE45738)/Homer,NAHCAGCTGD,1.00E+00,-1.44E+00,1,24,23.30%,5734.2,20.02%
PU.1(ETS)/ThioMac-PU.1-ChIP-Seq(GSE21512)/Homer,AGAGGAAGTG,1.00E+00,-1.44E+00,1,12,11.65%,2630.7,9.19%
Slug(Zf)/Mesoderm-Snai2-ChIP-Seq(GSE61475)/Homer,SNGCACCTGCHS,1.00E+00,-1.44E+00,1,13,12.62%,2883.9,10.07%
"Oct2(POU,Homeobox)/Bcell-Oct2-ChIP-Seq(GSE21512)/Homer",ATATGCAAAT,1.00E+00,-1.44E+00,1,4,3.88%,689.6,2.41%
MyoD(bHLH)/Myotube-MyoD-ChIP-Seq(GSE21614)/Homer,RRCAGCTGYTSY,1.00E+00,-1.43E+00,1,18,17.48%,4174.4,14.57%
SCRT1(Zf)/HEK293-SCRT1.eGFP-ChIP-Seq(Encode)/Homer,GCAACAGGTG,1.00E+00,-1.41E+00,1,6,5.83%,1165.5,4.07%
Erra(NR)/HepG2-Erra-ChIP-Seq(GSE31477)/Homer,CAAAGGTCAG,1.00E+00,-1.39E+00,1,36,34.95%,8987.7,31.38%
Myf5(bHLH)/GM-Myf5-ChIP-Seq(GSE24852)/Homer,BAACAGCTGT,1.00E+00,-1.38E+00,1,15,14.56%,3435.2,11.99%
Nur77(NR)/K562-NR4A1-ChIP-Seq(GSE31363)/Homer,TGACCTTTNCNT,1.00E+00,-1.37E+00,1,3,2.91%,484,1.69%
Sox17(HMG)/Endoderm-Sox17-ChIP-Seq(GSE61475)/Homer,CCATTGTTYB,1.00E+00,-1.36E+00,1,9,8.74%,1926.3,6.73%
Zfp57(Zf)/H1-ZFP57.HA-ChIP-Seq(GSE115387)/Homer,NANTGCSGCA,1.00E+00,-1.35E+00,1,15,14.56%,3456.7,12.07%
c-Myc(bHLH)/LNCAP-cMyc-ChIP-Seq(Unpublished)/Homer,VCCACGTG,1.00E+00,-1.34E+00,1,15,14.56%,3463.7,12.09%
En1(Homeobox)/SUM149-EN1-ChIP-Seq(GSE120957)/Homer,NDCTAATTAS,1.00E+00,-1.34E+00,1,24,23.30%,5828.8,20.35%
BMYB(HTH)/Hela-BMYB-ChIP-Seq(GSE27030)/Homer,NHAACBGYYV,1.00E+00,-1.33E+00,1,25,24.27%,6104.4,21.31%
Tcf12(bHLH)/GM12878-Tcf12-ChIP-Seq(GSE32465)/Homer,VCAGCTGYTG,1.00E+00,-1.32E+00,1,22,21.36%,5311.3,18.54%
Rfx6(HTH)/Min6b1-Rfx6.HA-ChIP-Seq(GSE62844)/Homer,TGTTKCCTAGCAACM,1.00E+00,-1.30E+00,1,24,23.30%,5863.6,20.47%
"Fox:Ebox(Forkhead,bHLH)/Panc1-Foxa2-ChIP-Seq(GSE47459)/Homer",NNNVCTGWGYAAACASN,1.00E+00,-1.28E+00,1,12,11.65%,2736.2,9.55%
PBX1(Homeobox)/MCF7-PBX1-ChIP-Seq(GSE28007)/Homer,GSCTGTCACTCA,1.00E+00,-1.27E+00,1,3,2.91%,511.7,1.79%
CLOCK(bHLH)/Liver-Clock-ChIP-Seq(GSE39860)/Homer,GHCACGTG,1.00E+00,-1.27E+00,1,13,12.62%,3001.9,10.48%
E2A(bHLH)/proBcell-E2A-ChIP-Seq(GSE21978)/Homer,DNRCAGCTGY,1.00E+00,-1.25E+00,1,30,29.13%,7513.2,26.23%
Tcf21(bHLH)/ArterySmoothMuscle-Tcf21-ChIP-Seq(GSE61369)/Homer,NAACAGCTGG,1.00E+00,-1.25E+00,1,19,18.45%,4581.4,16.00%
PRDM14(Zf)/H1-PRDM14-ChIP-Seq(GSE22767)/Homer,RGGTCTCTAACY,1.00E+00,-1.25E+00,1,6,5.83%,1237.2,4.32%
ZEB1(Zf)/PDAC-ZEB1-ChIP-Seq(GSE64557)/Homer,VCAGGTRDRY,1.00E+00,-1.23E+00,1,29,28.16%,7270.8,25.39%
AMYB(HTH)/Testes-AMYB-ChIP-Seq(GSE44588)/Homer,TGGCAGTTGG,1.00E+00,-1.22E+00,1,25,24.27%,6209.5,21.68%
Tgif2(Homeobox)/mES-Tgif2-ChIP-Seq(GSE55404)/Homer,TGTCANYT,1.00E+00,-1.21E+00,1,43,41.75%,11094.9,38.74%
HOXB13(Homeobox)/ProstateTumor-HOXB13-ChIP-Seq(GSE56288)/Homer,TTTTATKRGG,1.00E+00,-1.20E+00,1,12,11.65%,2788.6,9.74%
TEAD2(TEA)/Py2T-Tead2-ChIP-Seq(GSE55709)/Homer,CCWGGAATGY,1.00E+00,-1.20E+00,1,8,7.77%,1764.6,6.16%
MYNN(Zf)/HEK293-MYNN.eGFP-ChIP-Seq(Encode)/Homer,TTCAAAWTAAAAGTC,1.00E+00,-1.17E+00,1,3,2.91%,541.5,1.89%
"OCT4-SOX2-TCF-NANOG(POU,Homeobox,HMG)/mES-Oct4-ChIP-Seq(GSE11431)/Homer",ATTTGCATAACAATG,1.00E+00,-1.17E+00,1,2,1.94%,313,1.09%
Eomes(T-box)/H9-Eomes-ChIP-Seq(GSE26097)/Homer,ATTAACACCT,1.00E+00,-1.16E+00,1,25,24.27%,6264.2,21.87%
ZNF189(Zf)/HEK293-ZNF189.GFP-ChIP-Seq(GSE58341)/Homer,TGGAACAGMA,1.00E+00,-1.16E+00,1,14,13.59%,3341.6,11.67%
Rbpj1(?)/Panc1-Rbpj1-ChIP-Seq(GSE47459)/Homer,HTTTCCCASG,1.00E+00,-1.16E+00,1,24,23.30%,5997.1,20.94%
NFE2L2(bZIP)/HepG2-NFE2L2-ChIP-Seq(Encode)/Homer,AWWWTGCTGAGTCAT,1.00E+00,-1.13E+00,1,1,0.97%,107.5,0.38%
MafA(bZIP)/Islet-MafA-ChIP-Seq(GSE30298)/Homer,TGCTGACTCA,1.00E+00,-1.13E+00,1,14,13.59%,3364.6,11.75%
Foxh1(Forkhead)/hESC-FOXH1-ChIP-Seq(GSE29422)/Homer,NNTGTGGATTSS,1.00E+00,-1.12E+00,1,7,6.80%,1552,5.42%
HEB(bHLH)/mES-Heb-ChIP-Seq(GSE53233)/Homer,VCAGCTGBNN,1.00E+00,-1.12E+00,1,36,34.95%,9283.8,32.41%
Pit1(Homeobox)/GCrat-Pit1-ChIP-Seq(GSE58009)/Homer,ATGMATATDC,1.00E+00,-1.12E+00,1,8,7.77%,1810.1,6.32%
CEBP:AP1(bZIP)/ThioMac-CEBPb-ChIP-Seq(GSE21512)/Homer,DRTGTTGCAA,1.00E+00,-1.11E+00,1,9,8.74%,2070.2,7.23%
Pitx1(Homeobox)/Chicken-Pitx1-ChIP-Seq(GSE38910)/Homer,TAATCCCN,1.00E+00,-1.10E+00,1,49,47.57%,12883.3,44.98%
RUNX(Runt)/HPC7-Runx1-ChIP-Seq(GSE22178)/Homer,SAAACCACAG,1.00E+00,-1.07E+00,1,11,10.68%,2620.6,9.15%
THRa(NR)/C17.2-THRa-ChIP-Seq(GSE38347)/Homer,GGTCANYTGAGGWCA,1.00E+00,-1.07E+00,1,8,7.77%,1839.4,6.42%
"RAR:RXR(NR),DR5/ES-RAR-ChIP-Seq(GSE56893)/Homer",RGGTCADNNAGAGGTCAV,1.00E+00,-1.07E+00,1,1,0.97%,116.9,0.41%
NFY(CCAAT)/Promoter/Homer,RGCCAATSRG,1.00E+00,-1.06E+00,1,25,24.27%,6367.5,22.23%
Tcf7(HMG)/GM12878-TCF7-ChIP-Seq(Encode)/Homer,CTTTGATGTGSB,1.00E+00,-1.05E+00,1,4,3.88%,831.8,2.90%
Ascl2(bHLH)/ESC-Ascl2-ChIP-Seq(GSE97712)/Homer,SSRGCAGCTGCH,1.00E+00,-1.04E+00,1,24,23.30%,6125.5,21.39%
Six2(Homeobox)/NephronProgenitor-Six2-ChIP-Seq(GSE39837)/Homer,GWAAYHTGAKMC,1.00E+00,-1.03E+00,1,13,12.62%,3178.7,11.10%
THRb(NR)/Liver-NR1A2-ChIP-Seq(GSE52613)/Homer,TRAGGTCA,1.00E+00,-1.03E+00,1,55,53.40%,14635,51.10%
HIF-1a(bHLH)/MCF7-HIF1a-ChIP-Seq(GSE28352)/Homer,TACGTGCV,1.00E+00,-1.03E+00,1,6,5.83%,1350.6,4.72%
GLI3(Zf)/Limb-GLI3-ChIP-Chip(GSE11077)/Homer,CGTGGGTGGTCC,1.00E+00,-1.02E+00,1,3,2.91%,593.8,2.07%
KLF3(Zf)/MEF-Klf3-ChIP-Seq(GSE44748)/Homer,NRGCCCCRCCCHBNN,1.00E+00,-1.02E+00,1,35,33.98%,9138.5,31.91%
Pdx1(Homeobox)/Islet-Pdx1-ChIP-Seq(SRA008281)/Homer,YCATYAATCA,1.00E+00,-1.01E+00,1,8,7.77%,1881.3,6.57%
HIF-1b(HLH)/T47D-HIF1b-ChIP-Seq(GSE59937)/Homer,RTACGTGC,1.00E+00,-9.91E-01,1,23,22.33%,5904.7,20.62%
"RBPJ:Ebox(?,bHLH)/Panc1-Rbpj1-ChIP-Seq(GSE47459)/Homer",GGGRAARRGRMCAGMTG,1.00E+00,-9.90E-01,1,6,5.83%,1370.4,4.78%
Cdx2(Homeobox)/mES-Cdx2-ChIP-Seq(GSE14586)/Homer,GYMATAAAAH,1.00E+00,-9.88E-01,1,6,5.83%,1371.2,4.79%
HINFP(Zf)/K562-HINFP.eGFP-ChIP-Seq(Encode)/Homer,TWVGGTCCGC,1.00E+00,-9.81E-01,1,13,12.62%,3223.5,11.25%
Max(bHLH)/K562-Max-ChIP-Seq(GSE31477)/Homer,RCCACGTGGYYN,1.00E+00,-9.75E-01,1,12,11.65%,2963,10.35%
SCL(bHLH)/HPC7-Scl-ChIP-Seq(GSE13511)/Homer,AVCAGCTG,1.00E+00,-9.71E-01,1,67,65.05%,18058.7,63.05%
Rfx1(HTH)/NPC-H3K4me1-ChIP-Seq(GSE16256)/Homer,KGTTGCCATGGCAA,1.00E+00,-9.58E-01,1,6,5.83%,1389.9,4.85%
Smad3(MAD)/NPC-Smad3-ChIP-Seq(GSE36673)/Homer,TWGTCTGV,1.00E+00,-9.49E-01,1,48,46.60%,12809.6,44.72%
DLX2(Homeobox)/BasalGanglia-Dlx2-ChIP-seq(GSE124936)/Homer,NNNTAATTAS,1.00E+00,-9.46E-01,1,14,13.59%,3522.2,12.30%
PU.1-IRF(ETS:IRF)/Bcell-PU.1-ChIP-Seq(GSE21512)/Homer,MGGAAGTGAAAC,1.00E+00,-9.45E-01,1,22,21.36%,5685.9,19.85%
Tbr1(T-box)/Cortex-Tbr1-ChIP-Seq(GSE71384)/Homer,AAGGTGTKAA,1.00E+00,-9.42E-01,1,16,15.53%,4064.6,14.19%
ZNF692(Zf)/HEK293-ZNF692.GFP-ChIP-Seq(GSE58341)/Homer,GTGGGCCCCA,1.00E+00,-9.35E-01,1,4,3.88%,882.3,3.08%
GRHL2(CP2)/HBE-GRHL2-ChIP-Seq(GSE46194)/Homer,AAACYKGTTWDACMRGTTTB,1.00E+00,-9.32E-01,1,5,4.85%,1143.5,3.99%
Foxo1(Forkhead)/RAW-Foxo1-ChIP-Seq(Fan_et_al.)/Homer,CTGTTTAC,1.00E+00,-9.12E-01,1,25,24.27%,6540.4,22.84%
"Brn2(POU,Homeobox)/NPC-Brn2-ChIP-Seq(GSE35496)/Homer",ATGAATATTC,1.00E+00,-9.11E-01,1,1,0.97%,142.5,0.50%
ZNF675(Zf)/HEK293-ZNF675.GFP-ChIP-Seq(GSE58341)/Homer,ARGAGGMCAAAATGW,1.00E+00,-9.08E-01,1,2,1.94%,384.4,1.34%
n-Myc(bHLH)/mES-nMyc-ChIP-Seq(GSE11431)/Homer,VRCCACGTGG,1.00E+00,-8.89E-01,1,14,13.59%,3577.3,12.49%
DMRT6(DM)/Testis-DMRT6-ChIP-Seq(GSE60440)/Homer,YDGHTACAWTGTADC,1.00E+00,-8.80E-01,1,2,1.94%,393.5,1.37%
"GATA:SCL(Zf,bHLH)/Ter119-SCL-ChIP-Seq(GSE18720)/Homer",CRGCTGBNGNSNNSAGATAA,1.00E+00,-8.74E-01,1,2,1.94%,395.5,1.38%
ZNF669(Zf)/HEK293-ZNF669.GFP-ChIP-Seq(GSE58341)/Homer,GARTGGTCATCGCCC,1.00E+00,-8.74E-01,1,2,1.94%,395.4,1.38%
MafB(bZIP)/BMM-Mafb-ChIP-Seq(GSE75722)/Homer,WNTGCTGASTCAGCANWTTY,1.00E+00,-8.70E-01,1,5,4.85%,1178.6,4.12%
Hoxa9(Homeobox)/ChickenMSG-Hoxa9.Flag-ChIP-Seq(GSE86088)/Homer,RGCAATNAAA,1.00E+00,-8.60E-01,1,32,31.07%,8526.9,29.77%
"PAX5(Paired,Homeobox)/GM12878-PAX5-ChIP-Seq(GSE32465)/Homer",GCAGCCAAGCRTGACH,1.00E+00,-8.55E-01,1,8,7.77%,1989.2,6.95%
"NFAT:AP1(RHD,bZIP)/Jurkat-NFATC1-ChIP-Seq(Jolma_et_al.)/Homer",SARTGGAAAAWRTGAGTCAB,1.00E+00,-8.51E-01,1,2,1.94%,403.2,1.41%
Nr5a2(NR)/mES-Nr5a2-ChIP-Seq(GSE19019)/Homer,BTCAAGGTCA,1.00E+00,-8.50E-01,1,8,7.77%,1993.8,6.96%
KLF14(Zf)/HEK293-KLF14.GFP-ChIP-Seq(GSE58341)/Homer,RGKGGGCGKGGC,1.00E+00,-8.31E-01,1,67,65.05%,18258,63.75%
FoxL2(Forkhead)/Ovary-FoxL2-ChIP-Seq(GSE60858)/Homer,WWTRTAAACAVG,1.00E+00,-8.30E-01,1,7,6.80%,1739.1,6.07%
ZEB2(Zf)/SNU398-ZEB2-ChIP-Seq(GSE103048)/Homer,GNMCAGGTGTGC,1.00E+00,-8.14E-01,1,17,16.50%,4472.9,15.62%
LEF1(HMG)/H1-LEF1-ChIP-Seq(GSE64758)/Homer,CCTTTGATST,1.00E+00,-8.14E-01,1,7,6.80%,1752,6.12%
Twist2(bHLH)/Myoblast-Twist2.Ty1-ChIP-Seq(GSE127998)/Homer,MCAGCTGBYH,1.00E+00,-8.09E-01,1,26,25.24%,6947.8,24.26%
BHLHA15(bHLH)/NIH3T3-BHLHB8.HA-ChIP-Seq(GSE119782)/Homer,NAMCAGCTGK,1.00E+00,-8.05E-01,1,21,20.39%,5579.4,19.48%
ZNF768(Zf)/Rajj-ZNF768-ChIP-Seq(GSE111879)/Homer,RHHCAGAGAGGB,1.00E+00,-7.99E-01,1,1,0.97%,165.8,0.58%
Arnt:Ahr(bHLH)/MCF7-Arnt-ChIP-Seq(Lo_et_al.)/Homer,TBGCACGCAA,1.00E+00,-7.92E-01,1,15,14.56%,3949.5,13.79%
Hoxd13(Homeobox)/ChickenMSG-Hoxd13.Flag-ChIP-Seq(GSE86088)/Homer,NCYAATAAAA,1.00E+00,-7.87E-01,1,15,14.56%,3955.6,13.81%
PRDM9(Zf)/Testis-DMC1-ChIP-Seq(GSE35498)/Homer,ADGGYAGYAGCATCT,1.00E+00,-7.80E-01,1,7,6.80%,1777.1,6.20%
Sox15(HMG)/CPA-Sox15-ChIP-Seq(GSE62909)/Homer,RAACAATGGN,1.00E+00,-7.78E-01,1,12,11.65%,3143.2,10.97%
bHLHE40(bHLH)/HepG2-BHLHE40-ChIP-Seq(GSE31477)/Homer,KCACGTGMCN,1.00E+00,-7.75E-01,1,8,7.77%,2053.5,7.17%
Lhx2(Homeobox)/HFSC-Lhx2-ChIP-Seq(GSE48068)/Homer,TAATTAGN,1.00E+00,-7.74E-01,1,9,8.74%,2327.1,8.13%
Hoxd12(Homeobox)/ChickenMSG-Hoxd12.Flag-ChIP-Seq(GSE86088)/Homer,HDGYAATGAAAN,1.00E+00,-7.64E-01,1,16,15.53%,4256.7,14.86%
TEAD3(TEA)/HepG2-TEAD3-ChIP-Seq(Encode)/Homer,TRCATTCCAG,1.00E+00,-7.61E-01,1,13,12.62%,3435.4,11.99%
Foxo3(Forkhead)/U2OS-Foxo3-ChIP-Seq(E-MTAB-2701)/Homer,DGTAAACA,1.00E+00,-7.51E-01,1,7,6.80%,1800.1,6.28%
"OCT:OCT(POU,Homeobox)/NPC-OCT6-ChIP-Seq(GSE43916)/Homer",YATGCATATRCATRT,1.00E+00,-7.29E-01,1,1,0.97%,182.1,0.64%
Klf4(Zf)/mES-Klf4-ChIP-Seq(GSE11431)/Homer,GCCACACCCA,1.00E+00,-7.27E-01,1,20,19.42%,5405.8,18.87%
Gata6(Zf)/HUG1N-GATA6-ChIP-Seq(GSE51936)/Homer,YCTTATCTBN,1.00E+00,-7.26E-01,1,8,7.77%,2095.8,7.32%
DMRT1(DM)/Testis-DMRT1-ChIP-Seq(GSE64892)/Homer,TWGHWACAWTGTWDC,1.00E+00,-7.18E-01,1,2,1.94%,454.3,1.59%
HIC1(Zf)/Treg-ZBTB29-ChIP-Seq(GSE99889)/Homer,TGCCAGCB,1.00E+00,-7.15E-01,1,39,37.86%,10680.1,37.29%
FOXA1(Forkhead)/MCF7-FOXA1-ChIP-Seq(GSE26831)/Homer,WAAGTAAACA,1.00E+00,-7.03E-01,1,8,7.77%,2116.7,7.39%
RUNX-AML(Runt)/CD4+-PolII-ChIP-Seq(Barski_et_al.)/Homer,GCTGTGGTTW,1.00E+00,-7.02E-01,1,9,8.74%,2393.3,8.36%
FOXA1(Forkhead)/LNCAP-FOXA1-ChIP-Seq(GSE27824)/Homer,WAAGTAAACA,1.00E+00,-6.98E-01,1,10,9.71%,2674.4,9.34%
MafF(bZIP)/HepG2-MafF-ChIP-Seq(GSE31477)/Homer,HWWGTCAGCAWWTTT,1.00E+00,-6.94E-01,1,2,1.94%,464.8,1.62%
Sp1(Zf)/Promoter/Homer,GGCCCCGCCCCC,1.00E+00,-6.90E-01,1,30,29.13%,8227.3,28.73%
Rfx5(HTH)/GM12878-Rfx5-ChIP-Seq(GSE31477)/Homer,SCCTAGCAACAG,1.00E+00,-6.88E-01,1,7,6.80%,1852.9,6.47%
Snail1(Zf)/LS174T-SNAIL1.HA-ChIP-Seq(GSE127183)/Homer,TRCACCTGCY,1.00E+00,-6.87E-01,1,15,14.56%,4072.4,14.22%
AP-2alpha(AP2)/Hela-AP2alpha-ChIP-Seq(GSE31477)/Homer,ATGCCCTGAGGC,1.00E+00,-6.87E-01,1,21,20.39%,5736.7,20.03%
Sp5(Zf)/mES-Sp5.Flag-ChIP-Seq(GSE72989)/Homer,RGKGGGCGGAGC,1.00E+00,-6.75E-01,1,54,52.43%,14906.7,52.05%
Hoxd10(Homeobox)/ChickenMSG-Hoxd10.Flag-ChIP-Seq(GSE86088)/Homer,GGCMATGAAA,1.00E+00,-6.71E-01,1,11,10.68%,2980.1,10.40%
Zic(Zf)/Cerebellum-ZIC1.2-ChIP-Seq(GSE60731)/Homer,CCTGCTGAGH,1.00E+00,-6.68E-01,1,17,16.50%,4652.6,16.24%
Tcfcp2l1(CP2)/mES-Tcfcp2l1-ChIP-Seq(GSE11431)/Homer,NRAACCRGTTYRAACCRGYT,1.00E+00,-6.68E-01,1,3,2.91%,755.8,2.64%
KLF10(Zf)/HEK293-KLF10.GFP-ChIP-Seq(GSE58341)/Homer,GGGGGTGTGTCC,1.00E+00,-6.65E-01,1,21,20.39%,5768.2,20.14%
Six1(Homeobox)/Myoblast-Six1-ChIP-Chip(GSE20150)/Homer,GKVTCADRTTWC,1.00E+00,-6.64E-01,1,3,2.91%,757.9,2.65%
AP-2gamma(AP2)/MCF7-TFAP2C-ChIP-Seq(GSE21234)/Homer,SCCTSAGGSCAW,1.00E+00,-6.63E-01,1,27,26.21%,7438.3,25.97%
LRF(Zf)/Erythroblasts-ZBTB7A-ChIP-Seq(GSE74977)/Homer,AAGACCCYYN,1.00E+00,-6.63E-01,1,37,35.92%,10214.5,35.66%
IRF3(IRF)/BMDM-Irf3-ChIP-Seq(GSE67343)/Homer,AGTTTCAKTTTC,1.00E+00,-6.62E-01,1,4,3.88%,1038.3,3.63%
FOXK2(Forkhead)/U2OS-FOXK2-ChIP-Seq(E-MTAB-2204)/Homer,SCHTGTTTACAT,1.00E+00,-6.60E-01,1,6,5.83%,1598.8,5.58%
Hoxa10(Homeobox)/ChickenMSG-Hoxa10.Flag-ChIP-Seq(GSE86088)/Homer,GGYAATGAAA,1.00E+00,-6.48E-01,1,5,4.85%,1328.9,4.64%
Smad4(MAD)/ESC-SMAD4-ChIP-Seq(GSE29422)/Homer,VBSYGTCTGG,1.00E+00,-6.38E-01,1,28,27.18%,7756.5,27.08%
Srebp1a(bHLH)/HepG2-Srebp1a-ChIP-Seq(GSE31477)/Homer,RTCACSCCAY,1.00E+00,-6.26E-01,1,3,2.91%,780.6,2.73%
Unknown-ESC-element(?)/mES-Nanog-ChIP-Seq(GSE11724)/Homer,CACAGCAGGGGG,1.00E+00,-6.11E-01,1,11,10.68%,3049.2,10.65%
Mef2d(MADS)/Retina-Mef2d-ChIP-Seq(GSE61391)/Homer,GCTATTTTTAGC,1.00E+00,-5.98E-01,1,2,1.94%,511,1.78%
KLF1(Zf)/HUDEP2-KLF1-CutnRun(GSE136251)/Homer,VDGGGYGGGGCY,1.00E+00,-5.96E-01,1,48,46.60%,13392.2,46.76%
Foxa2(Forkhead)/Liver-Foxa2-ChIP-Seq(GSE25694)/Homer,CYTGTTTACWYW,1.00E+00,-5.95E-01,1,7,6.80%,1939.8,6.77%
Sox10(HMG)/SciaticNerve-Sox3-ChIP-Seq(GSE35132)/Homer,CCWTTGTYYB,1.00E+00,-5.88E-01,1,19,18.45%,5325.9,18.60%
IRF:BATF(IRF:bZIP)/pDC-Irf8-ChIP-Seq(GSE66899)/Homer,CTTTCANTATGACTV,1.00E+00,-5.85E-01,1,1,0.97%,225.4,0.79%
Foxf1(Forkhead)/Lung-Foxf1-ChIP-Seq(GSE77951)/Homer,WWATRTAAACAN,1.00E+00,-5.77E-01,1,7,6.80%,1957.9,6.84%
"E2A(bHLH),near_PU.1/Bcell-PU.1-ChIP-Seq(GSE21512)/Homer",NVCACCTGBN,1.00E+00,-5.76E-01,1,23,22.33%,6465.2,22.57%
FOXK1(Forkhead)/HEK293-FOXK1-ChIP-Seq(GSE51673)/Homer,NVWTGTTTAC,1.00E+00,-5.67E-01,1,9,8.74%,2536.8,8.86%
Tlx?(NR)/NPC-H3K4me1-ChIP-Seq(GSE16256)/Homer,CTGGCAGSCTGCCA,1.00E+00,-5.65E-01,1,7,6.80%,1969,6.87%
Phox2a(Homeobox)/Neuron-Phox2a-ChIP-Seq(GSE31456)/Homer,YTAATYNRATTA,1.00E+00,-5.64E-01,1,2,1.94%,528.5,1.85%
HIF2a(bHLH)/785_O-HIF2a-ChIP-Seq(GSE34871)/Homer,GCACGTACCC,1.00E+00,-5.63E-01,1,6,5.83%,1685,5.88%
IRF2(IRF)/Erythroblas-IRF2-ChIP-Seq(GSE36985)/Homer,GAAASYGAAASY,1.00E+00,-5.62E-01,1,2,1.94%,529.9,1.85%
PRDM15(Zf)/ESC-Prdm15-ChIP-Seq(GSE73694)/Homer,YCCDNTCCAGGTTTT,1.00E+00,-5.56E-01,1,16,15.53%,4531.8,15.82%
ZNF322(Zf)/HEK293-ZNF322.GFP-ChIP-Seq(GSE58341)/Homer,GAGCCTGGTACTGWGCCTGR,1.00E+00,-5.55E-01,1,5,4.85%,1406.3,4.91%
ZSCAN22(Zf)/HEK293-ZSCAN22.GFP-ChIP-Seq(GSE58341)/Homer,SMCAGTCWGAKGGAGGAGGC,1.00E+00,-5.50E-01,1,2,1.94%,536.8,1.87%
EBF(EBF)/proBcell-EBF-ChIP-Seq(GSE21978)/Homer,DGTCCCYRGGGA,1.00E+00,-5.49E-01,1,4,3.88%,1122.1,3.92%
"Oct4:Sox17(POU,Homeobox,HMG)/F9-Sox17-ChIP-Seq(GSE44553)/Homer",CCATTGTATGCAAAT,1.00E+00,-5.46E-01,1,1,0.97%,239.6,0.84%
TCF4(bHLH)/SHSY5Y-TCF4-ChIP-Seq(GSE96915)/Homer,SMCATCTGKH,1.00E+00,-5.41E-01,1,20,19.42%,5683.8,19.84%
Tbx6(T-box)/ESC-Tbx6-ChIP-Seq(GSE93524)/Homer,DAGGTGTBAA,1.00E+00,-5.35E-01,1,14,13.59%,3997.5,13.96%
PBX2(Homeobox)/K562-PBX2-ChIP-Seq(Encode)/Homer,RTGATTKATRGN,1.00E+00,-5.31E-01,1,7,6.80%,2005.1,7.00%
Bcl11a(Zf)/HSPC-BCL11A-ChIP-Seq(GSE104676)/Homer,TYTGACCASWRG,1.00E+00,-5.30E-01,1,10,9.71%,2867.6,10.01%
TRPS1(Zf)/MCF7-TRPS1-ChIP-Seq(GSE107013)/Homer,AGATAAGANN,1.00E+00,-5.22E-01,1,16,15.53%,4584.1,16.01%
Zic3(Zf)/mES-Zic3-ChIP-Seq(GSE37889)/Homer,GGCCYCCTGCTGDGH,1.00E+00,-5.19E-01,1,14,13.59%,4022.4,14.04%
Tbx21(T-box)/GM12878-TBX21-ChIP-Seq(Encode)/Homer,AGGTGTGAAA,1.00E+00,-4.96E-01,1,10,9.71%,2911,10.16%
Sox7(HMG)/ESC-Sox7-ChIP-Seq(GSE133899)/Homer,VVRRAACAATGG,1.00E+00,-4.95E-01,1,3,2.91%,871,3.04%
Mef2b(MADS)/HEK293-Mef2b.V5-ChIP-Seq(GSE67450)/Homer,GCTATTTTTGGM,1.00E+00,-4.91E-01,1,7,6.80%,2051.7,7.16%
GATA3(Zf)/iTreg-Gata3-ChIP-Seq(GSE20898)/Homer,AGATAASR,1.00E+00,-4.90E-01,1,12,11.65%,3494.7,12.20%
AP-1(bZIP)/ThioMac-PU.1-ChIP-Seq(GSE21512)/Homer,VTGACTCATC,1.00E+00,-4.89E-01,1,7,6.80%,2053.1,7.17%
"PPARa(NR),DR1/Liver-Ppara-ChIP-Seq(GSE47954)/Homer",VNAGGKCAAAGGTCA,1.00E+00,-4.89E-01,1,15,14.56%,4353.1,15.20%
ISRE(IRF)/ThioMac-LPS-Expression(GSE23622)/Homer,AGTTTCASTTTC,1.00E+00,-4.81E-01,1,1,0.97%,267,0.93%
PRDM10(Zf)/HEK293-PRDM10.eGFP-ChIP-Seq(Encode)/Homer,TGGTACATTCCA,1.00E+00,-4.78E-01,1,8,7.77%,2357.1,8.23%
NFAT(RHD)/Jurkat-NFATC1-ChIP-Seq(Jolma_et_al.)/Homer,ATTTTCCATT,1.00E+00,-4.75E-01,1,8,7.77%,2362.7,8.25%
Lhx3(Homeobox)/Neuron-Lhx3-ChIP-Seq(GSE31456)/Homer,ADBTAATTAR,1.00E+00,-4.72E-01,1,15,14.56%,4382.8,15.30%
Barx1(Homeobox)/Stomach-Barx1.3xFlag-ChIP-Seq(GSE69483)/Homer,AAACMATTAN,1.00E+00,-4.68E-01,1,3,2.91%,892.7,3.12%
WT1(Zf)/Kidney-WT1-ChIP-Seq(GSE90016)/Homer,MCTCCCMCRCAB,1.00E+00,-4.59E-01,1,18,17.48%,5261.7,18.37%
FOXM1(Forkhead)/MCF7-FOXM1-ChIP-Seq(GSE72977)/Homer,TRTTTACTTW,1.00E+00,-4.54E-01,1,8,7.77%,2389.1,8.34%
HNF1b(Homeobox)/PDAC-HNF1B-ChIP-Seq(GSE64557)/Homer,GTTAATNATTAA,1.00E+00,-4.53E-01,1,1,0.97%,279.7,0.98%
Atoh1(bHLH)/Cerebellum-Atoh1-ChIP-Seq(GSE22111)/Homer,VNRVCAGCTGGY,1.00E+00,-4.51E-01,1,16,15.53%,4704.5,16.43%
Sox9(HMG)/Limb-SOX9-ChIP-Seq(GSE73225)/Homer,AGGVNCCTTTGT,1.00E+00,-4.33E-01,1,10,9.71%,3002.5,10.48%
RUNX2(Runt)/PCa-RUNX2-ChIP-Seq(GSE33889)/Homer,NWAACCACADNN,1.00E+00,-4.29E-01,1,9,8.74%,2716.8,9.49%
Mef2c(MADS)/GM12878-Mef2c-ChIP-Seq(GSE32465)/Homer,DCYAAAAATAGM,1.00E+00,-4.25E-01,1,3,2.91%,930.8,3.25%
Fos(bZIP)/TSC-Fos-ChIP-Seq(GSE110950)/Homer,NDATGASTCAYN,1.00E+00,-4.20E-01,1,5,4.85%,1544.6,5.39%
Esrrb(NR)/mES-Esrrb-ChIP-Seq(GSE11431)/Homer,KTGACCTTGA,1.00E+00,-4.14E-01,1,7,6.80%,2148.7,7.50%
NF1(CTF)/LNCAP-NF1-ChIP-Seq(Unpublished)/Homer,CYTGGCABNSTGCCAR,1.00E+00,-4.12E-01,1,7,6.80%,2151.6,7.51%
Lhx1(Homeobox)/EmbryoCarcinoma-Lhx1-ChIP-Seq(GSE70957)/Homer,NNYTAATTAR,1.00E+00,-4.09E-01,1,8,7.77%,2452.8,8.56%
Bach2(bZIP)/OCILy7-Bach2-ChIP-Seq(GSE44420)/Homer,TGCTGAGTCA,1.00E+00,-4.07E-01,1,2,1.94%,631.8,2.21%
RORgt(NR)/EL4-RORgt.Flag-ChIP-Seq(GSE56019)/Homer,AAYTAGGTCA,1.00E+00,-4.04E-01,1,1,0.97%,304.3,1.06%
RORgt(NR)/EL4-RORgt.Flag-ChIP-Seq(GSE56019)/Homer,AAYTAGGTCA,1.00E+00,-4.04E-01,1,1,0.97%,304.3,1.06%
Gata4(Zf)/Heart-Gata4-ChIP-Seq(GSE35151)/Homer,NBWGATAAGR,1.00E+00,-3.98E-01,1,8,7.77%,2468.3,8.62%
Gata2(Zf)/K562-GATA2-ChIP-Seq(GSE18829)/Homer,BBCTTATCTS,1.00E+00,-3.97E-01,1,5,4.85%,1571.4,5.49%
ERRg(NR)/Kidney-ESRRG-ChIP-Seq(GSE104905)/Homer,GTGACCTTGRVN,1.00E+00,-3.92E-01,1,10,9.71%,3069.9,10.72%
ZNF341(Zf)/EBV-ZNF341-ChIP-Seq(GSE113194)/Homer,GGAACAGCCG,1.00E+00,-3.87E-01,1,12,11.65%,3665,12.80%
bHLHE41(bHLH)/proB-Bhlhe41-ChIP-Seq(GSE93764)/Homer,KCACGTGMCN,1.00E+00,-3.85E-01,1,24,23.30%,7125.8,24.88%
Tcf3(HMG)/mES-Tcf3-ChIP-Seq(GSE11724)/Homer,ASWTCAAAGG,1.00E+00,-3.76E-01,1,2,1.94%,656.7,2.29%
ZNF415(Zf)/HEK293-ZNF415.GFP-ChIP-Seq(GSE58341)/Homer,GRTGMTRGAGCC,1.00E+00,-3.76E-01,1,10,9.71%,3095.2,10.81%
NeuroG2(bHLH)/Fibroblast-NeuroG2-ChIP-Seq(GSE75910)/Homer,ACCATCTGTT,1.00E+00,-3.74E-01,1,19,18.45%,5719.8,19.97%
Znf263(Zf)/K562-Znf263-ChIP-Seq(GSE31477)/Homer,CVGTSCTCCC,1.00E+00,-3.70E-01,1,39,37.86%,11402.9,39.81%
HRE(HSF)/HepG2-HSF1-ChIP-Seq(GSE31477)/Homer,BSTTCTRGAABVTTCYAGAA,1.00E+00,-3.57E-01,1,2,1.94%,673.8,2.35%
Dlx3(Homeobox)/Kerainocytes-Dlx3-ChIP-Seq(GSE89884)/Homer,NDGTAATTAC,1.00E+00,-3.45E-01,1,4,3.88%,1327.3,4.63%
"GRE(NR),IR3/RAW264.7-GRE-ChIP-Seq(Unpublished)/Homer",VAGRACAKWCTGTYC,1.00E+00,-3.43E-01,1,2,1.94%,687,2.40%
GFY(?)/Promoter/Homer,ACTACAATTCCC,1.00E+00,-3.42E-01,1,3,2.91%,1013,3.54%
"ETS:E-box(ETS,bHLH)/HPC7-Scl-ChIP-Seq(GSE22178)/Homer",AGGAARCAGCTG,1.00E+00,-3.42E-01,1,1,0.97%,342.9,1.20%
THRb(NR)/HepG2-THRb.Flag-ChIP-Seq(Encode)/Homer,GGTCACCTGAGGTCA,1.00E+00,-3.42E-01,1,9,8.74%,2858.3,9.98%
"bZIP:IRF(bZIP,IRF)/Th17-BatF-ChIP-Seq(GSE39756)/Homer",NAGTTTCABTHTGACTNW,1.00E+00,-3.41E-01,1,3,2.91%,1015.1,3.54%
"NFkB-p50,p52(RHD)/Monocyte-p50-ChIP-Chip(Schreiber_et_al.)/Homer",GGGGGAATCCCC,1.00E+00,-3.34E-01,1,2,1.94%,695,2.43%
CEBP:CEBP(bZIP)/MEF-Chop-ChIP-Seq(GSE35681)/Homer,NTNATGCAAYMNNHTGMAAY,1.00E+00,-3.33E-01,1,1,0.97%,348.9,1.22%
RORa(NR)/Liver-Rora-ChIP-Seq(GSE101115)/Homer,AAWCTAGGTCARDNN,1.00E+00,-3.29E-01,1,1,0.97%,351.9,1.23%
ZBTB18(Zf)/HEK293-ZBTB18.GFP-ChIP-Seq(GSE58341)/Homer,AACATCTGGA,1.00E+00,-3.27E-01,1,6,5.83%,1974.1,6.89%
Fosl2(bZIP)/3T3L1-Fosl2-ChIP-Seq(GSE56872)/Homer,NATGASTCABNN,1.00E+00,-3.27E-01,1,3,2.91%,1031.5,3.60%
GFX(?)/Promoter/Homer,ATTCTCGCGAGA,1.00E+00,-3.25E-01,1,1,0.97%,354.1,1.24%
CTCF(Zf)/CD4+-CTCF-ChIP-Seq(Barski_et_al.)/Homer,AYAGTGCCMYCTRGTGGCCA,1.00E+00,-3.23E-01,1,3,2.91%,1036.7,3.62%
RUNX1(Runt)/Jurkat-RUNX1-ChIP-Seq(GSE29180)/Homer,AAACCACARM,1.00E+00,-3.22E-01,1,11,10.68%,3494.1,12.20%
HRE(HSF)/Striatum-HSF1-ChIP-Seq(GSE38000)/Homer,TTCTAGAABNTTCTA,1.00E+00,-3.15E-01,1,2,1.94%,713.9,2.49%
ZNF264(Zf)/HEK293-ZNF264.GFP-ChIP-Seq(GSE58341)/Homer,RGGGCACTAACY,1.00E+00,-3.13E-01,1,9,8.74%,2912.9,10.17%
"Pitx1:Ebox(Homeobox,bHLH)/Hindlimb-Pitx1-ChIP-Seq(GSE41591)/Homer",YTAATTRAWWCCAGATGT,1.00E+00,-3.11E-01,1,1,0.97%,364.1,1.27%
"PPARE(NR),DR1/3T3L1-Pparg-ChIP-Seq(GSE13511)/Homer",TGACCTTTGCCCCA,1.00E+00,-3.07E-01,1,13,12.62%,4120.6,14.39%
"PAX6(Paired,Homeobox)/Forebrain-Pax6-ChIP-Seq(GSE66961)/Homer",NGTGTTCAVTSAAGCGKAAA,1.00E+00,-3.06E-01,1,1,0.97%,368.6,1.29%
Sp2(Zf)/HEK293-Sp2.eGFP-ChIP-Seq(Encode)/Homer,YGGCCCCGCCCC,1.00E+00,-3.04E-01,1,60,58.25%,17417.3,60.81%
Foxa3(Forkhead)/Liver-Foxa3-ChIP-Seq(GSE77670)/Homer,BSNTGTTTACWYWGN,1.00E+00,-3.02E-01,1,2,1.94%,727.5,2.54%
FoxD3(forkhead)/ZebrafishEmbryo-Foxd3.biotin-ChIP-seq(GSE106676)/Homer,TGTTTAYTTAGC,1.00E+00,-2.97E-01,1,6,5.83%,2023.6,7.07%
Nkx6.1(Homeobox)/Islet-Nkx6.1-ChIP-Seq(GSE40975)/Homer,GKTAATGR,1.00E+00,-2.96E-01,1,18,17.48%,5617.2,19.61%
HLF(bZIP)/HSC-HLF.Flag-ChIP-Seq(GSE69817)/Homer,RTTATGYAAB,1.00E+00,-2.96E-01,1,6,5.83%,2026.2,7.07%
Jun-AP1(bZIP)/K562-cJun-ChIP-Seq(GSE31477)/Homer,GATGASTCATCN,1.00E+00,-2.94E-01,1,2,1.94%,737,2.57%
COUP-TFII(NR)/K562-NR2F1-ChIP-Seq(Encode)/Homer,GKBCARAGGTCA,1.00E+00,-2.90E-01,1,18,17.48%,5633.8,19.67%
IRF4(IRF)/GM12878-IRF4-ChIP-Seq(GSE32465)/Homer,ACTGAAACCA,1.00E+00,-2.88E-01,1,4,3.88%,1406.4,4.91%
CArG(MADS)/PUER-Srf-ChIP-Seq(Sullivan_et_al.)/Homer,CCATATATGGNM,1.00E+00,-2.82E-01,1,3,2.91%,1087.5,3.80%
Smad2(MAD)/ES-SMAD2-ChIP-Seq(GSE29422)/Homer,CTGTCTGG,1.00E+00,-2.76E-01,1,24,23.30%,7415.3,25.89%
Gata1(Zf)/K562-GATA1-ChIP-Seq(GSE18829)/Homer,SAGATAAGRV,1.00E+00,-2.74E-01,1,4,3.88%,1428.1,4.99%
COUP-TFII(NR)/Artia-Nr2f2-ChIP-Seq(GSE46497)/Homer,AGRGGTCA,1.00E+00,-2.70E-01,1,22,21.36%,6854.8,23.93%
FOXP1(Forkhead)/H9-FOXP1-ChIP-Seq(GSE31006)/Homer,NYYTGTTTACHN,1.00E+00,-2.67E-01,1,3,2.91%,1109.4,3.87%
Ascl1(bHLH)/NeuralTubes-Ascl1-ChIP-Seq(GSE55840)/Homer,NNVVCAGCTGBN,1.00E+00,-2.64E-01,1,25,24.27%,7741.9,27.03%
KLF6(Zf)/PDAC-KLF6-ChIP-Seq(GSE64557)/Homer,MKGGGYGTGGCC,1.00E+00,-2.58E-01,1,43,41.75%,12872.2,44.94%
Tbet(T-box)/CD8-Tbet-ChIP-Seq(GSE33802)/Homer,AGGTGTGAAM,1.00E+00,-2.58E-01,1,9,8.74%,3029.7,10.58%
ZBTB12(Zf)/HEK293-ZBTB12.GFP-ChIP-Seq(GSE58341)/Homer,NGNTCTAGAACCNGV,1.00E+00,-2.55E-01,1,5,4.85%,1783.4,6.23%
KLF5(Zf)/LoVo-KLF5-ChIP-Seq(GSE49402)/Homer,DGGGYGKGGC,1.00E+00,-2.52E-01,1,51,49.51%,15119.6,52.79%
NRF1(NRF)/MCF7-NRF1-ChIP-Seq(Unpublished)/Homer,CTGCGCATGCGC,1.00E+00,-2.48E-01,1,10,9.71%,3357.5,11.72%
"RXR(NR),DR1/3T3L1-RXR-ChIP-Seq(GSE13511)/Homer",TAGGGCAAAGGTCA,1.00E+00,-2.48E-01,1,16,15.53%,5162.8,18.03%
Hand2(bHLH)/Mesoderm-Hand2-ChIP-Seq(GSE61475)/Homer,TGACANARRCCAGRC,1.00E+00,-2.48E-01,1,5,4.85%,1796.2,6.27%
Fra1(bZIP)/BT549-Fra1-ChIP-Seq(GSE46166)/Homer,NNATGASTCATH,1.00E+00,-2.46E-01,1,4,3.88%,1474.6,5.15%
E2F6(E2F)/Hela-E2F6-ChIP-Seq(GSE31477)/Homer,GGCGGGAARN,1.00E+00,-2.44E-01,1,17,16.50%,5468.3,19.09%
"ETS:RUNX(ETS,Runt)/Jurkat-RUNX1-ChIP-Seq(GSE17954)/Homer",RCAGGATGTGGT,1.00E+00,-2.44E-01,1,2,1.94%,796.1,2.78%
RARa(NR)/K562-RARa-ChIP-Seq(Encode)/Homer,TTGAMCTTTG,1.00E+00,-2.33E-01,1,32,31.07%,9856.9,34.42%
Hnf6b(Homeobox)/LNCaP-Hnf6b-ChIP-Seq(GSE106305)/Homer,TATTGAYY,1.00E+00,-2.33E-01,1,5,4.85%,1825.6,6.37%
PU.1:IRF8(ETS:IRF)/pDC-Irf8-ChIP-Seq(GSE66899)/Homer,GGAAGTGAAAST,1.00E+00,-2.31E-01,1,2,1.94%,814.7,2.84%
Isl1(Homeobox)/Neuron-Isl1-ChIP-Seq(GSE31456)/Homer,CTAATKGV,1.00E+00,-2.29E-01,1,18,17.48%,5814,20.30%
"GRE(NR),IR3/A549-GR-ChIP-Seq(GSE32465)/Homer",NRGVACABNVTGTYCY,1.00E+00,-2.29E-01,1,1,0.97%,438.8,1.53%
CRX(Homeobox)/Retina-Crx-ChIP-Seq(GSE20012)/Homer,GCTAATCC,1.00E+00,-2.27E-01,1,23,22.33%,7287.9,25.45%
Hoxb4(Homeobox)/ES-Hoxb4-ChIP-Seq(GSE34014)/Homer,TGATTRATGGCY,1.00E+00,-2.24E-01,1,1,0.97%,443.6,1.55%
IRF8(IRF)/BMDM-IRF8-ChIP-Seq(GSE77884)/Homer,GRAASTGAAAST,1.00E+00,-2.22E-01,1,4,3.88%,1518.7,5.30%
ELF3(ETS)/PDAC-ELF3-ChIP-Seq(GSE64557)/Homer,ANCAGGAAGT,1.00E+00,-2.15E-01,1,11,10.68%,3752.1,13.10%
ARE(NR)/LNCAP-AR-ChIP-Seq(GSE27824)/Homer,RGRACASNSTGTYCYB,1.00E+00,-2.11E-01,1,2,1.94%,842,2.94%
EBF2(EBF)/BrownAdipose-EBF2-ChIP-Seq(GSE97114)/Homer,NABTCCCWDGGGAVH,1.00E+00,-2.08E-01,1,14,13.59%,4687,16.36%
JunB(bZIP)/DendriticCells-Junb-ChIP-Seq(GSE36099)/Homer,RATGASTCAT,1.00E+00,-2.02E-01,1,4,3.88%,1558.2,5.44%
"HNF4a(NR),DR1/HepG2-HNF4a-ChIP-Seq(GSE25021)/Homer",CARRGKBCAAAGTYCA,1.00E+00,-1.95E-01,1,5,4.85%,1907.9,6.66%
Prop1(Homeobox)/GHFT1-PROP1.biotin-ChIP-Seq(GSE77302)/Homer,NTAATBNAATTA,1.00E+00,-1.92E-01,1,2,1.94%,873.6,3.05%
Tbx20(T-box)/Heart-Tbx20-ChIP-Seq(GSE29636)/Homer,GGTGYTGACAGS,1.00E+00,-1.90E-01,1,2,1.94%,876.1,3.06%
EBF1(EBF)/Near-E2A-ChIP-Seq(GSE21512)/Homer,GTCCCCWGGGGA,1.00E+00,-1.88E-01,1,19,18.45%,6255.5,21.84%
ZNF165(Zf)/WHIM12-ZNF165-ChIP-Seq(GSE65937)/Homer,AAGGKGRCGCAGGCA,1.00E+00,-1.87E-01,1,2,1.94%,881.6,3.08%
"Reverb(NR),DR2/RAW-Reverba.biotin-ChIP-Seq(GSE45914)/Homer",GTRGGTCASTGGGTCA,1.00E+00,-1.86E-01,1,1,0.97%,489.9,1.71%
Olig2(bHLH)/Neuron-Olig2-ChIP-Seq(GSE30882)/Homer,RCCATMTGTT,1.00E+00,-1.65E-01,1,20,19.42%,6646.8,23.21%
ZNF416(Zf)/HEK293-ZNF416.GFP-ChIP-Seq(GSE58341)/Homer,WDNCTGGGCA,1.00E+00,-1.64E-01,1,20,19.42%,6649.3,23.22%
Ronin(THAP)/ES-Thap11-ChIP-Seq(GSE51522)/Homer,RACTACAACTCCCAGVAKGC,1.00E+00,-1.64E-01,1,2,1.94%,925.8,3.23%
NF1-halfsite(CTF)/LNCaP-NF1-ChIP-Seq(Unpublished)/Homer,YTGCCAAG,1.00E+00,-1.56E-01,1,25,24.27%,8163.8,28.50%
JunD(bZIP)/K562-JunD-ChIP-Seq/Homer,ATGACGTCATCN,1.00E+00,-1.53E-01,1,2,1.94%,946.6,3.31%
E2F3(E2F)/MEF-E2F3-ChIP-Seq(GSE71376)/Homer,BTKGGCGGGAAA,1.00E+00,-1.51E-01,1,19,18.45%,6409.4,22.38%
EWS:FLI1-fusion(ETS)/SK_N_MC-EWS:FLI1-ChIP-Seq(SRA014231)/Homer,VACAGGAAAT,1.00E+00,-1.46E-01,1,11,10.68%,3987.4,13.92%
Fra2(bZIP)/Striatum-Fra2-ChIP-Seq(GSE43429)/Homer,GGATGACTCATC,1.00E+00,-1.41E-01,1,3,2.91%,1350.8,4.72%
E2F1(E2F)/Hela-E2F1-ChIP-Seq(GSE22478)/Homer,CWGGCGGGAA,1.00E+00,-1.40E-01,1,7,6.80%,2724.5,9.51%
c-Jun-CRE(bZIP)/K562-cJun-ChIP-Seq(GSE31477)/Homer,ATGACGTCATCY,1.00E+00,-1.35E-01,1,4,3.88%,1725.1,6.02%
ERG(ETS)/VCaP-ERG-ChIP-Seq(GSE14097)/Homer,ACAGGAAGTG,1.00E+00,-1.34E-01,1,28,27.18%,9155.4,31.97%
"PAX5(Paired,Homeobox),condensed/GM12878-PAX5-ChIP-Seq(GSE32465)/Homer",GTCACGCTCSCTGM,1.00E+00,-1.29E-01,1,1,0.97%,582.7,2.03%
Atf3(bZIP)/GBM-ATF3-ChIP-Seq(GSE33912)/Homer,DATGASTCATHN,1.00E+00,-1.28E-01,1,4,3.88%,1748.9,6.11%
GSC(Homeobox)/FrogEmbryos-GSC-ChIP-Seq(DRA000576)/Homer,RGGATTAR,1.00E+00,-1.28E-01,1,7,6.80%,2772.7,9.68%
"GFY-Staf(?,Zf)/Promoter/Homer",RACTACAATTCCCAGAAKGC,1.00E+00,-1.25E-01,1,2,1.94%,1011.7,3.53%
BATF(bZIP)/Th17-BATF-ChIP-Seq(GSE39756)/Homer,DATGASTCAT,1.00E+00,-1.17E-01,1,4,3.88%,1783.3,6.23%
PR(NR)/T47D-PR-ChIP-Seq(GSE31130)/Homer,VAGRACAKNCTGTBC,1.00E+00,-1.15E-01,1,21,20.39%,7202.2,25.15%
CDX4(Homeobox)/ZebrafishEmbryos-Cdx4.Myc-ChIP-Seq(GSE48254)/Homer,NGYCATAAAWCH,1.00E+00,-1.11E-01,1,5,4.85%,2160.6,7.54%
Zfp281(Zf)/ES-Zfp281-ChIP-Seq(GSE81042)/Homer,CCCCTCCCCCAC,1.00E+00,-1.05E-01,1,6,5.83%,2528.8,8.83%
"OCT:OCT-short(POU,Homeobox)/NPC-OCT6-ChIP-Seq(GSE43916)/Homer",ATGCATWATGCATRW,1.00E+00,-1.05E-01,1,2,1.94%,1069.9,3.74%
EHF(ETS)/LoVo-EHF-ChIP-Seq(GSE49402)/Homer,AVCAGGAAGT,1.00E+00,-1.04E-01,1,20,19.42%,6965,24.32%
STAT1(Stat)/HelaS3-STAT1-ChIP-Seq(GSE12782)/Homer,NATTTCCNGGAAAT,1.00E+00,-1.04E-01,1,2,1.94%,1071.9,3.74%
EAR2(NR)/K562-NR2F6-ChIP-Seq(Encode)/Homer,NRBCARRGGTCA,1.00E+00,-1.01E-01,1,14,13.59%,5144.1,17.96%
AR-halfsite(NR)/LNCaP-AR-ChIP-Seq(GSE27824)/Homer,CCAGGAACAG,1.00E+00,-9.83E-02,1,45,43.69%,14236,49.71%
ZBTB33(Zf)/GM12878-ZBTB33-ChIP-Seq(GSE32465)/Homer,GGVTCTCGCGAGAAC,1.00E+00,-9.29E-02,1,1,0.97%,666.8,2.33%
NeuroD1(bHLH)/Islet-NeuroD1-ChIP-Seq(GSE30298)/Homer,GCCATCTGTT,1.00E+00,-9.18E-02,1,8,7.77%,3268.2,11.41%
NFIL3(bZIP)/HepG2-NFIL3-ChIP-Seq(Encode)/Homer,VTTACGTAAYNNNNN,1.00E+00,-9.12E-02,1,5,4.85%,2243.5,7.83%
SPDEF(ETS)/VCaP-SPDEF-ChIP-Seq(SRA014231)/Homer,ASWTCCTGBT,1.00E+00,-9.02E-02,1,15,14.56%,5525.5,19.29%
"Tbox:Smad(T-box,MAD)/ESCd5-Smad2_3-ChIP-Seq(GSE29422)/Homer",AGGTGHCAGACA,1.00E+00,-8.34E-02,1,1,0.97%,694.7,2.43%
ZNF143|STAF(Zf)/CUTLL-ZNF143-ChIP-Seq(GSE29600)/Homer,ATTTCCCAGVAKSCY,1.00E+00,-8.01E-02,1,5,4.85%,2298.8,8.03%
Stat3(Stat)/mES-Stat3-ChIP-Seq(GSE11431)/Homer,CTTCCGGGAA,1.00E+00,-7.72E-02,1,6,5.83%,2669,9.32%
Otx2(Homeobox)/EpiLC-Otx2-ChIP-Seq(GSE56098)/Homer,NYTAATCCYB,1.00E+00,-7.67E-02,1,4,3.88%,1952.9,6.82%
Hoxc9(Homeobox)/Ainv15-Hoxc9-ChIP-Seq(GSE21812)/Homer,GGCCATAAATCA,1.00E+00,-7.61E-02,1,2,1.94%,1171.3,4.09%
PSE(SNAPc)/K562-mStart-Seq/Homer,WAVTCACCMTAASYDAAAAG,1.00E+00,-7.61E-02,1,2,1.94%,1171.9,4.09%
Etv2(ETS)/ES-ER71-ChIP-Seq(GSE59402)/Homer,NNAYTTCCTGHN,1.00E+00,-7.30E-02,1,16,15.53%,5964.7,20.83%
HNF6(Homeobox)/Liver-Hnf6-ChIP-Seq(ERP000394)/Homer,NTATYGATCH,1.00E+00,-6.67E-02,1,2,1.94%,1213.2,4.24%
STAT5(Stat)/mCD4+-Stat5-ChIP-Seq(GSE12346)/Homer,RTTTCTNAGAAA,1.00E+00,-6.22E-02,1,2,1.94%,1235,4.31%
Atf2(bZIP)/3T3L1-Atf2-ChIP-Seq(GSE56872)/Homer,NRRTGACGTCAT,1.00E+00,-6.14E-02,1,4,3.88%,2039.6,7.12%
NRF(NRF)/Promoter/Homer,STGCGCATGCGC,1.00E+00,-6.08E-02,1,8,7.77%,3469.7,12.11%
Atf1(bZIP)/K562-ATF1-ChIP-Seq(GSE31477)/Homer,GATGACGTCA,1.00E+00,-6.07E-02,1,8,7.77%,3470.9,12.12%
CEBP(bZIP)/ThioMac-CEBPb-ChIP-Seq(GSE21512)/Homer,ATTGCGCAAC,1.00E+00,-4.61E-02,1,3,2.91%,1753.5,6.12%
E2F4(E2F)/K562-E2F4-ChIP-Seq(GSE31477)/Homer,GGCGGGAAAH,1.00E+00,-4.52E-02,1,13,12.62%,5281.3,18.44%
CREB5(bZIP)/LNCaP-CREB5.V5-ChIP-Seq(GSE137775)/Homer,VVATGACGTCAT,1.00E+00,-4.38E-02,1,3,2.91%,1771.3,6.18%
ZNF711(Zf)/SHSY5Y-ZNF711-ChIP-Seq(GSE20673)/Homer,AGGCCTAG,1.00E+00,-4.36E-02,1,31,30.10%,10811.1,37.75%
STAT4(Stat)/CD4-Stat4-ChIP-Seq(GSE22104)/Homer,NYTTCCWGGAAR,1.00E+00,-3.93E-02,1,7,6.80%,3320.2,11.59%
E2F7(E2F)/Hela-E2F7-ChIP-Seq(GSE32673)/Homer,VDTTTCCCGCCA,1.00E+00,-3.90E-02,1,2,1.94%,1382.7,4.83%
ETS1(ETS)/Jurkat-ETS1-ChIP-Seq(GSE17954)/Homer,ACAGGAAGTG,1.00E+00,-3.58E-02,1,18,17.48%,7003.3,24.45%
p63(p53)/Keratinocyte-p63-ChIP-Seq(GSE17611)/Homer,NNDRCATGYCYNRRCATGYH,1.00E+00,-3.58E-02,1,2,1.94%,1409.7,4.92%
Cux2(Homeobox)/Liver-Cux2-ChIP-Seq(GSE35985)/Homer,HNRAATCAAT,1.00E+00,-3.44E-02,1,1,0.97%,927.1,3.24%
"ERE(NR),IR3/MCF7-ERa-ChIP-Seq(Unpublished)/Homer",VAGGTCACNSTGACC,1.00E+00,-2.66E-02,1,1,0.97%,995.3,3.47%
Zfp809(Zf)/ES-Zfp809-ChIP-Seq(GSE70799)/Homer,GGGGCTYGKCTGGGA,1.00E+00,-2.65E-02,1,2,1.94%,1503.4,5.25%
ZFX(Zf)/mES-Zfx-ChIP-Seq(GSE11431)/Homer,AGGCCTRG,1.00E+00,-2.35E-02,1,16,15.53%,6595.3,23.03%
ELF5(ETS)/T47D-ELF5-ChIP-Seq(GSE30407)/Homer,ACVAGGAAGT,1.00E+00,-2.07E-02,1,9,8.74%,4313.4,15.06%
NFkB-p65(RHD)/GM12787-p65-ChIP-Seq(GSE19485)/Homer,WGGGGATTTCCC,1.00E+00,-1.68E-02,1,3,2.91%,2099.8,7.33%
Atf7(bZIP)/3T3L1-Atf7-ChIP-Seq(GSE56872)/Homer,NGRTGACGTCAY,1.00E+00,-1.05E-02,1,4,3.88%,2686.5,9.38%
Stat3+il21(Stat)/CD4-Stat3-ChIP-Seq(GSE19198)/Homer,SVYTTCCNGGAARB,1.00E+00,-1.03E-02,1,5,4.85%,3103.7,10.84%
CUX1(Homeobox)/K562-CUX1-ChIP-Seq(GSE92882)/Homer,TATCGATNAN,1.00E+00,-7.17E-03,1,1,0.97%,1343,4.69%
ZNF519(Zf)/HEK293-ZNF519.GFP-ChIP-Seq(GSE58341)/Homer,GAGSCCGAGC,1.00E+00,-5.64E-03,1,2,1.94%,1970.7,6.88%
CRE(bZIP)/Promoter/Homer,CSGTGACGTCAC,1.00E+00,-5.34E-03,1,3,2.91%,2472.1,8.63%
Elf4(ETS)/BMDM-Elf4-ChIP-Seq(GSE88699)/Homer,ACTTCCKGKT,1.00E+00,-5.31E-03,1,15,14.56%,6980.3,24.37%
ETV1(ETS)/GIST48-ETV1-ChIP-Seq(GSE22441)/Homer,AACCGGAAGT,1.00E+00,-4.14E-03,1,21,20.39%,9047.9,31.59%
ETV4(ETS)/HepG2-ETV4-ChIP-Seq(ENCODE)/Homer,ACCGGAAGTG,1.00E+00,-4.05E-03,1,20,19.42%,8739.5,30.51%
Elk4(ETS)/Hela-Elk4-ChIP-Seq(GSE31477)/Homer,NRYTTCCGGY,1.00E+00,-3.18E-03,1,12,11.65%,6171.8,21.55%
ETS(ETS)/Promoter/Homer,AACCGGAAGT,1.00E+00,-2.78E-03,1,6,5.83%,3979.3,13.89%
Fli1(ETS)/CD8-FLI-ChIP-Seq(GSE20898)/Homer,NRYTTCCGGH,1.00E+00,-1.51E-03,1,18,17.48%,8520.4,29.75%
GABPA(ETS)/Jurkat-GABPa-ChIP-Seq(GSE17954)/Homer,RACCGGAAGT,1.00E+00,-1.29E-03,1,13,12.62%,6883.6,24.03%
EKLF(Zf)/Erythrocyte-Klf1-ChIP-Seq(GSE20478)/Homer,NWGGGTGTGGCY,1.00E+00,-8.13E-04,1,1,0.97%,1914.4,6.68%
Elk1(ETS)/Hela-Elk1-ChIP-Seq(GSE31477)/Homer,HACTTCCGGY,1.00E+00,-5.10E-04,1,10,9.71%,6142.2,21.45%
ELF1(ETS)/Jurkat-ELF1-ChIP-Seq(SRA014231)/Homer,AVCCGGAAGT,1.00E+00,-1.78E-04,1,8,7.77%,5726.9,20.00%
NF-E2(bZIP)/K562-NFE2-ChIP-Seq(GSE31477)/Homer,GATGACTCAGCA,1.00E+00,0.00E+00,1,0,0.00%,174,0.61%
T1ISRE(IRF)/ThioMac-Ifnb-Expression/Homer,ACTTTCGTTTCT,1.00E+00,0.00E+00,1,0,0.00%,46.1,0.16%
"Pax7(Paired,Homeobox),long/Myoblast-Pax7-ChIP-Seq(GSE25064)/Homer",TAATCHGATTAC,1.00E+00,0.00E+00,1,0,0.00%,21.8,0.08%
"GATA3(Zf),DR4/iTreg-Gata3-ChIP-Seq(GSE20898)/Homer",AGATGKDGAGATAAG,1.00E+00,0.00E+00,1,0,0.00%,216.2,0.75%
ZKSCAN1(Zf)/HepG2-ZKSCAN1-ChIP-Seq(Encode)/Homer,GCACAYAGTAGGKCY,1.00E+00,0.00E+00,1,0,0.00%,108.9,0.38%
CTCF-SatelliteElement(Zf?)/CD4+-CTCF-ChIP-Seq(Barski_et_al.)/Homer,TGCAGTTCCMVNWRTGGCCA,1.00E+00,0.00E+00,1,0,0.00%,57.7,0.20%
Mouse_Recombination_Hotspot(Zf)/Testis-DMC1-ChIP-Seq(GSE24438)/Homer,ACTYKNATTCGTGNTACTTC,1.00E+00,0.00E+00,1,0,0.00%,135.3,0.47%
Nrf2(bZIP)/Lymphoblast-Nrf2-ChIP-Seq(GSE37589)/Homer,HTGCTGAGTCAT,1.00E+00,0.00E+00,1,0,0.00%,136.5,0.48%
p53(p53)/Saos-p53-ChIP-Seq(GSE15780)/Homer,RRCATGYCYRGRCATGYYYN,1.00E+00,0.00E+00,1,0,0.00%,231.9,0.81%
p53(p53)/Saos-p53-ChIP-Seq/Homer,RRCATGYCYRGRCATGYYYN,1.00E+00,0.00E+00,1,0,0.00%,231.9,0.81%
ZNF382(Zf)/HEK293-ZNF382.GFP-ChIP-Seq(GSE58341)/Homer,GNCTGTASTRNTGBCTCHTT,1.00E+00,0.00E+00,1,0,0.00%,76.9,0.27%
ZNF317(Zf)/HEK293-ZNF317.GFP-ChIP-Seq(GSE58341)/Homer,GTCWGCTGTYYCTCT,1.00E+00,0.00E+00,1,0,0.00%,301,1.05%
Brachyury(T-box)/Mesoendoderm-Brachyury-ChIP-exo(GSE54963)/Homer,ANTTMRCASBNNNGTGYKAAN,1.00E+00,0.00E+00,1,0,0.00%,777.6,2.71%
ZNF41(Zf)/HEK293-ZNF41.GFP-ChIP-Seq(GSE58341)/Homer,CCTCATGGTGYCYTWYTCCCTTGTG,1.00E+00,0.00E+00,1,0,0.00%,82.9,0.29%
"Pax7(Paired,Homeobox),longest/Myoblast-Pax7-ChIP-Seq(GSE25064)/Homer",NTAATTDGCYAATTANNWWD,1.00E+00,0.00E+00,1,0,0.00%,22.6,0.08%
E2F(E2F)/Hela-CellCycle-Expression/Homer,TTSGCGCGAAAA,1.00E+00,0.00E+00,1,0,0.00%,599.2,2.09%
"FOXA1:AR(Forkhead,NR)/LNCAP-AR-ChIP-Seq(GSE27824)/Homer",AGTAAACAAAAAAGAACAND,1.00E+00,0.00E+00,1,0,0.00%,112,0.39%
"Pax7(Paired,Homeobox)/Myoblast-Pax7-ChIP-Seq(GSE25064)/Homer",TAATCAATTA,1.00E+00,0.00E+00,1,0,0.00%,111.8,0.39%
YY1(Zf)/Promoter/Homer,CAAGATGGCGGC,1.00E+00,0.00E+00,1,0,0.00%,845.1,2.95%
Duxbl(Homeobox)/NIH3T3-Duxbl.HA-ChIP-Seq(GSE119782)/Homer,TAAYCYAATCAA,1.00E+00,0.00E+00,1,0,0.00%,150.2,0.52%
RORg(NR)/Liver-Rorc-ChIP-Seq(GSE101115)/Homer,WAABTAGGTCAV,1.00E+00,0.00E+00,1,0,0.00%,223.1,0.78%
p53(p53)/mES-cMyc-ChIP-Seq(GSE11431)/Homer,ACATGCCCGGGCAT,1.00E+00,0.00E+00,1,0,0.00%,64.7,0.23%
HOXA2(Homeobox)/mES-Hoxa2-ChIP-Seq(Donaldson_et_al.)/Homer,GYCATCMATCAT,1.00E+00,0.00E+00,1,0,0.00%,208.8,0.73%
ZFP3(Zf)/HEK293-ZFP3.GFP-ChIP-Seq(GSE58341)/Homer,GGGTTTTGAAGGATGARTAGGAGTT,1.00E+00,0.00E+00,1,0,0.00%,1.3,0.00%
DUX(Homeobox)/C2C12-Dux-ChIP-Seq(GSE87279)/Homer,BCWGATTCAATCAAN,1.00E+00,0.00E+00,1,0,0.00%,9.7,0.03%
PGR(NR)/EndoStromal-PGR-ChIP-Seq(GSE69539)/Homer,AAGAACATWHTGTTC,1.00E+00,0.00E+00,1,0,0.00%,553.9,1.93%
NFkB-p65-Rel(RHD)/ThioMac-LPS-Expression(GSE23622)/Homer,GGAAATTCCC,1.00E+00,0.00E+00,1,0,0.00%,247.5,0.86%
"GATA(Zf),IR4/iTreg-Gata3-ChIP-Seq(GSE20898)/Homer",NAGATWNBNATCTNN,1.00E+00,0.00E+00,1,0,0.00%,117.6,0.41%
"GATA(Zf),IR3/iTreg-Gata3-ChIP-Seq(GSE20898)/Homer",NNNNNBAGATAWYATCTVHN,1.00E+00,0.00E+00,1,0,0.00%,262.8,0.92%
"RAR:RXR(NR),DR0/ES-RAR-ChIP-Seq(GSE56893)/Homer",AGGTCAAGGTCA,1.00E+00,0.00E+00,1,0,0.00%,422.5,1.48%
"GATA3(Zf),DR8/iTreg-Gata3-ChIP-Seq(GSE20898)/Homer",AGATSTNDNNDSAGATAASN,1.00E+00,0.00E+00,1,0,0.00%,113.1,0.39%
REST-NRSF(Zf)/Jurkat-NRSF-ChIP-Seq/Homer,GGMGCTGTCCATGGTGCTGA,1.00E+00,0.00E+00,1,0,0.00%,68.1,0.24%
"OCT:OCT(POU,Homeobox)/NPC-Brn1-ChIP-Seq(GSE35496)/Homer",ATGAATATTCATGAG,1.00E+00,0.00E+00,1,0,0.00%,27.4,0.10%
"OCT:OCT(POU,Homeobox,IR1)/NPC-Brn2-ChIP-Seq(GSE35496)/Homer",ATGAATWATTCATGA,1.00E+00,0.00E+00,1,0,0.00%,40.1,0.14%
Hnf1(Homeobox)/Liver-Foxa2-Chip-Seq(GSE25694)/Homer,GGTTAAWCATTAA,1.00E+00,0.00E+00,1,0,0.00%,254.5,0.89%
Chop(bZIP)/MEF-Chop-ChIP-Seq(GSE35681)/Homer,ATTGCATCAT,1.00E+00,0.00E+00,1,0,0.00%,594.6,2.08%
TCFL2(HMG)/K562-TCF7L2-ChIP-Seq(GSE29196)/Homer,ACWTCAAAGG,1.00E+00,0.00E+00,1,0,0.00%,228.6,0.80%
ZNF528(Zf)/HEK293-ZNF528.GFP-ChIP-Seq(GSE58341)/Homer,AGAAATGACTTCCCT,1.00E+00,0.00E+00,1,0,0.00%,19.3,0.07%
DUX4(Homeobox)/Myoblasts-DUX4.V5-ChIP-Seq(GSE75791)/Homer,NWTAAYCYAATCAWN,1.00E+00,0.00E+00,1,0,0.00%,74,0.26%
EBNA1(EBV-virus)/Raji-EBNA1-ChIP-Seq(GSE30709)/Homer,GGYAGCAYDTGCTDCCCNNN,1.00E+00,0.00E+00,1,0,0.00%,70.7,0.25%
HOXA1(Homeobox)/mES-Hoxa1-ChIP-Seq(SRP084292)/Homer,TGATKGATGR,1.00E+00,0.00E+00,1,0,0.00%,527.1,1.84%
RARg(NR)/ES-RARg-ChIP-Seq(GSE30538)/Homer,AGGTCAAGGTCA,1.00E+00,0.00E+00,1,0,0.00%,115.2,0.40%
"LXRE(NR),DR4/RAW-LXRb.biotin-ChIP-Seq(GSE21512)/Homer",RGGTTACTANAGGTCA,1.00E+00,0.00E+00,1,0,0.00%,149.3,0.52%
p73(p53)/Trachea-p73-ChIP-Seq(PRJNA310161)/Homer,NRRRCAWGTCCDGRCATGYY,1.00E+00,0.00E+00,1,0,0.00%,151.6,0.53%
Bach1(bZIP)/K562-Bach1-ChIP-Seq(GSE31477)/Homer,AWWNTGCTGAGTCAT,1.00E+00,0.00E+00,1,0,0.00%,160.1,0.56%
Pit1+1bp(Homeobox)/GCrat-Pit1-ChIP-Seq(GSE58009)/Homer,ATGCATAATTCA,1.00E+00,0.00E+00,1,0,0.00%,533.7,1.86%
Atf4(bZIP)/MEF-Atf4-ChIP-Seq(GSE35681)/Homer,MTGATGCAAT,1.00E+00,0.00E+00,1,0,0.00%,762.4,2.66%
Twist(bHLH)/HMLE-TWIST1-ChIP-Seq(Chang_et_al)/Homer,VCAKCTGGNNNCCAGMTGBN,1.00E+00,0.00E+00,1,0,0.00%,488.1,1.70%
ZNF16(Zf)/HEK293-ZNF16.GFP-ChIP-Seq(GSE58341)/Homer,MACCTTCYATGGCTCCCTAKTGCCY,1.00E+00,0.00E+00,1,0,0.00%,33.9,0.12%
"PAX3:FKHR-fusion(Paired,Homeobox)/Rh4-PAX3:FKHR-ChIP-Seq(GSE19063)/Homer",ACCRTGACTAATTNN,1.00E+00,0.00E+00,1,0,0.00%,407.8,1.42%
Phox2b(Homeobox)/CLBGA-PHOX2B-ChIP-Seq(GSE90683)/Homer,TTAATTNAATTA,1.00E+00,0.00E+00,1,0,0.00%,238,0.83%
"TR4(NR),DR1/Hela-TR4-ChIP-Seq(GSE24685)/Homer",GAGGTCAAAGGTCA,1.00E+00,0.00E+00,1,0,0.00%,510.2,1.78%