Motif Name,Consensus,P-value,Log P-value,q-value (Benjamini),# of Target Sequences with Motif(of 303),% of Target Sequences with Motif,# of Background Sequences with Motif(of 29259),% of Background Sequences with Motif
ISRE(IRF)/ThioMac-LPS-Expression(GSE23622)/Homer,AGTTTCASTTTC,1.00E-22,-5.19E+01,0,35,11.55%,339.4,1.16%
NFkB-p65-Rel(RHD)/ThioMac-LPS-Expression(GSE23622)/Homer,GGAAATTCCC,1.00E-21,-4.84E+01,0,31,10.23%,275.1,0.94%
IRF3(IRF)/BMDM-Irf3-ChIP-Seq(GSE67343)/Homer,AGTTTCAKTTTC,1.00E-20,-4.75E+01,0,60,19.80%,1343.4,4.57%
IRF1(IRF)/PBMC-IRF1-ChIP-Seq(GSE43036)/Homer,GAAAGTGAAAGT,1.00E-19,-4.55E+01,0,43,14.19%,688,2.34%
NFkB-p65(RHD)/GM12787-p65-ChIP-Seq(GSE19485)/Homer,WGGGGATTTCCC,1.00E-17,-4.11E+01,0,77,25.41%,2459.1,8.37%
IRF2(IRF)/Erythroblas-IRF2-ChIP-Seq(GSE36985)/Homer,GAAASYGAAASY,1.00E-17,-4.02E+01,0,39,12.87%,645.5,2.20%
PU.1:IRF8(ETS:IRF)/pDC-Irf8-ChIP-Seq(GSE66899)/Homer,GGAAGTGAAAST,1.00E-17,-3.93E+01,0,47,15.51%,987.8,3.36%
IRF8(IRF)/BMDM-IRF8-ChIP-Seq(GSE77884)/Homer,GRAASTGAAAST,1.00E-16,-3.90E+01,0,64,21.12%,1824.9,6.21%
"NFkB-p50,p52(RHD)/Monocyte-p50-ChIP-Chip(Schreiber_et_al.)/Homer",GGGGGAATCCCC,1.00E-16,-3.79E+01,0,39,12.87%,693,2.36%
IRF4(IRF)/GM12878-IRF4-ChIP-Seq(GSE32465)/Homer,ACTGAAACCA,1.00E-10,-2.46E+01,0,50,16.50%,1666.1,5.67%
PRDM1(Zf)/Hela-PRDM1-ChIP-Seq(GSE31477)/Homer,ACTTTCACTTTC,1.00E-09,-2.18E+01,0,56,18.48%,2180.3,7.42%
PU.1-IRF(ETS:IRF)/Bcell-PU.1-ChIP-Seq(GSE21512)/Homer,MGGAAGTGAAAC,1.00E-06,-1.44E+01,0,108,35.64%,6771.4,23.05%
AP-1(bZIP)/ThioMac-PU.1-ChIP-Seq(GSE21512)/Homer,VTGACTCATC,1.00E-04,-1.11E+01,0.0005,47,15.51%,2375.2,8.08%
IRF:BATF(IRF:bZIP)/pDC-Irf8-ChIP-Seq(GSE66899)/Homer,CTTTCANTATGACTV,1.00E-04,-1.10E+01,0.0005,13,4.29%,290.3,0.99%
STAT1(Stat)/HelaS3-STAT1-ChIP-Seq(GSE12782)/Homer,NATTTCCNGGAAAT,1.00E-04,-1.06E+01,0.0007,32,10.56%,1384.4,4.71%
STAT5(Stat)/mCD4+-Stat5-ChIP-Seq(GSE12346)/Homer,RTTTCTNAGAAA,1.00E-04,-1.03E+01,0.001,35,11.55%,1612.7,5.49%
Atf3(bZIP)/GBM-ATF3-ChIP-Seq(GSE33912)/Homer,DATGASTCATHN,1.00E-04,-1.00E+01,0.0012,41,13.53%,2051,6.98%
"bZIP:IRF(bZIP,IRF)/Th17-BatF-ChIP-Seq(GSE39756)/Homer",NAGTTTCABTHTGACTNW,1.00E-04,-9.69E+00,0.0015,30,9.90%,1323.1,4.50%
BATF(bZIP)/Th17-BATF-ChIP-Seq(GSE39756)/Homer,DATGASTCAT,1.00E-04,-9.67E+00,0.0015,41,13.53%,2081.3,7.08%
STAT4(Stat)/CD4-Stat4-ChIP-Seq(GSE22104)/Homer,NYTTCCWGGAAR,1.00E-03,-9.12E+00,0.0024,66,21.78%,4050.4,13.79%
Fra1(bZIP)/BT549-Fra1-ChIP-Seq(GSE46166)/Homer,NNATGASTCATH,1.00E-03,-8.17E+00,0.0059,34,11.22%,1727,5.88%
Stat3+il21(Stat)/CD4-Stat3-ChIP-Seq(GSE19198)/Homer,SVYTTCCNGGAARB,1.00E-03,-8.17E+00,0.0059,58,19.14%,3545.7,12.07%
Fos(bZIP)/TSC-Fos-ChIP-Seq(GSE110950)/Homer,NDATGASTCAYN,1.00E-03,-8.16E+00,0.0059,35,11.55%,1799.7,6.13%
Fra2(bZIP)/Striatum-Fra2-ChIP-Seq(GSE43429)/Homer,GGATGACTCATC,1.00E-03,-7.85E+00,0.0071,31,10.23%,1545.6,5.26%
TATA-Box(TBP)/Promoter/Homer,CCTTTTAWAGSC,1.00E-03,-7.81E+00,0.0071,84,27.72%,5748.5,19.57%
JunB(bZIP)/DendriticCells-Junb-ChIP-Seq(GSE36099)/Homer,RATGASTCAT,1.00E-03,-7.61E+00,0.0084,34,11.22%,1783.9,6.07%
Pitx1(Homeobox)/Chicken-Pitx1-ChIP-Seq(GSE38910)/Homer,TAATCCCN,1.00E-03,-7.46E+00,0.0094,180,59.41%,14654.1,49.88%
Stat3(Stat)/mES-Stat3-ChIP-Seq(GSE11431)/Homer,CTTCCGGGAA,1.00E-03,-6.93E+00,0.0154,49,16.17%,3006.5,10.23%
Bcl6(Zf)/Liver-Bcl6-ChIP-Seq(GSE31578)/Homer,NNNCTTTCCAGGAAA,1.00E-02,-6.09E+00,0.0343,82,27.06%,5907.3,20.11%
T1ISRE(IRF)/ThioMac-Ifnb-Expression/Homer,ACTTTCGTTTCT,1.00E-02,-5.71E+00,0.0486,4,1.32%,56.7,0.19%
TEAD2(TEA)/Py2T-Tead2-ChIP-Seq(GSE55709)/Homer,CCWGGAATGY,1.00E-02,-4.87E+00,0.1086,34,11.22%,2119.5,7.21%
"Pax8(Paired,Homeobox)/Thyroid-Pax8-ChIP-Seq(GSE26938)/Homer",GTCATGCHTGRCTGS,1.00E-02,-4.61E+00,0.1372,25,8.25%,1457.3,4.96%
Bach1(bZIP)/K562-Bach1-ChIP-Seq(GSE31477)/Homer,AWWNTGCTGAGTCAT,1.00E-01,-4.46E+00,0.1536,6,1.98%,177.6,0.60%
Sp5(Zf)/mES-Sp5.Flag-ChIP-Seq(GSE72989)/Homer,RGKGGGCGGAGC,1.00E-01,-4.42E+00,0.1561,162,53.47%,13748.2,46.79%
CEBP(bZIP)/ThioMac-CEBPb-ChIP-Seq(GSE21512)/Homer,ATTGCGCAAC,1.00E-01,-4.37E+00,0.1584,32,10.56%,2036.3,6.93%
NFAT(RHD)/Jurkat-NFATC1-ChIP-Seq(Jolma_et_al.)/Homer,ATTTTCCATT,1.00E-01,-4.32E+00,0.163,43,14.19%,2943,10.02%
TEAD(TEA)/Fibroblast-PU.1-ChIP-Seq(Unpublished)/Homer,YCWGGAATGY,1.00E-01,-4.12E+00,0.1923,35,11.55%,2319.5,7.89%
Fosl2(bZIP)/3T3L1-Fosl2-ChIP-Seq(GSE56872)/Homer,NATGASTCABNN,1.00E-01,-3.98E+00,0.217,20,6.60%,1157.9,3.94%
Sp1(Zf)/Promoter/Homer,GGCCCCGCCCCC,1.00E-01,-3.91E+00,0.2252,90,29.70%,7156.6,24.36%
Hoxd10(Homeobox)/ChickenMSG-Hoxd10.Flag-ChIP-Seq(GSE86088)/Homer,GGCMATGAAA,1.00E-01,-3.73E+00,0.2634,49,16.17%,3571.1,12.15%
ZNF317(Zf)/HEK293-ZNF317.GFP-ChIP-Seq(GSE58341)/Homer,GTCWGCTGTYYCTCT,1.00E-01,-3.59E+00,0.2971,8,2.64%,341.3,1.16%
KLF3(Zf)/MEF-Klf3-ChIP-Seq(GSE44748)/Homer,NRGCCCCRCCCHBNN,1.00E-01,-3.51E+00,0.3135,100,33.00%,8198.5,27.90%
Six2(Homeobox)/NephronProgenitor-Six2-ChIP-Seq(GSE39837)/Homer,GWAAYHTGAKMC,1.00E-01,-3.51E+00,0.3135,51,16.83%,3796.8,12.92%
EAR2(NR)/K562-NR2F6-ChIP-Seq(Encode)/Homer,NRBCARRGGTCA,1.00E-01,-3.48E+00,0.3135,69,22.77%,5390.9,18.35%
Bach2(bZIP)/OCILy7-Bach2-ChIP-Seq(GSE44420)/Homer,TGCTGAGTCA,1.00E-01,-3.45E+00,0.3135,13,4.29%,698.9,2.38%
Egr2(Zf)/Thymocytes-Egr2-ChIP-Seq(GSE34254)/Homer,NGCGTGGGCGGR,1.00E-01,-3.12E+00,0.4218,27,8.91%,1843,6.27%
Maz(Zf)/HepG2-Maz-ChIP-Seq(GSE31477)/Homer,GGGGGGGG,1.00E-01,-3.10E+00,0.4218,160,52.81%,14027.4,47.74%
Mef2c(MADS)/GM12878-Mef2c-ChIP-Seq(GSE32465)/Homer,DCYAAAAATAGM,1.00E-01,-3.03E+00,0.4439,18,5.94%,1130.6,3.85%
Unknown(Homeobox)/Limb-p300-ChIP-Seq/Homer,SSCMATWAAA,1.00E-01,-3.01E+00,0.4439,27,8.91%,1863.3,6.34%
COUP-TFII(NR)/K562-NR2F1-ChIP-Seq(Encode)/Homer,GKBCARAGGTCA,1.00E-01,-3.01E+00,0.4439,74,24.42%,5983.7,20.37%
Jun-AP1(bZIP)/K562-cJun-ChIP-Seq(GSE31477)/Homer,GATGASTCATCN,1.00E-01,-3.00E+00,0.4439,14,4.62%,823.4,2.80%
"Oct4(POU,Homeobox)/mES-Oct4-ChIP-Seq(GSE11431)/Homer",ATTTGCATAW,1.00E-01,-2.90E+00,0.4659,19,6.27%,1229.1,4.18%
Otx2(Homeobox)/EpiLC-Otx2-ChIP-Seq(GSE56098)/Homer,NYTAATCCYB,1.00E-01,-2.86E+00,0.477,33,10.89%,2399.5,8.17%
Klf4(Zf)/mES-Klf4-ChIP-Seq(GSE11431)/Homer,GCCACACCCA,1.00E-01,-2.85E+00,0.477,61,20.13%,4859.7,16.54%
"Oct11(POU,Homeobox)/NCIH1048-POU2F3-ChIP-seq(GSE115123)/Homer",GATTTGCATA,1.00E-01,-2.83E+00,0.477,15,4.95%,923.4,3.14%
PGR(NR)/EndoStromal-PGR-ChIP-Seq(GSE69539)/Homer,AAGAACATWHTGTTC,1.00E-01,-2.80E+00,0.4792,12,3.96%,696.7,2.37%
SpiB(ETS)/OCILY3-SPIB-ChIP-Seq(GSE56857)/Homer,AAAGRGGAAGTG,1.00E-01,-2.78E+00,0.4792,22,7.26%,1492.1,5.08%
STAT6(Stat)/CD4-Stat6-ChIP-Seq(GSE22104)/Homer,ABTTCYYRRGAA,1.00E-01,-2.76E+00,0.4803,28,9.24%,1996.9,6.80%
STAT6(Stat)/Macrophage-Stat6-ChIP-Seq(GSE38377)/Homer,TTCCKNAGAA,1.00E-01,-2.75E+00,0.4803,30,9.90%,2167.2,7.38%
"Brn1(POU,Homeobox)/NPC-Brn1-ChIP-Seq(GSE35496)/Homer",TATGCWAATBAV,1.00E-01,-2.74E+00,0.4803,14,4.62%,857.2,2.92%
KLF14(Zf)/HEK293-KLF14.GFP-ChIP-Seq(GSE58341)/Homer,RGKGGGCGKGGC,1.00E-01,-2.73E+00,0.4803,190,62.71%,17115.1,58.25%
THRb(NR)/HepG2-THRb.Flag-ChIP-Seq(Encode)/Homer,GGTCACCTGAGGTCA,1.00E-01,-2.67E+00,0.4933,37,12.21%,2788.7,9.49%
TEAD4(TEA)/Tropoblast-Tead4-ChIP-Seq(GSE37350)/Homer,CCWGGAATGY,1.00E-01,-2.61E+00,0.5138,45,14.85%,3504.7,11.93%
Hoxa10(Homeobox)/ChickenMSG-Hoxa10.Flag-ChIP-Seq(GSE86088)/Homer,GGYAATGAAA,1.00E-01,-2.58E+00,0.5228,24,7.92%,1697.4,5.78%
AR-halfsite(NR)/LNCaP-AR-ChIP-Seq(GSE27824)/Homer,CCAGGAACAG,1.00E-01,-2.57E+00,0.5228,169,55.78%,15127.3,51.49%
PRDM15(Zf)/ESC-Prdm15-ChIP-Seq(GSE73694)/Homer,YCCDNTCCAGGTTTT,1.00E-01,-2.52E+00,0.5391,61,20.13%,4966.5,16.90%
TEAD1(TEAD)/HepG2-TEAD1-ChIP-Seq(Encode)/Homer,CYRCATTCCA,1.00E-01,-2.51E+00,0.5391,49,16.17%,3887.7,13.23%
"Reverb(NR),DR2/RAW-Reverba.biotin-ChIP-Seq(GSE45914)/Homer",GTRGGTCASTGGGTCA,1.00E-01,-2.47E+00,0.5489,9,2.97%,508.8,1.73%
NF1-halfsite(CTF)/LNCaP-NF1-ChIP-Seq(Unpublished)/Homer,YTGCCAAG,1.00E-01,-2.46E+00,0.5489,97,32.01%,8306.8,28.27%
E2F6(E2F)/Hela-E2F6-ChIP-Seq(GSE31477)/Homer,GGCGGGAARN,1.00E-01,-2.41E+00,0.5653,58,19.14%,4730,16.10%
MafB(bZIP)/BMM-Mafb-ChIP-Seq(GSE75722)/Homer,WNTGCTGASTCAGCANWTTY,1.00E-01,-2.41E+00,0.5653,19,6.27%,1313.6,4.47%
ZNF415(Zf)/HEK293-ZNF415.GFP-ChIP-Seq(GSE58341)/Homer,GRTGMTRGAGCC,1.00E+00,-2.30E+00,0.6118,37,12.21%,2884.7,9.82%
NF1(CTF)/LNCAP-NF1-ChIP-Seq(Unpublished)/Homer,CYTGGCABNSTGCCAR,1.00E+00,-2.22E+00,0.6531,29,9.57%,2204.1,7.50%
WT1(Zf)/Kidney-WT1-ChIP-Seq(GSE90016)/Homer,MCTCCCMCRCAB,1.00E+00,-2.20E+00,0.6571,59,19.47%,4893.4,16.66%
Sp2(Zf)/HEK293-Sp2.eGFP-ChIP-Seq(Encode)/Homer,YGGCCCCGCCCC,1.00E+00,-2.20E+00,0.6571,180,59.41%,16378,55.74%
NFIL3(bZIP)/HepG2-NFIL3-ChIP-Seq(Encode)/Homer,VTTACGTAAYNNNNN,1.00E+00,-2.19E+00,0.6571,32,10.56%,2476.5,8.43%
"Oct6(POU,Homeobox)/NPC-Pou3f1-ChIP-Seq(GSE35496)/Homer",WATGCAAATGAG,1.00E+00,-2.15E+00,0.6649,17,5.61%,1194.5,4.07%
RARg(NR)/ES-RARg-ChIP-Seq(GSE30538)/Homer,AGGTCAAGGTCA,1.00E+00,-2.12E+00,0.6784,3,0.99%,115.7,0.39%
p53(p53)/mES-cMyc-ChIP-Seq(GSE11431)/Homer,ACATGCCCGGGCAT,1.00E+00,-2.08E+00,0.6975,2,0.66%,58.5,0.20%
MafK(bZIP)/C2C12-MafK-ChIP-Seq(GSE36030)/Homer,GCTGASTCAGCA,1.00E+00,-2.08E+00,0.6975,13,4.29%,876.3,2.98%
Hoxa11(Homeobox)/ChickenMSG-Hoxa11.Flag-ChIP-Seq(GSE86088)/Homer,TTTTATGGCM,1.00E+00,-2.03E+00,0.714,84,27.72%,7274,24.76%
KLF6(Zf)/PDAC-KLF6-ChIP-Seq(GSE64557)/Homer,MKGGGYGTGGCC,1.00E+00,-2.03E+00,0.714,132,43.56%,11819,40.23%
E2F3(E2F)/MEF-E2F3-ChIP-Seq(GSE71376)/Homer,BTKGGCGGGAAA,1.00E+00,-2.03E+00,0.714,66,21.78%,5604,19.07%
Klf9(Zf)/GBM-Klf9-ChIP-Seq(GSE62211)/Homer,GCCACRCCCACY,1.00E+00,-2.01E+00,0.714,73,24.09%,6259.1,21.30%
"VDR(NR),DR3/GM10855-VDR+vitD-ChIP-Seq(GSE22484)/Homer",ARAGGTCANWGAGTTCANNN,1.00E+00,-2.00E+00,0.714,12,3.96%,807.6,2.75%
"RAR:RXR(NR),DR5/ES-RAR-ChIP-Seq(GSE56893)/Homer",RGGTCADNNAGAGGTCAV,1.00E+00,-1.99E+00,0.714,3,0.99%,122.2,0.42%
"Fox:Ebox(Forkhead,bHLH)/Panc1-Foxa2-ChIP-Seq(GSE47459)/Homer",NNNVCTGWGYAAACASN,1.00E+00,-1.99E+00,0.714,39,12.87%,3156.1,10.74%
SCL(bHLH)/HPC7-Scl-ChIP-Seq(GSE13511)/Homer,AVCAGCTG,1.00E+00,-1.94E+00,0.7165,198,65.35%,18274.8,62.20%
Bcl11a(Zf)/HSPC-BCL11A-ChIP-Seq(GSE104676)/Homer,TYTGACCASWRG,1.00E+00,-1.93E+00,0.7188,37,12.21%,2995.6,10.20%
Rfx6(HTH)/Min6b1-Rfx6.HA-ChIP-Seq(GSE62844)/Homer,TGTTKCCTAGCAACM,1.00E+00,-1.90E+00,0.7321,69,22.77%,5934.3,20.20%
Sox7(HMG)/ESC-Sox7-ChIP-Seq(GSE133899)/Homer,VVRRAACAATGG,1.00E+00,-1.90E+00,0.7321,14,4.62%,991.3,3.37%
"PAX5(Paired,Homeobox)/GM12878-PAX5-ChIP-Seq(GSE32465)/Homer",GCAGCCAAGCRTGACH,1.00E+00,-1.84E+00,0.7587,23,7.59%,1777,6.05%
Nkx2.5(Homeobox)/HL1-Nkx2.5.biotin-ChIP-Seq(GSE21529)/Homer,RRSCACTYAA,1.00E+00,-1.81E+00,0.7718,102,33.66%,9072,30.88%
CArG(MADS)/PUER-Srf-ChIP-Seq(Sullivan_et_al.)/Homer,CCATATATGGNM,1.00E+00,-1.81E+00,0.7718,17,5.61%,1263.8,4.30%
E2F(E2F)/Hela-CellCycle-Expression/Homer,TTSGCGCGAAAA,1.00E+00,-1.78E+00,0.7794,8,2.64%,515.7,1.76%
Tbx20(T-box)/Heart-Tbx20-ChIP-Seq(GSE29636)/Homer,GGTGYTGACAGS,1.00E+00,-1.78E+00,0.7794,13,4.29%,929.8,3.16%
"RAR:RXR(NR),DR0/ES-RAR-ChIP-Seq(GSE56893)/Homer",AGGTCAAGGTCA,1.00E+00,-1.78E+00,0.7794,7,2.31%,436.4,1.49%
"Oct4:Sox17(POU,Homeobox,HMG)/F9-Sox17-ChIP-Seq(GSE44553)/Homer",CCATTGTATGCAAAT,1.00E+00,-1.76E+00,0.7794,5,1.65%,283.5,0.96%
Hoxd11(Homeobox)/ChickenMSG-Hoxd11.Flag-ChIP-Seq(GSE86088)/Homer,VGCCATAAAA,1.00E+00,-1.74E+00,0.7829,87,28.71%,7694.8,26.19%
Tbx21(T-box)/GM12878-TBX21-ChIP-Seq(Encode)/Homer,AGGTGTGAAA,1.00E+00,-1.71E+00,0.7992,40,13.20%,3342.4,11.38%
Atf1(bZIP)/K562-ATF1-ChIP-Seq(GSE31477)/Homer,GATGACGTCA,1.00E+00,-1.69E+00,0.801,42,13.86%,3530,12.01%
EBF1(EBF)/Near-E2A-ChIP-Seq(GSE21512)/Homer,GTCCCCWGGGGA,1.00E+00,-1.69E+00,0.801,74,24.42%,6498,22.12%
Olig2(bHLH)/Neuron-Olig2-ChIP-Seq(GSE30882)/Homer,RCCATMTGTT,1.00E+00,-1.68E+00,0.801,82,27.06%,7252.4,24.68%
Foxa2(Forkhead)/Liver-Foxa2-ChIP-Seq(GSE25694)/Homer,CYTGTTTACWYW,1.00E+00,-1.67E+00,0.801,28,9.24%,2270.5,7.73%
CRX(Homeobox)/Retina-Crx-ChIP-Seq(GSE20012)/Homer,GCTAATCC,1.00E+00,-1.64E+00,0.8135,93,30.69%,8311.3,28.29%
Nkx6.1(Homeobox)/Islet-Nkx6.1-ChIP-Seq(GSE40975)/Homer,GKTAATGR,1.00E+00,-1.64E+00,0.8135,78,25.74%,6898.2,23.48%
ZNF136(Zf)/HEK293-ZNF136.GFP-ChIP-Seq(GSE58341)/Homer,YTKGATAHAGTATTCTWGGTNGGCA,1.00E+00,-1.60E+00,0.8343,4,1.32%,223.8,0.76%
SPDEF(ETS)/VCaP-SPDEF-ChIP-Seq(SRA014231)/Homer,ASWTCCTGBT,1.00E+00,-1.58E+00,0.8399,69,22.77%,6082,20.70%
Unknown-ESC-element(?)/mES-Nanog-ChIP-Seq(GSE11724)/Homer,CACAGCAGGGGG,1.00E+00,-1.53E+00,0.8777,36,11.88%,3043.2,10.36%
Slug(Zf)/Mesoderm-Snai2-ChIP-Seq(GSE61475)/Homer,SNGCACCTGCHS,1.00E+00,-1.45E+00,0.9341,31,10.23%,2612.7,8.89%
Nanog(Homeobox)/mES-Nanog-ChIP-Seq(GSE11724)/Homer,RGCCATTAAC,1.00E+00,-1.44E+00,0.9428,162,53.47%,15054.1,51.24%
EBF2(EBF)/BrownAdipose-EBF2-ChIP-Seq(GSE97114)/Homer,NABTCCCWDGGGAVH,1.00E+00,-1.43E+00,0.9428,57,18.81%,5030.9,17.12%
ZNF382(Zf)/HEK293-ZNF382.GFP-ChIP-Seq(GSE58341)/Homer,GNCTGTASTRNTGBCTCHTT,1.00E+00,-1.42E+00,0.9428,2,0.66%,90.8,0.31%
KLF5(Zf)/LoVo-KLF5-ChIP-Seq(GSE49402)/Homer,DGGGYGKGGC,1.00E+00,-1.41E+00,0.9443,151,49.83%,14007.6,47.68%
CEBP:AP1(bZIP)/ThioMac-CEBPb-ChIP-Seq(GSE21512)/Homer,DRTGTTGCAA,1.00E+00,-1.41E+00,0.9443,29,9.57%,2446.6,8.33%
Gfi1b(Zf)/HPC7-Gfi1b-ChIP-Seq(GSE22178)/Homer,MAATCACTGC,1.00E+00,-1.40E+00,0.9443,33,10.89%,2814,9.58%
Zic3(Zf)/mES-Zic3-ChIP-Seq(GSE37889)/Homer,GGCCYCCTGCTGDGH,1.00E+00,-1.40E+00,0.9443,42,13.86%,3647.3,12.41%
RORa(NR)/Liver-Rora-ChIP-Seq(GSE101115)/Homer,AAWCTAGGTCARDNN,1.00E+00,-1.34E+00,0.975,6,1.98%,415.8,1.42%
p53(p53)/Saos-p53-ChIP-Seq(GSE15780)/Homer,RRCATGYCYRGRCATGYYYN,1.00E+00,-1.30E+00,1,4,1.32%,255.4,0.87%
p53(p53)/Saos-p53-ChIP-Seq/Homer,RRCATGYCYRGRCATGYYYN,1.00E+00,-1.30E+00,1,4,1.32%,255.4,0.87%
FOXM1(Forkhead)/MCF7-FOXM1-ChIP-Seq(GSE72977)/Homer,TRTTTACTTW,1.00E+00,-1.30E+00,1,34,11.22%,2948.4,10.04%
Tcf7(HMG)/GM12878-TCF7-ChIP-Seq(Encode)/Homer,CTTTGATGTGSB,1.00E+00,-1.29E+00,1,13,4.29%,1036.5,3.53%
"Oct2(POU,Homeobox)/Bcell-Oct2-ChIP-Seq(GSE21512)/Homer",ATATGCAAAT,1.00E+00,-1.25E+00,1,10,3.30%,777.6,2.65%
"Pax7(Paired,Homeobox),long/Myoblast-Pax7-ChIP-Seq(GSE25064)/Homer",TAATCHGATTAC,1.00E+00,-1.25E+00,1,1,0.33%,32.2,0.11%
Nkx3.1(Homeobox)/LNCaP-Nkx3.1-ChIP-Seq(GSE28264)/Homer,AAGCACTTAA,1.00E+00,-1.23E+00,1,96,31.68%,8842.2,30.10%
HOXB13(Homeobox)/ProstateTumor-HOXB13-ChIP-Seq(GSE56288)/Homer,TTTTATKRGG,1.00E+00,-1.22E+00,1,38,12.54%,3354.5,11.42%
Hoxa13(Homeobox)/ChickenMSG-Hoxa13.Flag-ChIP-Seq(GSE86088)/Homer,CYHATAAAAN,1.00E+00,-1.21E+00,1,84,27.72%,7706.1,26.23%
"Pitx1:Ebox(Homeobox,bHLH)/Hindlimb-Pitx1-ChIP-Seq(GSE41591)/Homer",YTAATTRAWWCCAGATGT,1.00E+00,-1.19E+00,1,6,1.98%,439.7,1.50%
RUNX2(Runt)/PCa-RUNX2-ChIP-Seq(GSE33889)/Homer,NWAACCACADNN,1.00E+00,-1.19E+00,1,33,10.89%,2900.1,9.87%
ZNF7(Zf)/HepG2-ZNF7.Flag-ChIP-Seq(Encode)/Homer,CTGCCWVCTTTTRTA,1.00E+00,-1.19E+00,1,23,7.59%,1974.5,6.72%
KLF1(Zf)/HUDEP2-KLF1-CutnRun(GSE136251)/Homer,VDGGGYGGGGCY,1.00E+00,-1.18E+00,1,132,43.56%,12328.1,41.96%
Zac1(Zf)/Neuro2A-Plagl1-ChIP-Seq(GSE75942)/Homer,HAWGRGGCCM,1.00E+00,-1.15E+00,1,141,46.53%,13223.7,45.01%
Esrrb(NR)/mES-Esrrb-ChIP-Seq(GSE11431)/Homer,KTGACCTTGA,1.00E+00,-1.15E+00,1,26,8.58%,2268.2,7.72%
Sox2(HMG)/mES-Sox2-ChIP-Seq(GSE11431)/Homer,BCCATTGTTC,1.00E+00,-1.15E+00,1,35,11.55%,3108.1,10.58%
Bapx1(Homeobox)/VertebralCol-Bapx1-ChIP-Seq(GSE36672)/Homer,TTRAGTGSYK,1.00E+00,-1.15E+00,1,90,29.70%,8322.8,28.33%
Mef2a(MADS)/HL1-Mef2a.biotin-ChIP-Seq(GSE21529)/Homer,CYAAAAATAG,1.00E+00,-1.14E+00,1,14,4.62%,1166,3.97%
THRb(NR)/Liver-NR1A2-ChIP-Seq(GSE52613)/Homer,TRAGGTCA,1.00E+00,-1.13E+00,1,165,54.46%,15564.2,52.97%
"FXR(NR),IR1/Liver-FXR-ChIP-Seq(Chong_et_al.)/Homer",AGGTCANTGACCTB,1.00E+00,-1.12E+00,1,19,6.27%,1629.4,5.55%
"NFAT:AP1(RHD,bZIP)/Jurkat-NFATC1-ChIP-Seq(Jolma_et_al.)/Homer",SARTGGAAAAWRTGAGTCAB,1.00E+00,-1.12E+00,1,7,2.31%,541.8,1.84%
ZNF322(Zf)/HEK293-ZNF322.GFP-ChIP-Seq(GSE58341)/Homer,GAGCCTGGTACTGWGCCTGR,1.00E+00,-1.11E+00,1,16,5.28%,1358.9,4.63%
"PAX3:FKHR-fusion(Paired,Homeobox)/Rh4-PAX3:FKHR-ChIP-Seq(GSE19063)/Homer",ACCRTGACTAATTNN,1.00E+00,-1.10E+00,1,6,1.98%,455.3,1.55%
HLF(bZIP)/HSC-HLF.Flag-ChIP-Seq(GSE69817)/Homer,RTTATGYAAB,1.00E+00,-1.10E+00,1,28,9.24%,2473.8,8.42%
Foxa3(Forkhead)/Liver-Foxa3-ChIP-Seq(GSE77670)/Homer,BSNTGTTTACWYWGN,1.00E+00,-1.10E+00,1,11,3.63%,905.7,3.08%
MafA(bZIP)/Islet-MafA-ChIP-Seq(GSE30298)/Homer,TGCTGACTCA,1.00E+00,-1.09E+00,1,38,12.54%,3417.7,11.63%
RORgt(NR)/EL4-RORgt.Flag-ChIP-Seq(GSE56019)/Homer,AAYTAGGTCA,1.00E+00,-1.07E+00,1,5,1.65%,374,1.27%
RORgt(NR)/EL4-RORgt.Flag-ChIP-Seq(GSE56019)/Homer,AAYTAGGTCA,1.00E+00,-1.07E+00,1,5,1.65%,374,1.27%
GLI3(Zf)/Limb-GLI3-ChIP-Chip(GSE11077)/Homer,CGTGGGTGGTCC,1.00E+00,-1.05E+00,1,7,2.31%,555.9,1.89%
RUNX(Runt)/HPC7-Runx1-ChIP-Seq(GSE22178)/Homer,SAAACCACAG,1.00E+00,-1.04E+00,1,31,10.23%,2783.7,9.47%
RUNX-AML(Runt)/CD4+-PolII-ChIP-Seq(Barski_et_al.)/Homer,GCTGTGGTTW,1.00E+00,-1.03E+00,1,29,9.57%,2596.4,8.84%
EWS:ERG-fusion(ETS)/CADO_ES1-EWS:ERG-ChIP-Seq(SRA014231)/Homer,ATTTCCTGTN,1.00E+00,-1.03E+00,1,40,13.20%,3634.4,12.37%
Tlx?(NR)/NPC-H3K4me1-ChIP-Seq(GSE16256)/Homer,CTGGCAGSCTGCCA,1.00E+00,-1.02E+00,1,23,7.59%,2038.4,6.94%
Brachyury(T-box)/Mesoendoderm-Brachyury-ChIP-exo(GSE54963)/Homer,ANTTMRCASBNNNGTGYKAAN,1.00E+00,-1.02E+00,1,10,3.30%,833.5,2.84%
DLX2(Homeobox)/BasalGanglia-Dlx2-ChIP-seq(GSE124936)/Homer,NNNTAATTAS,1.00E+00,-1.01E+00,1,47,15.51%,4311.6,14.68%
Phox2a(Homeobox)/Neuron-Phox2a-ChIP-Seq(GSE31456)/Homer,YTAATYNRATTA,1.00E+00,-9.94E-01,1,9,2.97%,749.5,2.55%
Zic2(Zf)/ESC-Zic2-ChIP-Seq(SRP197560)/Homer,CHCAGCRGGRGG,1.00E+00,-9.89E-01,1,32,10.56%,2900.6,9.87%
EBF(EBF)/proBcell-EBF-ChIP-Seq(GSE21978)/Homer,DGTCCCYRGGGA,1.00E+00,-9.82E-01,1,14,4.62%,1214.9,4.14%
Pit1(Homeobox)/GCrat-Pit1-ChIP-Seq(GSE58009)/Homer,ATGMATATDC,1.00E+00,-9.69E-01,1,25,8.25%,2249.7,7.66%
GSC(Homeobox)/FrogEmbryos-GSC-ChIP-Seq(DRA000576)/Homer,RGGATTAR,1.00E+00,-9.68E-01,1,37,12.21%,3384.6,11.52%
"FOXA1:AR(Forkhead,NR)/LNCAP-AR-ChIP-Seq(GSE27824)/Homer",AGTAAACAAAAAAGAACAND,1.00E+00,-9.68E-01,1,2,0.66%,127.4,0.43%
NFE2L2(bZIP)/HepG2-NFE2L2-ChIP-Seq(Encode)/Homer,AWWWTGCTGAGTCAT,1.00E+00,-9.68E-01,1,2,0.66%,127.9,0.44%
Nkx2.1(Homeobox)/LungAC-Nkx2.1-ChIP-Seq(GSE43252)/Homer,RSCACTYRAG,1.00E+00,-9.52E-01,1,123,40.59%,11640.6,39.62%
Foxf1(Forkhead)/Lung-Foxf1-ChIP-Seq(GSE77951)/Homer,WWATRTAAACAN,1.00E+00,-9.49E-01,1,27,8.91%,2447.1,8.33%
Sox15(HMG)/CPA-Sox15-ChIP-Seq(GSE62909)/Homer,RAACAATGGN,1.00E+00,-9.46E-01,1,40,13.20%,3681.8,12.53%
Egr1(Zf)/K562-Egr1-ChIP-Seq(GSE32465)/Homer,TGCGTGGGYG,1.00E+00,-9.46E-01,1,63,20.79%,5876.2,20.00%
NFY(CCAAT)/Promoter/Homer,RGCCAATSRG,1.00E+00,-9.44E-01,1,67,22.11%,6260.1,21.31%
COUP-TFII(NR)/Artia-Nr2f2-ChIP-Seq(GSE46497)/Homer,AGRGGTCA,1.00E+00,-9.39E-01,1,76,25.08%,7128,24.26%
HNF1b(Homeobox)/PDAC-HNF1B-ChIP-Seq(GSE64557)/Homer,GTTAATNATTAA,1.00E+00,-9.38E-01,1,5,1.65%,397.5,1.35%
Pit1+1bp(Homeobox)/GCrat-Pit1-ChIP-Seq(GSE58009)/Homer,ATGCATAATTCA,1.00E+00,-9.24E-01,1,8,2.64%,675.4,2.30%
FoxL2(Forkhead)/Ovary-FoxL2-ChIP-Seq(GSE60858)/Homer,WWTRTAAACAVG,1.00E+00,-9.19E-01,1,24,7.92%,2177.4,7.41%
"GRE(NR),IR3/A549-GR-ChIP-Seq(GSE32465)/Homer",NRGVACABNVTGTYCY,1.00E+00,-9.19E-01,1,6,1.98%,493,1.68%
FOXA1(Forkhead)/MCF7-FOXA1-ChIP-Seq(GSE26831)/Homer,WAAGTAAACA,1.00E+00,-9.13E-01,1,29,9.57%,2654.6,9.04%
E2F4(E2F)/K562-E2F4-ChIP-Seq(GSE31477)/Homer,GGCGGGAAAH,1.00E+00,-9.04E-01,1,49,16.17%,4565.2,15.54%
ZNF416(Zf)/HEK293-ZNF416.GFP-ChIP-Seq(GSE58341)/Homer,WDNCTGGGCA,1.00E+00,-9.01E-01,1,74,24.42%,6963.5,23.70%
Sox3(HMG)/NPC-Sox3-ChIP-Seq(GSE33059)/Homer,CCWTTGTY,1.00E+00,-8.98E-01,1,66,21.78%,6197,21.09%
KLF10(Zf)/HEK293-KLF10.GFP-ChIP-Seq(GSE58341)/Homer,GGGGGTGTGTCC,1.00E+00,-8.79E-01,1,55,18.15%,5156.2,17.55%
c-Jun-CRE(bZIP)/K562-cJun-ChIP-Seq(GSE31477)/Homer,ATGACGTCATCY,1.00E+00,-8.77E-01,1,20,6.60%,1817.9,6.19%
Tcfcp2l1(CP2)/mES-Tcfcp2l1-ChIP-Seq(GSE11431)/Homer,NRAACCRGTTYRAACCRGYT,1.00E+00,-8.72E-01,1,9,2.97%,782.2,2.66%
CDX4(Homeobox)/ZebrafishEmbryos-Cdx4.Myc-ChIP-Seq(GSE48254)/Homer,NGYCATAAAWCH,1.00E+00,-8.71E-01,1,28,9.24%,2580.3,8.78%
TEAD3(TEA)/HepG2-TEAD3-ChIP-Seq(Encode)/Homer,TRCATTCCAG,1.00E+00,-8.70E-01,1,44,14.52%,4108.1,13.98%
Mef2d(MADS)/Retina-Mef2d-ChIP-Seq(GSE61391)/Homer,GCTATTTTTAGC,1.00E+00,-8.70E-01,1,7,2.31%,596.8,2.03%
Atf2(bZIP)/3T3L1-Atf2-ChIP-Seq(GSE56872)/Homer,NRRTGACGTCAT,1.00E+00,-8.68E-01,1,23,7.59%,2106.6,7.17%
PU.1(ETS)/ThioMac-PU.1-ChIP-Seq(GSE21512)/Homer,AGAGGAAGTG,1.00E+00,-8.64E-01,1,34,11.22%,3156.5,10.74%
BORIS(Zf)/K562-CTCFL-ChIP-Seq(GSE32465)/Homer,CNNBRGCGCCCCCTGSTGGC,1.00E+00,-8.37E-01,1,20,6.60%,1835.3,6.25%
Sox17(HMG)/Endoderm-Sox17-ChIP-Seq(GSE61475)/Homer,CCATTGTTYB,1.00E+00,-8.27E-01,1,24,7.92%,2221.3,7.56%
CREB5(bZIP)/LNCaP-CREB5.V5-ChIP-Seq(GSE137775)/Homer,VVATGACGTCAT,1.00E+00,-8.22E-01,1,21,6.93%,1937.6,6.59%
"PPARa(NR),DR1/Liver-Ppara-ChIP-Seq(GSE47954)/Homer",VNAGGKCAAAGGTCA,1.00E+00,-8.12E-01,1,51,16.83%,4818.9,16.40%
ZNF264(Zf)/HEK293-ZNF264.GFP-ChIP-Seq(GSE58341)/Homer,RGGGCACTAACY,1.00E+00,-8.02E-01,1,30,9.90%,2808.7,9.56%
FOXK1(Forkhead)/HEK293-FOXK1-ChIP-Seq(GSE51673)/Homer,NVWTGTTTAC,1.00E+00,-7.95E-01,1,33,10.89%,3101,10.55%
Mef2b(MADS)/HEK293-Mef2b.V5-ChIP-Seq(GSE67450)/Homer,GCTATTTTTGGM,1.00E+00,-7.88E-01,1,26,8.58%,2432.8,8.28%
Zfp809(Zf)/ES-Zfp809-ChIP-Seq(GSE70799)/Homer,GGGGCTYGKCTGGGA,1.00E+00,-7.79E-01,1,15,4.95%,1383.4,4.71%
EHF(ETS)/LoVo-EHF-ChIP-Seq(GSE49402)/Homer,AVCAGGAAGT,1.00E+00,-7.78E-01,1,83,27.39%,7929.4,26.99%
ERRg(NR)/Kidney-ESRRG-ChIP-Seq(GSE104905)/Homer,GTGACCTTGRVN,1.00E+00,-7.67E-01,1,34,11.22%,3213.6,10.94%
Tbr1(T-box)/Cortex-Tbr1-ChIP-Seq(GSE71384)/Homer,AAGGTGTKAA,1.00E+00,-7.57E-01,1,49,16.17%,4665.9,15.88%
"Pax7(Paired,Homeobox)/Myoblast-Pax7-ChIP-Seq(GSE25064)/Homer",TAATCAATTA,1.00E+00,-7.46E-01,1,2,0.66%,154.3,0.53%
Sox21(HMG)/ESC-SOX21-ChIP-Seq(GSE110505)/Homer,BCCWTTGTBYKV,1.00E+00,-7.44E-01,1,67,22.11%,6413.8,21.83%
Atf4(bZIP)/MEF-Atf4-ChIP-Seq(GSE35681)/Homer,MTGATGCAAT,1.00E+00,-7.37E-01,1,10,3.30%,920.5,3.13%
Nr5a2(NR)/Pancreas-LRH1-ChIP-Seq(GSE34295)/Homer,BTCAAGGTCA,1.00E+00,-7.36E-01,1,29,9.57%,2750.5,9.36%
RUNX1(Runt)/Jurkat-RUNX1-ChIP-Seq(GSE29180)/Homer,AAACCACARM,1.00E+00,-7.34E-01,1,40,13.20%,3813.5,12.98%
Gli2(Zf)/GM2-Gli2-ChIP-Chip(GSE112702)/Homer,YSTGGGTGGTCT,1.00E+00,-7.33E-01,1,14,4.62%,1306.9,4.45%
"GATA:SCL(Zf,bHLH)/Ter119-SCL-ChIP-Seq(GSE18720)/Homer",CRGCTGBNGNSNNSAGATAA,1.00E+00,-7.32E-01,1,5,1.65%,442.3,1.51%
ZNF519(Zf)/HEK293-ZNF519.GFP-ChIP-Seq(GSE58341)/Homer,GAGSCCGAGC,1.00E+00,-7.31E-01,1,17,5.61%,1596.2,5.43%
Tbet(T-box)/CD8-Tbet-ChIP-Seq(GSE33802)/Homer,AGGTGTGAAM,1.00E+00,-7.29E-01,1,36,11.88%,3430.7,11.68%
Cdx2(Homeobox)/mES-Cdx2-ChIP-Seq(GSE14586)/Homer,GYMATAAAAH,1.00E+00,-7.23E-01,1,18,5.94%,1696.4,5.77%
Lhx3(Homeobox)/Neuron-Lhx3-ChIP-Seq(GSE31456)/Homer,ADBTAATTAR,1.00E+00,-7.20E-01,1,55,18.15%,5273.7,17.95%
Dlx3(Homeobox)/Kerainocytes-Dlx3-ChIP-Seq(GSE89884)/Homer,NDGTAATTAC,1.00E+00,-7.19E-01,1,18,5.94%,1698.5,5.78%
Hnf1(Homeobox)/Liver-Foxa2-Chip-Seq(GSE25694)/Homer,GGTTAAWCATTAA,1.00E+00,-7.06E-01,1,4,1.32%,352.5,1.20%
THRa(NR)/C17.2-THRa-ChIP-Seq(GSE38347)/Homer,GGTCANYTGAGGWCA,1.00E+00,-7.01E-01,1,20,6.60%,1900.2,6.47%
Mouse_Recombination_Hotspot(Zf)/Testis-DMC1-ChIP-Seq(GSE24438)/Homer,ACTYKNATTCGTGNTACTTC,1.00E+00,-6.86E-01,1,2,0.66%,163.2,0.56%
p73(p53)/Trachea-p73-ChIP-Seq(PRJNA310161)/Homer,NRRRCAWGTCCDGRCATGYY,1.00E+00,-6.86E-01,1,2,0.66%,163.6,0.56%
CRE(bZIP)/Promoter/Homer,CSGTGACGTCAC,1.00E+00,-6.79E-01,1,23,7.59%,2203.5,7.50%
"LXRE(NR),DR4/RAW-LXRb.biotin-ChIP-Seq(GSE21512)/Homer",RGGTTACTANAGGTCA,1.00E+00,-6.73E-01,1,2,0.66%,165.2,0.56%
FOXK2(Forkhead)/U2OS-FOXK2-ChIP-Seq(E-MTAB-2204)/Homer,SCHTGTTTACAT,1.00E+00,-6.73E-01,1,20,6.60%,1915.4,6.52%
RORg(NR)/Liver-Rorc-ChIP-Seq(GSE101115)/Homer,WAABTAGGTCAV,1.00E+00,-6.70E-01,1,3,0.99%,263.2,0.90%
Pknox1(Homeobox)/ES-Prep1-ChIP-Seq(GSE63282)/Homer,SCTGTCAVTCAV,1.00E+00,-6.65E-01,1,14,4.62%,1336.2,4.55%
ZSCAN22(Zf)/HEK293-ZSCAN22.GFP-ChIP-Seq(GSE58341)/Homer,SMCAGTCWGAKGGAGGAGGC,1.00E+00,-6.64E-01,1,6,1.98%,557.9,1.90%
CEBP:CEBP(bZIP)/MEF-Chop-ChIP-Seq(GSE35681)/Homer,NTNATGCAAYMNNHTGMAAY,1.00E+00,-6.62E-01,1,5,1.65%,460.9,1.57%
DLX1(Homeobox)/BasalGanglia-Dlx1-ChIP-seq(GSE124936)/Homer,NSNNTAATTA,1.00E+00,-6.56E-01,1,41,13.53%,3966.8,13.50%
CUX1(Homeobox)/K562-CUX1-ChIP-Seq(GSE92882)/Homer,TATCGATNAN,1.00E+00,-6.53E-01,1,18,5.94%,1731.4,5.89%
FOXA1(Forkhead)/LNCAP-FOXA1-ChIP-Seq(GSE27824)/Homer,WAAGTAAACA,1.00E+00,-6.30E-01,1,34,11.22%,3304.8,11.25%
EBNA1(EBV-virus)/Raji-EBNA1-ChIP-Seq(GSE30709)/Homer,GGYAGCAYDTGCTDCCCNNN,1.00E+00,-6.21E-01,1,1,0.33%,74.5,0.25%
MyoG(bHLH)/C2C12-MyoG-ChIP-Seq(GSE36024)/Homer,AACAGCTG,1.00E+00,-6.19E-01,1,54,17.82%,5260.2,17.90%
Sox4(HMG)/proB-Sox4-ChIP-Seq(GSE50066)/Homer,YCTTTGTTCC,1.00E+00,-6.17E-01,1,32,10.56%,3118.3,10.61%
PBX2(Homeobox)/K562-PBX2-ChIP-Seq(Encode)/Homer,RTGATTKATRGN,1.00E+00,-6.14E-01,1,25,8.25%,2437,8.29%
Smad4(MAD)/ESC-SMAD4-ChIP-Seq(GSE29422)/Homer,VBSYGTCTGG,1.00E+00,-6.13E-01,1,79,26.07%,7697.8,26.20%
Duxbl(Homeobox)/NIH3T3-Duxbl.HA-ChIP-Seq(GSE119782)/Homer,TAAYCYAATCAA,1.00E+00,-6.03E-01,1,2,0.66%,177.4,0.60%
PRDM10(Zf)/HEK293-PRDM10.eGFP-ChIP-Seq(Encode)/Homer,TGGTACATTCCA,1.00E+00,-5.99E-01,1,27,8.91%,2642,8.99%
MYNN(Zf)/HEK293-MYNN.eGFP-ChIP-Seq(Encode)/Homer,TTCAAAWTAAAAGTC,1.00E+00,-5.95E-01,1,7,2.31%,678.1,2.31%
PR(NR)/T47D-PR-ChIP-Seq(GSE31130)/Homer,VAGRACAKNCTGTBC,1.00E+00,-5.84E-01,1,84,27.72%,8213.7,27.96%
ZNF165(Zf)/WHIM12-ZNF165-ChIP-Seq(GSE65937)/Homer,AAGGKGRCGCAGGCA,1.00E+00,-5.82E-01,1,8,2.64%,782.5,2.66%
NeuroD1(bHLH)/Islet-NeuroD1-ChIP-Seq(GSE30298)/Homer,GCCATCTGTT,1.00E+00,-5.79E-01,1,35,11.55%,3440.4,11.71%
ZBTB18(Zf)/HEK293-ZBTB18.GFP-ChIP-Seq(GSE58341)/Homer,AACATCTGGA,1.00E+00,-5.74E-01,1,21,6.93%,2070,7.05%
Twist(bHLH)/HMLE-TWIST1-ChIP-Seq(Chang_et_al)/Homer,VCAKCTGGNNNCCAGMTGBN,1.00E+00,-5.73E-01,1,5,1.65%,486.9,1.66%
HIF-1a(bHLH)/MCF7-HIF1a-ChIP-Seq(GSE28352)/Homer,TACGTGCV,1.00E+00,-5.65E-01,1,11,3.63%,1087.9,3.70%
DMRT1(DM)/Testis-DMRT1-ChIP-Seq(GSE64892)/Homer,TWGHWACAWTGTWDC,1.00E+00,-5.64E-01,1,6,1.98%,589.9,2.01%
HRE(HSF)/HepG2-HSF1-ChIP-Seq(GSE31477)/Homer,BSTTCTRGAABVTTCYAGAA,1.00E+00,-5.64E-01,1,8,2.64%,789.7,2.69%
GLIS3(Zf)/Thyroid-Glis3.GFP-ChIP-Seq(GSE103297)/Homer,CTCCCTGGGAGGCCN,1.00E+00,-5.61E-01,1,94,31.02%,9212.5,31.36%
DMRT6(DM)/Testis-DMRT6-ChIP-Seq(GSE60440)/Homer,YDGHTACAWTGTADC,1.00E+00,-5.60E-01,1,5,1.65%,490.2,1.67%
"GRE(NR),IR3/RAW264.7-GRE-ChIP-Seq(Unpublished)/Homer",VAGRACAKWCTGTYC,1.00E+00,-5.54E-01,1,8,2.64%,793.2,2.70%
BMYB(HTH)/Hela-BMYB-ChIP-Seq(GSE27030)/Homer,NHAACBGYYV,1.00E+00,-5.50E-01,1,67,22.11%,6594.3,22.44%
Barx1(Homeobox)/Stomach-Barx1.3xFlag-ChIP-Seq(GSE69483)/Homer,AAACMATTAN,1.00E+00,-5.48E-01,1,12,3.96%,1195.9,4.07%
Six1(Homeobox)/Myoblast-Six1-ChIP-Chip(GSE20150)/Homer,GKVTCADRTTWC,1.00E+00,-5.43E-01,1,9,2.97%,898.4,3.06%
Sox6(HMG)/Myotubes-Sox6-ChIP-Seq(GSE32627)/Homer,CCATTGTTNY,1.00E+00,-5.37E-01,1,55,18.15%,5434.5,18.50%
"ETS:E-box(ETS,bHLH)/HPC7-Scl-ChIP-Seq(GSE22178)/Homer",AGGAARCAGCTG,1.00E+00,-5.36E-01,1,4,1.32%,396,1.35%
Pdx1(Homeobox)/Islet-Pdx1-ChIP-Seq(SRA008281)/Homer,YCATYAATCA,1.00E+00,-5.33E-01,1,24,7.92%,2393.3,8.15%
Erra(NR)/HepG2-Erra-ChIP-Seq(GSE31477)/Homer,CAAAGGTCAG,1.00E+00,-5.26E-01,1,96,31.68%,9447.4,32.16%
Hoxd13(Homeobox)/ChickenMSG-Hoxd13.Flag-ChIP-Seq(GSE86088)/Homer,NCYAATAAAA,1.00E+00,-5.21E-01,1,49,16.17%,4862.2,16.55%
Snail1(Zf)/LS174T-SNAIL1.HA-ChIP-Seq(GSE127183)/Homer,TRCACCTGCY,1.00E+00,-5.15E-01,1,38,12.54%,3787.6,12.89%
En1(Homeobox)/SUM149-EN1-ChIP-Seq(GSE120957)/Homer,NDCTAATTAS,1.00E+00,-5.15E-01,1,67,22.11%,6631.6,22.57%
PRDM14(Zf)/H1-PRDM14-ChIP-Seq(GSE22767)/Homer,RGGTCTCTAACY,1.00E+00,-5.14E-01,1,14,4.62%,1412.2,4.81%
Eomes(T-box)/H9-Eomes-ChIP-Seq(GSE26097)/Homer,ATTAACACCT,1.00E+00,-5.08E-01,1,73,24.09%,7225.5,24.59%
AP-2gamma(AP2)/MCF7-TFAP2C-ChIP-Seq(GSE21234)/Homer,SCCTSAGGSCAW,1.00E+00,-5.08E-01,1,72,23.76%,7128.2,24.26%
LRF(Zf)/Erythroblasts-ZBTB7A-ChIP-Seq(GSE74977)/Homer,AAGACCCYYN,1.00E+00,-5.04E-01,1,97,32.01%,9572.6,32.58%
HIC1(Zf)/Treg-ZBTB29-ChIP-Seq(GSE99889)/Homer,TGCCAGCB,1.00E+00,-4.97E-01,1,103,33.99%,10165.5,34.60%
NF-E2(bZIP)/K562-NFE2-ChIP-Seq(GSE31477)/Homer,GATGACTCAGCA,1.00E+00,-4.94E-01,1,2,0.66%,199.3,0.68%
DLX5(Homeobox)/BasalGanglia-Dlx5-ChIP-seq(GSE124936)/Homer,SSTAATTA,1.00E+00,-4.89E-01,1,21,6.93%,2126.5,7.24%
Hoxd12(Homeobox)/ChickenMSG-Hoxd12.Flag-ChIP-Seq(GSE86088)/Homer,HDGYAATGAAAN,1.00E+00,-4.82E-01,1,52,17.16%,5196.9,17.69%
Pbx3(Homeobox)/GM12878-PBX3-ChIP-Seq(GSE32465)/Homer,SCTGTCAMTCAN,1.00E+00,-4.74E-01,1,13,4.29%,1335.6,4.55%
PRDM9(Zf)/Testis-DMC1-ChIP-Seq(GSE35498)/Homer,ADGGYAGYAGCATCT,1.00E+00,-4.69E-01,1,17,5.61%,1740.4,5.92%
Npas4(bHLH)/Neuron-Npas4-ChIP-Seq(GSE127793)/Homer,NHRTCACGACDN,1.00E+00,-4.65E-01,1,35,11.55%,3536.2,12.04%
Rbpj1(?)/Panc1-Rbpj1-ChIP-Seq(GSE47459)/Homer,HTTTCCCASG,1.00E+00,-4.60E-01,1,69,22.77%,6890.1,23.45%
Foxh1(Forkhead)/hESC-FOXH1-ChIP-Seq(GSE29422)/Homer,NNTGTGGATTSS,1.00E+00,-4.60E-01,1,18,5.94%,1847.8,6.29%
Gata4(Zf)/Heart-Gata4-ChIP-Seq(GSE35151)/Homer,NBWGATAAGR,1.00E+00,-4.59E-01,1,30,9.90%,3045.9,10.37%
"OCT4-SOX2-TCF-NANOG(POU,Homeobox,HMG)/mES-Oct4-ChIP-Seq(GSE11431)/Homer",ATTTGCATAACAATG,1.00E+00,-4.46E-01,1,4,1.32%,425.6,1.45%
GRHL2(CP2)/HBE-GRHL2-ChIP-Seq(GSE46194)/Homer,AAACYKGTTWDACMRGTTTB,1.00E+00,-4.39E-01,1,13,4.29%,1356.3,4.62%
SF1(NR)/H295R-Nr5a1-ChIP-Seq(GSE44220)/Homer,CAAGGHCANV,1.00E+00,-4.37E-01,1,16,5.28%,1661.6,5.66%
"OCT:OCT(POU,Homeobox)/NPC-OCT6-ChIP-Seq(GSE43916)/Homer",YATGCATATRCATRT,1.00E+00,-4.36E-01,1,2,0.66%,213.1,0.73%
bHLHE41(bHLH)/proB-Bhlhe41-ChIP-Seq(GSE93764)/Homer,KCACGTGMCN,1.00E+00,-4.31E-01,1,58,19.14%,5845,19.89%
ZNF341(Zf)/EBV-ZNF341-ChIP-Seq(GSE113194)/Homer,GGAACAGCCG,1.00E+00,-4.28E-01,1,36,11.88%,3671.7,12.50%
ARE(NR)/LNCAP-AR-ChIP-Seq(GSE27824)/Homer,RGRACASNSTGTYCYB,1.00E+00,-4.24E-01,1,9,2.97%,956.8,3.26%
Hoxa9(Homeobox)/ChickenMSG-Hoxa9.Flag-ChIP-Seq(GSE86088)/Homer,RGCAATNAAA,1.00E+00,-4.21E-01,1,97,32.01%,9682.4,32.96%
GATA3(Zf)/iTreg-Gata3-ChIP-Seq(GSE20898)/Homer,AGATAASR,1.00E+00,-4.19E-01,1,43,14.19%,4375.1,14.89%
RARa(NR)/K562-RARa-ChIP-Seq(Encode)/Homer,TTGAMCTTTG,1.00E+00,-4.08E-01,1,109,35.97%,10872.9,37.01%
Hoxc9(Homeobox)/Ainv15-Hoxc9-ChIP-Seq(GSE21812)/Homer,GGCCATAAATCA,1.00E+00,-3.92E-01,1,13,4.29%,1387.2,4.72%
Cux2(Homeobox)/Liver-Cux2-ChIP-Seq(GSE35985)/Homer,HNRAATCAAT,1.00E+00,-3.90E-01,1,11,3.63%,1182.5,4.02%
Foxo3(Forkhead)/U2OS-Foxo3-ChIP-Seq(E-MTAB-2701)/Homer,DGTAAACA,1.00E+00,-3.90E-01,1,21,6.93%,2203.2,7.50%
EKLF(Zf)/Erythrocyte-Klf1-ChIP-Seq(GSE20478)/Homer,NWGGGTGTGGCY,1.00E+00,-3.86E-01,1,17,5.61%,1800.9,6.13%
ZNF467(Zf)/HEK293-ZNF467.GFP-ChIP-Seq(GSE58341)/Homer,TGGGGAAGGGCM,1.00E+00,-3.83E-01,1,69,22.77%,6989.6,23.79%
Phox2b(Homeobox)/CLBGA-PHOX2B-ChIP-Seq(GSE90683)/Homer,TTAATTNAATTA,1.00E+00,-3.82E-01,1,3,0.99%,340.3,1.16%
TFE3(bHLH)/MEF-TFE3-ChIP-Seq(GSE75757)/Homer,GTCACGTGACYV,1.00E+00,-3.80E-01,1,6,1.98%,665.3,2.26%
"OCT:OCT-short(POU,Homeobox)/NPC-OCT6-ChIP-Seq(GSE43916)/Homer",ATGCATWATGCATRW,1.00E+00,-3.79E-01,1,13,4.29%,1396.4,4.75%
"RXR(NR),DR1/3T3L1-RXR-ChIP-Seq(GSE13511)/Homer",TAGGGCAAAGGTCA,1.00E+00,-3.53E-01,1,54,17.82%,5547.5,18.88%
ELF3(ETS)/PDAC-ELF3-ChIP-Seq(GSE64557)/Homer,ANCAGGAAGT,1.00E+00,-3.47E-01,1,42,13.86%,4359.4,14.84%
Znf263(Zf)/K562-Znf263-ChIP-Seq(GSE31477)/Homer,CVGTSCTCCC,1.00E+00,-3.45E-01,1,113,37.29%,11363,38.68%
PSE(SNAPc)/K562-mStart-Seq/Homer,WAVTCACCMTAASYDAAAAG,1.00E+00,-3.44E-01,1,13,4.29%,1422.2,4.84%
Zfp281(Zf)/ES-Zfp281-ChIP-Seq(GSE81042)/Homer,CCCCTCCCCCAC,1.00E+00,-3.26E-01,1,24,7.92%,2568.2,8.74%
HIF2a(bHLH)/785_O-HIF2a-ChIP-Seq(GSE34871)/Homer,GCACGTACCC,1.00E+00,-3.22E-01,1,13,4.29%,1439,4.90%
Tgif1(Homeobox)/mES-Tgif1-ChIP-Seq(GSE55404)/Homer,YTGWCADY,1.00E+00,-3.20E-01,1,110,36.30%,11114.8,37.83%
Zic(Zf)/Cerebellum-ZIC1.2-ChIP-Seq(GSE60731)/Homer,CCTGCTGAGH,1.00E+00,-3.19E-01,1,41,13.53%,4295.1,14.62%
"E2A(bHLH),near_PU.1/Bcell-PU.1-ChIP-Seq(GSE21512)/Homer",NVCACCTGBN,1.00E+00,-3.18E-01,1,60,19.80%,6194.3,21.08%
CTCF(Zf)/CD4+-CTCF-ChIP-Seq(Barski_et_al.)/Homer,AYAGTGCCMYCTRGTGGCCA,1.00E+00,-3.17E-01,1,8,2.64%,915.2,3.11%
Sox10(HMG)/SciaticNerve-Sox3-ChIP-Seq(GSE35132)/Homer,CCWTTGTYYB,1.00E+00,-3.15E-01,1,58,19.14%,6000,20.42%
NeuroG2(bHLH)/Fibroblast-NeuroG2-ChIP-Seq(GSE75910)/Homer,ACCATCTGTT,1.00E+00,-3.14E-01,1,59,19.47%,6101.3,20.77%
Smad2(MAD)/ES-SMAD2-ChIP-Seq(GSE29422)/Homer,CTGTCTGG,1.00E+00,-3.13E-01,1,73,24.09%,7490.1,25.49%
AP-2alpha(AP2)/Hela-AP2alpha-ChIP-Seq(GSE31477)/Homer,ATGCCCTGAGGC,1.00E+00,-3.11E-01,1,53,17.49%,5507.5,18.75%
ZEB2(Zf)/SNU398-ZEB2-ChIP-Seq(GSE103048)/Homer,GNMCAGGTGTGC,1.00E+00,-3.07E-01,1,41,13.53%,4312.1,14.68%
Ap4(bHLH)/AML-Tfap4-ChIP-Seq(GSE45738)/Homer,NAHCAGCTGD,1.00E+00,-3.06E-01,1,55,18.15%,5714.7,19.45%
Tbx5(T-box)/HL1-Tbx5.biotin-ChIP-Seq(GSE21529)/Homer,AGGTGTCA,1.00E+00,-3.05E-01,1,128,42.24%,12898.2,43.90%
Ets1-distal(ETS)/CD4+-PolII-ChIP-Seq(Barski_et_al.)/Homer,MACAGGAAGT,1.00E+00,-2.90E-01,1,17,5.61%,1885.4,6.42%
ZBTB12(Zf)/HEK293-ZBTB12.GFP-ChIP-Seq(GSE58341)/Homer,NGNTCTAGAACCNGV,1.00E+00,-2.87E-01,1,18,5.94%,1992.1,6.78%
JunD(bZIP)/K562-JunD-ChIP-Seq/Homer,ATGACGTCATCN,1.00E+00,-2.85E-01,1,8,2.64%,937,3.19%
Elf4(ETS)/BMDM-Elf4-ChIP-Seq(GSE88699)/Homer,ACTTCCKGKT,1.00E+00,-2.69E-01,1,74,24.42%,7667.5,26.10%
TCFL2(HMG)/K562-TCF7L2-ChIP-Seq(GSE29196)/Homer,ACWTCAAAGG,1.00E+00,-2.66E-01,1,2,0.66%,269.6,0.92%
LHX9(Homeobox)/Hct116-LHX9.V5-ChIP-Seq(GSE116822)/Homer,NGCTAATTAG,1.00E+00,-2.61E-01,1,42,13.86%,4479.5,15.25%
Tcf3(HMG)/mES-Tcf3-ChIP-Seq(GSE11724)/Homer,ASWTCAAAGG,1.00E+00,-2.57E-01,1,7,2.31%,849.2,2.89%
"GATA3(Zf),DR8/iTreg-Gata3-ChIP-Seq(GSE20898)/Homer",AGATSTNDNNDSAGATAASN,1.00E+00,-2.52E-01,1,1,0.33%,145.1,0.49%
Arnt:Ahr(bHLH)/MCF7-Arnt-ChIP-Seq(Lo_et_al.)/Homer,TBGCACGCAA,1.00E+00,-2.51E-01,1,30,9.90%,3273.4,11.14%
Atf7(bZIP)/3T3L1-Atf7-ChIP-Seq(GSE56872)/Homer,NGRTGACGTCAY,1.00E+00,-2.49E-01,1,25,8.25%,2762.7,9.40%
HOXA2(Homeobox)/mES-Hoxa2-ChIP-Seq(Donaldson_et_al.)/Homer,GYCATCMATCAT,1.00E+00,-2.46E-01,1,2,0.66%,278.8,0.95%
"RBPJ:Ebox(?,bHLH)/Panc1-Rbpj1-ChIP-Seq(GSE47459)/Homer",GGGRAARRGRMCAGMTG,1.00E+00,-2.37E-01,1,13,4.29%,1517.4,5.16%
"PAX5(Paired,Homeobox),condensed/GM12878-PAX5-ChIP-Seq(GSE32465)/Homer",GTCACGCTCSCTGM,1.00E+00,-2.33E-01,1,4,1.32%,526.5,1.79%
Lhx1(Homeobox)/EmbryoCarcinoma-Lhx1-ChIP-Seq(GSE70957)/Homer,NNYTAATTAR,1.00E+00,-2.29E-01,1,28,9.24%,3100.6,10.55%
FoxD3(forkhead)/ZebrafishEmbryo-Foxd3.biotin-ChIP-seq(GSE106676)/Homer,TGTTTAYTTAGC,1.00E+00,-2.25E-01,1,23,7.59%,2586.7,8.80%
Prop1(Homeobox)/GHFT1-PROP1.biotin-ChIP-Seq(GSE77302)/Homer,NTAATBNAATTA,1.00E+00,-2.25E-01,1,10,3.30%,1206.4,4.11%
E-box(bHLH)/Promoter/Homer,SSGGTCACGTGA,1.00E+00,-2.24E-01,1,6,1.98%,763,2.60%
ZNF711(Zf)/SHSY5Y-ZNF711-ChIP-Seq(GSE20673)/Homer,AGGCCTAG,1.00E+00,-2.22E-01,1,100,33.00%,10335,35.18%
Hoxb4(Homeobox)/ES-Hoxb4-ChIP-Seq(GSE34014)/Homer,TGATTRATGGCY,1.00E+00,-2.21E-01,1,4,1.32%,534.1,1.82%
ERG(ETS)/VCaP-ERG-ChIP-Seq(GSE14097)/Homer,ACAGGAAGTG,1.00E+00,-2.19E-01,1,98,32.34%,10144.5,34.53%
MyoD(bHLH)/Myotube-MyoD-ChIP-Seq(GSE21614)/Homer,RRCAGCTGYTSY,1.00E+00,-2.13E-01,1,36,11.88%,3948.7,13.44%
Nrf2(bZIP)/Lymphoblast-Nrf2-ChIP-Seq(GSE37589)/Homer,HTGCTGAGTCAT,1.00E+00,-2.09E-01,1,1,0.33%,161.5,0.55%
E2F7(E2F)/Hela-E2F7-ChIP-Seq(GSE32673)/Homer,VDTTTCCCGCCA,1.00E+00,-2.09E-01,1,10,3.30%,1222.2,4.16%
n-Myc(bHLH)/mES-nMyc-ChIP-Seq(GSE11431)/Homer,VRCCACGTGG,1.00E+00,-2.08E-01,1,28,9.24%,3132.2,10.66%
TRPS1(Zf)/MCF7-TRPS1-ChIP-Seq(GSE107013)/Homer,AGATAAGANN,1.00E+00,-2.07E-01,1,54,17.82%,5788.1,19.70%
ELF5(ETS)/T47D-ELF5-ChIP-Seq(GSE30407)/Homer,ACVAGGAAGT,1.00E+00,-2.07E-01,1,45,14.85%,4877.4,16.60%
CLOCK(bHLH)/Liver-Clock-ChIP-Seq(GSE39860)/Homer,GHCACGTG,1.00E+00,-2.04E-01,1,23,7.59%,2617.5,8.91%
"GATA(Zf),IR4/iTreg-Gata3-ChIP-Seq(GSE20898)/Homer",NAGATWNBNATCTNN,1.00E+00,-2.02E-01,1,1,0.33%,164.4,0.56%
"TR4(NR),DR1/Hela-TR4-ChIP-Seq(GSE24685)/Homer",GAGGTCAAAGGTCA,1.00E+00,-2.01E-01,1,4,1.32%,549.1,1.87%
ZBTB33(Zf)/GM12878-ZBTB33-ChIP-Seq(GSE32465)/Homer,GGVTCTCGCGAGAAC,1.00E+00,-2.01E-01,1,4,1.32%,549.9,1.87%
BHLHA15(bHLH)/NIH3T3-BHLHB8.HA-ChIP-Seq(GSE119782)/Homer,NAMCAGCTGK,1.00E+00,-1.98E-01,1,54,17.82%,5808.3,19.77%
Nr5a2(NR)/mES-Nr5a2-ChIP-Seq(GSE19019)/Homer,BTCAAGGTCA,1.00E+00,-1.98E-01,1,18,5.94%,2100,7.15%
Nkx2.2(Homeobox)/NPC-Nkx2.2-ChIP-Seq(GSE61673)/Homer,BTBRAGTGSN,1.00E+00,-1.87E-01,1,81,26.73%,8538.8,29.06%
CHR(?)/Hela-CellCycle-Expression/Homer,SRGTTTCAAA,1.00E+00,-1.83E-01,1,17,5.61%,2013.5,6.85%
ZEB1(Zf)/PDAC-ZEB1-ChIP-Seq(GSE64557)/Homer,VCAGGTRDRY,1.00E+00,-1.81E-01,1,67,22.11%,7156.1,24.36%
ZNF143|STAF(Zf)/CUTLL-ZNF143-ChIP-Seq(GSE29600)/Homer,ATTTCCCAGVAKSCY,1.00E+00,-1.81E-01,1,21,6.93%,2443.6,8.32%
Tbx6(T-box)/ESC-Tbx6-ChIP-Seq(GSE93524)/Homer,DAGGTGTBAA,1.00E+00,-1.78E-01,1,38,12.54%,4219.4,14.36%
Hnf6b(Homeobox)/LNCaP-Hnf6b-ChIP-Seq(GSE106305)/Homer,TATTGAYY,1.00E+00,-1.76E-01,1,19,6.27%,2238,7.62%
ZNF189(Zf)/HEK293-ZNF189.GFP-ChIP-Seq(GSE58341)/Homer,TGGAACAGMA,1.00E+00,-1.75E-01,1,34,11.22%,3814.6,12.98%
"Brn2(POU,Homeobox)/NPC-Brn2-ChIP-Seq(GSE35496)/Homer",ATGAATATTC,1.00E+00,-1.71E-01,1,1,0.33%,179.8,0.61%
MYB(HTH)/ERMYB-Myb-ChIPSeq(GSE22095)/Homer,GGCVGTTR,1.00E+00,-1.70E-01,1,76,25.08%,8086,27.52%
ZNF692(Zf)/HEK293-ZNF692.GFP-ChIP-Seq(GSE58341)/Homer,GTGGGCCCCA,1.00E+00,-1.69E-01,1,6,1.98%,813.3,2.77%
ZNF768(Zf)/Rajj-ZNF768-ChIP-Seq(GSE111879)/Homer,RHHCAGAGAGGB,1.00E+00,-1.63E-01,1,1,0.33%,183.2,0.62%
HNF6(Homeobox)/Liver-Hnf6-ChIP-Seq(ERP000394)/Homer,NTATYGATCH,1.00E+00,-1.60E-01,1,12,3.96%,1503.9,5.12%
Ptf1a(bHLH)/Panc1-Ptf1a-ChIP-Seq(GSE47459)/Homer,ACAGCTGTTN,1.00E+00,-1.59E-01,1,109,35.97%,11388.5,38.76%
HRE(HSF)/Striatum-HSF1-ChIP-Seq(GSE38000)/Homer,TTCTAGAABNTTCTA,1.00E+00,-1.43E-01,1,7,2.31%,959.4,3.27%
Meis1(Homeobox)/MastCells-Meis1-ChIP-Seq(GSE48085)/Homer,VGCTGWCAVB,1.00E+00,-1.43E-01,1,66,21.78%,7159.5,24.37%
"PPARE(NR),DR1/3T3L1-Pparg-ChIP-Seq(GSE13511)/Homer",TGACCTTTGCCCCA,1.00E+00,-1.42E-01,1,40,13.20%,4509.2,15.35%
MITF(bHLH)/MastCells-MITF-ChIP-Seq(GSE48085)/Homer,RTCATGTGAC,1.00E+00,-1.41E-01,1,36,11.88%,4096.9,13.94%
"GATA(Zf),IR3/iTreg-Gata3-ChIP-Seq(GSE20898)/Homer",NNNNNBAGATAWYATCTVHN,1.00E+00,-1.40E-01,1,2,0.66%,344,1.17%
Twist2(bHLH)/Myoblast-Twist2.Ty1-ChIP-Seq(GSE127998)/Homer,MCAGCTGBYH,1.00E+00,-1.38E-01,1,66,21.78%,7173.6,24.42%
SCRT1(Zf)/HEK293-SCRT1.eGFP-ChIP-Seq(Encode)/Homer,GCAACAGGTG,1.00E+00,-1.36E-01,1,9,2.97%,1200.5,4.09%
E2F1(E2F)/Hela-E2F1-ChIP-Seq(GSE22478)/Homer,CWGGCGGGAA,1.00E+00,-1.28E-01,1,19,6.27%,2325,7.91%
bHLHE40(bHLH)/HepG2-BHLHE40-ChIP-Seq(GSE31477)/Homer,KCACGTGMCN,1.00E+00,-1.26E-01,1,13,4.29%,1669.8,5.68%
FOXP1(Forkhead)/H9-FOXP1-ChIP-Seq(GSE31006)/Homer,NYYTGTTTACHN,1.00E+00,-1.21E-01,1,10,3.30%,1339.6,4.56%
Tcf12(bHLH)/GM12878-Tcf12-ChIP-Seq(GSE32465)/Homer,VCAGCTGYTG,1.00E+00,-1.20E-01,1,45,14.85%,5086.4,17.31%
TCF4(bHLH)/SHSY5Y-TCF4-ChIP-Seq(GSE96915)/Homer,SMCATCTGKH,1.00E+00,-1.18E-01,1,54,17.82%,6018.8,20.49%
Isl1(Homeobox)/Neuron-Isl1-ChIP-Seq(GSE31456)/Homer,CTAATKGV,1.00E+00,-1.09E-01,1,60,19.80%,6659.5,22.67%
ZNF669(Zf)/HEK293-ZNF669.GFP-ChIP-Seq(GSE58341)/Homer,GARTGGTCATCGCCC,1.00E+00,-1.09E-01,1,2,0.66%,372.3,1.27%
Chop(bZIP)/MEF-Chop-ChIP-Seq(GSE35681)/Homer,ATTGCATCAT,1.00E+00,-1.08E-01,1,5,1.65%,767.7,2.61%
Lhx2(Homeobox)/HFSC-Lhx2-ChIP-Seq(GSE48068)/Homer,TAATTAGN,1.00E+00,-1.05E-01,1,24,7.92%,2919.8,9.94%
HOXA1(Homeobox)/mES-Hoxa1-ChIP-Seq(SRP084292)/Homer,TGATKGATGR,1.00E+00,-1.04E-01,1,4,1.32%,646.9,2.20%
Hand2(bHLH)/Mesoderm-Hand2-ChIP-Seq(GSE61475)/Homer,TGACANARRCCAGRC,1.00E+00,-9.99E-02,1,16,5.28%,2058.2,7.01%
Six4(Homeobox)/MCF7-SIX4-ChIP-Seq(Encode)/Homer,TGWAAYCTGABACCB,1.00E+00,-9.93E-02,1,1,0.33%,228.9,0.78%
"PAX6(Paired,Homeobox)/Forebrain-Pax6-ChIP-Seq(GSE66961)/Homer",NGTGTTCAVTSAAGCGKAAA,1.00E+00,-9.90E-02,1,2,0.66%,383.8,1.31%
EWS:FLI1-fusion(ETS)/SK_N_MC-EWS:FLI1-ChIP-Seq(SRA014231)/Homer,VACAGGAAAT,1.00E+00,-9.79E-02,1,37,12.21%,4323.1,14.71%
Atoh1(bHLH)/Cerebellum-Atoh1-ChIP-Seq(GSE22111)/Homer,VNRVCAGCTGGY,1.00E+00,-9.48E-02,1,42,13.86%,4857.8,16.53%
Foxo1(Forkhead)/RAW-Foxo1-ChIP-Seq(Fan_et_al.)/Homer,CTGTTTAC,1.00E+00,-9.40E-02,1,68,22.44%,7532.8,25.64%
Gata2(Zf)/K562-GATA2-ChIP-Seq(GSE18829)/Homer,BBCTTATCTS,1.00E+00,-9.11E-02,1,15,4.95%,1968.8,6.70%
HINFP(Zf)/K562-HINFP.eGFP-ChIP-Seq(Encode)/Homer,TWVGGTCCGC,1.00E+00,-9.07E-02,1,21,6.93%,2634.2,8.97%
Ascl2(bHLH)/ESC-Ascl2-ChIP-Seq(GSE97712)/Homer,SSRGCAGCTGCH,1.00E+00,-8.79E-02,1,49,16.17%,5611.8,19.10%
BMAL1(bHLH)/Liver-Bmal1-ChIP-Seq(GSE39860)/Homer,GNCACGTG,1.00E+00,-8.73E-02,1,57,18.81%,6438.9,21.92%
Gata6(Zf)/HUG1N-GATA6-ChIP-Seq(GSE51936)/Homer,YCTTATCTBN,1.00E+00,-8.63E-02,1,21,6.93%,2647,9.01%
Etv2(ETS)/ES-ER71-ChIP-Seq(GSE59402)/Homer,NNAYTTCCTGHN,1.00E+00,-8.41E-02,1,59,19.47%,6657.8,22.66%
ZFX(Zf)/mES-Zfx-ChIP-Seq(GSE11431)/Homer,AGGCCTRG,1.00E+00,-7.74E-02,1,58,19.14%,6585.6,22.42%
Smad3(MAD)/NPC-Smad3-ChIP-Seq(GSE36673)/Homer,TWGTCTGV,1.00E+00,-7.70E-02,1,127,41.91%,13486.8,45.90%
GFY(?)/Promoter/Homer,ACTACAATTCCC,1.00E+00,-7.39E-02,1,7,2.31%,1077.2,3.67%
"ETS:RUNX(ETS,Runt)/Jurkat-RUNX1-ChIP-Seq(GSE17954)/Homer",RCAGGATGTGGT,1.00E+00,-7.35E-02,1,5,1.65%,827.5,2.82%
Tgif2(Homeobox)/mES-Tgif2-ChIP-Seq(GSE55404)/Homer,TGTCANYT,1.00E+00,-6.85E-02,1,111,36.63%,11964.3,40.72%
ETV1(ETS)/GIST48-ETV1-ChIP-Seq(GSE22441)/Homer,AACCGGAAGT,1.00E+00,-6.76E-02,1,89,29.37%,9781.3,33.29%
c-Myc(bHLH)/LNCAP-cMyc-ChIP-Seq(Unpublished)/Homer,VCCACGTG,1.00E+00,-6.68E-02,1,21,6.93%,2713.8,9.24%
HIF-1b(HLH)/T47D-HIF1b-ChIP-Seq(GSE59937)/Homer,RTACGTGC,1.00E+00,-6.23E-02,1,41,13.53%,4890.2,16.64%
Fli1(ETS)/CD8-FLI-ChIP-Seq(GSE20898)/Homer,NRYTTCCGGH,1.00E+00,-5.87E-02,1,80,26.40%,8931.4,30.40%
"GATA3(Zf),DR4/iTreg-Gata3-ChIP-Seq(GSE20898)/Homer",AGATGKDGAGATAAG,1.00E+00,-5.74E-02,1,1,0.33%,279.6,0.95%
"Tbox:Smad(T-box,MAD)/ESCd5-Smad2_3-ChIP-Seq(GSE29422)/Homer",AGGTGHCAGACA,1.00E+00,-5.48E-02,1,4,1.32%,738.9,2.52%
MafF(bZIP)/HepG2-MafF-ChIP-Seq(GSE31477)/Homer,HWWGTCAGCAWWTTT,1.00E+00,-5.30E-02,1,3,0.99%,603.7,2.05%
p63(p53)/Keratinocyte-p63-ChIP-Seq(GSE17611)/Homer,NNDRCATGYCYNRRCATGYH,1.00E+00,-5.27E-02,1,9,2.97%,1382.8,4.71%
"ERE(NR),IR3/MCF7-ERa-ChIP-Seq(Unpublished)/Homer",VAGGTCACNSTGACC,1.00E+00,-5.26E-02,1,6,1.98%,1008.5,3.43%
NPAS(bHLH)/Liver-NPAS-ChIP-Seq(GSE39860)/Homer,NVCACGTG,1.00E+00,-4.78E-02,1,47,15.51%,5607.6,19.09%
Rfx1(HTH)/NPC-H3K4me1-ChIP-Seq(GSE16256)/Homer,KGTTGCCATGGCAA,1.00E+00,-4.72E-02,1,9,2.97%,1402.2,4.77%
ZNF675(Zf)/HEK293-ZNF675.GFP-ChIP-Seq(GSE58341)/Homer,ARGAGGMCAAAATGW,1.00E+00,-4.45E-02,1,2,0.66%,474.5,1.62%
Ascl1(bHLH)/NeuralTubes-Ascl1-ChIP-Seq(GSE55840)/Homer,NNVVCAGCTGBN,1.00E+00,-4.45E-02,1,65,21.45%,7503.9,25.54%
Gata1(Zf)/K562-GATA1-ChIP-Seq(GSE18829)/Homer,SAGATAAGRV,1.00E+00,-4.28E-02,1,12,3.96%,1783.3,6.07%
Zfp57(Zf)/H1-ZFP57.HA-ChIP-Seq(GSE115387)/Homer,NANTGCSGCA,1.00E+00,-4.28E-02,1,20,6.60%,2710.7,9.23%
c-Myc(bHLH)/mES-cMyc-ChIP-Seq(GSE11431)/Homer,VVCCACGTGG,1.00E+00,-4.28E-02,1,13,4.29%,1902.9,6.48%
Usf2(bHLH)/C2C12-Usf2-ChIP-Seq(GSE36030)/Homer,GTCACGTGGT,1.00E+00,-4.26E-02,1,11,3.63%,1664.2,5.66%
LEF1(HMG)/H1-LEF1-ChIP-Seq(GSE64758)/Homer,CCTTTGATST,1.00E+00,-4.23E-02,1,16,5.28%,2255,7.68%
USF1(bHLH)/GM12878-Usf1-ChIP-Seq(GSE32465)/Homer,SGTCACGTGR,1.00E+00,-4.07E-02,1,17,5.61%,2379.1,8.10%
Ronin(THAP)/ES-Thap11-ChIP-Seq(GSE51522)/Homer,RACTACAACTCCCAGVAKGC,1.00E+00,-3.16E-02,1,5,1.65%,953.4,3.24%
HEB(bHLH)/mES-Heb-ChIP-Seq(GSE53233)/Homer,VCAGCTGBNN,1.00E+00,-3.11E-02,1,77,25.41%,8856.4,30.14%
Myf5(bHLH)/GM-Myf5-ChIP-Seq(GSE24852)/Homer,BAACAGCTGT,1.00E+00,-2.96E-02,1,25,8.25%,3362.2,11.44%
Srebp1a(bHLH)/HepG2-Srebp1a-ChIP-Seq(GSE31477)/Homer,RTCACSCCAY,1.00E+00,-2.85E-02,1,4,1.32%,828.3,2.82%
Sox9(HMG)/Limb-SOX9-ChIP-Seq(GSE73225)/Homer,AGGVNCCTTTGT,1.00E+00,-2.73E-02,1,25,8.25%,3382.9,11.51%
PBX1(Homeobox)/MCF7-PBX1-ChIP-Seq(GSE28007)/Homer,GSCTGTCACTCA,1.00E+00,-2.68E-02,1,2,0.66%,531.3,1.81%
ETV4(ETS)/HepG2-ETV4-ChIP-Seq(ENCODE)/Homer,ACCGGAAGTG,1.00E+00,-2.30E-02,1,78,25.74%,9060.5,30.84%
X-box(HTH)/NPC-H3K4me1-ChIP-Seq(GSE16256)/Homer,GGTTGCCATGGCAA,1.00E+00,-2.20E-02,1,4,1.32%,863.4,2.94%
Tcf21(bHLH)/ArterySmoothMuscle-Tcf21-ChIP-Seq(GSE61369)/Homer,NAACAGCTGG,1.00E+00,-2.18E-02,1,35,11.55%,4548.1,15.48%
AMYB(HTH)/Testes-AMYB-ChIP-Seq(GSE44588)/Homer,TGGCAGTTGG,1.00E+00,-1.84E-02,1,54,17.82%,6638.9,22.60%
ETS1(ETS)/Jurkat-ETS1-ChIP-Seq(GSE17954)/Homer,ACAGGAAGTG,1.00E+00,-1.73E-02,1,63,20.79%,7603.6,25.88%
Nur77(NR)/K562-NR4A1-ChIP-Seq(GSE31363)/Homer,TGACCTTTNCNT,1.00E+00,-1.62E-02,1,2,0.66%,587.5,2.00%
MNT(bHLH)/HepG2-MNT-ChIP-Seq(Encode)/Homer,DGCACACGTG,1.00E+00,-1.60E-02,1,26,8.58%,3622.4,12.33%
"GFY-Staf(?,Zf)/Promoter/Homer",RACTACAATTCCCAGAAKGC,1.00E+00,-1.56E-02,1,5,1.65%,1053.7,3.59%
Rfx5(HTH)/GM12878-Rfx5-ChIP-Seq(GSE31477)/Homer,SCCTAGCAACAG,1.00E+00,-1.14E-02,1,11,3.63%,1904,6.48%
"HNF4a(NR),DR1/HepG2-HNF4a-ChIP-Seq(GSE25021)/Homer",CARRGKBCAAAGTYCA,1.00E+00,-7.57E-03,1,12,3.96%,2101.3,7.15%
E2A(bHLH)/proBcell-E2A-ChIP-Seq(GSE21978)/Homer,DNRCAGCTGY,1.00E+00,-7.39E-03,1,56,18.48%,7107.8,24.19%
ZNF652/HepG2-ZNF652.Flag-ChIP-Seq(Encode)/Homer,TTAACCCTTTVNKKN,1.00E+00,-6.80E-03,1,4,1.32%,1015.5,3.46%
GABPA(ETS)/Jurkat-GABPa-ChIP-Seq(GSE17954)/Homer,RACCGGAAGT,1.00E+00,-6.66E-03,1,58,19.14%,7348,25.01%
YY1(Zf)/Promoter/Homer,CAAGATGGCGGC,1.00E+00,-3.69E-03,1,2,0.66%,748.6,2.55%
RFX(HTH)/K562-RFX3-ChIP-Seq(SRA012198)/Homer,CGGTTGCCATGGCAAC,1.00E+00,-3.13E-03,1,3,0.99%,946.4,3.22%
Elk1(ETS)/Hela-Elk1-ChIP-Seq(GSE31477)/Homer,HACTTCCGGY,1.00E+00,-2.72E-03,1,45,14.85%,6165.2,20.98%
Rfx2(HTH)/LoVo-RFX2-ChIP-Seq(GSE49402)/Homer,GTTGCCATGGCAACM,1.00E+00,-2.45E-03,1,3,0.99%,974.7,3.32%
NPAS2(bHLH)/Liver-NPAS2-ChIP-Seq(GSE39860)/Homer,KCCACGTGAC,1.00E+00,-2.06E-03,1,27,8.91%,4176.2,14.21%
Srebp2(bHLH)/HepG2-Srebp2-ChIP-Seq(GSE31477)/Homer,CGGTCACSCCAC,1.00E+00,-1.79E-03,1,1,0.33%,609.1,2.07%
Max(bHLH)/K562-Max-ChIP-Seq(GSE31477)/Homer,RCCACGTGGYYN,1.00E+00,-1.64E-03,1,14,4.62%,2615.9,8.90%
ELF1(ETS)/Jurkat-ELF1-ChIP-Seq(SRA014231)/Homer,AVCCGGAAGT,1.00E+00,-6.60E-04,1,39,12.87%,5799.8,19.74%
Elk4(ETS)/Hela-Elk4-ChIP-Seq(GSE31477)/Homer,NRYTTCCGGY,1.00E+00,-4.00E-04,1,41,13.53%,6129.5,20.86%
NRF1(NRF)/MCF7-NRF1-ChIP-Seq(Unpublished)/Homer,CTGCGCATGCGC,1.00E+00,-3.70E-05,1,8,2.64%,2302.3,7.84%
ETS(ETS)/Promoter/Homer,AACCGGAAGT,1.00E+00,-3.00E-06,1,18,5.94%,4080.6,13.89%
NRF(NRF)/Promoter/Homer,STGCGCATGCGC,1.00E+00,-1.00E-06,1,6,1.98%,2468.1,8.40%
"OCT:OCT(POU,Homeobox)/NPC-Brn1-ChIP-Seq(GSE35496)/Homer",ATGAATATTCATGAG,1.00E+00,0.00E+00,1,0,0.00%,32.1,0.11%
ZFP3(Zf)/HEK293-ZFP3.GFP-ChIP-Seq(GSE58341)/Homer,GGGTTTTGAAGGATGARTAGGAGTT,1.00E+00,0.00E+00,1,0,0.00%,1.2,0.00%
DUX(Homeobox)/C2C12-Dux-ChIP-Seq(GSE87279)/Homer,BCWGATTCAATCAAN,1.00E+00,0.00E+00,1,0,0.00%,15.7,0.05%
ZNF528(Zf)/HEK293-ZNF528.GFP-ChIP-Seq(GSE58341)/Homer,AGAAATGACTTCCCT,1.00E+00,0.00E+00,1,0,0.00%,20.5,0.07%
"Pax7(Paired,Homeobox),longest/Myoblast-Pax7-ChIP-Seq(GSE25064)/Homer",NTAATTDGCYAATTANNWWD,1.00E+00,0.00E+00,1,0,0.00%,35.1,0.12%
ZNF16(Zf)/HEK293-ZNF16.GFP-ChIP-Seq(GSE58341)/Homer,MACCTTCYATGGCTCCCTAKTGCCY,1.00E+00,0.00E+00,1,0,0.00%,35.4,0.12%
CTCF-SatelliteElement(Zf?)/CD4+-CTCF-ChIP-Seq(Barski_et_al.)/Homer,TGCAGTTCCMVNWRTGGCCA,1.00E+00,0.00E+00,1,0,0.00%,56.4,0.19%
ZNF41(Zf)/HEK293-ZNF41.GFP-ChIP-Seq(GSE58341)/Homer,CCTCATGGTGYCYTWYTCCCTTGTG,1.00E+00,0.00E+00,1,0,0.00%,102.1,0.35%
REST-NRSF(Zf)/Jurkat-NRSF-ChIP-Seq/Homer,GGMGCTGTCCATGGTGCTGA,1.00E+00,0.00E+00,1,0,0.00%,54.1,0.18%
"NF1:FOXA1(CTF,Forkhead)/LNCAP-FOXA1-ChIP-Seq(GSE27824)/Homer",WNTGTTTRYTTTGGCA,1.00E+00,0.00E+00,1,0,0.00%,180.7,0.61%
ZKSCAN1(Zf)/HepG2-ZKSCAN1-ChIP-Seq(Encode)/Homer,GCACAYAGTAGGKCY,1.00E+00,0.00E+00,1,0,0.00%,94.5,0.32%
"OCT:OCT(POU,Homeobox,IR1)/NPC-Brn2-ChIP-Seq(GSE35496)/Homer",ATGAATWATTCATGA,1.00E+00,0.00E+00,1,0,0.00%,49,0.17%
GFX(?)/Promoter/Homer,ATTCTCGCGAGA,1.00E+00,0.00E+00,1,0,0.00%,323.1,1.10%
DUX4(Homeobox)/Myoblasts-DUX4.V5-ChIP-Seq(GSE75791)/Homer,NWTAAYCYAATCAWN,1.00E+00,0.00E+00,1,0,0.00%,91,0.31%